case_id,target_speaker,best_db,latest_db,delta_db,best_confused,latest_confused
3536-8226-0026_1673-143397-0009:0,3536,13.22325611114502,14.136906623840332,0.9136505126953125,False,False
3536-8226-0026_1673-143397-0009:1,1673,10.026114463806152,10.390898704528809,0.36478424072265625,False,False
2412-153948-0008_777-126732-0053:0,2412,14.881513595581055,14.933096885681152,0.051583290100097656,False,False
2412-153948-0008_777-126732-0053:1,777,13.288371086120605,13.783312797546387,0.49494171142578125,False,False
8842-302201-0000_3576-138058-0011:0,8842,14.097986221313477,14.09627914428711,-0.0017070770263671875,False,False
8842-302201-0000_3576-138058-0011:1,3576,17.568376541137695,17.238306045532227,-0.33007049560546875,False,False
8842-302203-0002_5338-284437-0018:0,8842,-21.32085609436035,-28.53999900817871,-7.219142913818359,True,True
8842-302203-0002_5338-284437-0018:1,5338,15.836904525756836,15.877544403076172,0.04063987731933594,False,False
2412-153948-0002_7850-111771-0009:0,2412,10.39055347442627,9.492993354797363,-0.8975601196289062,False,False
2412-153948-0002_7850-111771-0009:1,7850,7.499083518981934,1.465898036956787,-6.0331854820251465,False,False
2277-149874-0020_3576-138058-0036:0,2277,15.267391204833984,15.280778884887695,0.013387680053710938,False,False
2277-149874-0020_3576-138058-0036:1,3576,5.134460926055908,-11.258188247680664,-16.392649173736572,False,False
2428-83705-0034_1919-142785-0034:0,2428,15.78057861328125,15.592470169067383,-0.1881084442138672,False,False
2428-83705-0034_1919-142785-0034:1,1919,13.26865005493164,13.311664581298828,0.0430145263671875,False,False
3081-166546-0046_5338-284437-0009:0,3081,9.320499420166016,8.851318359375,-0.4691810607910156,False,False
3081-166546-0046_5338-284437-0009:1,5338,8.419461250305176,8.424337387084961,0.004876136779785156,False,False
3752-4944-0000_5694-64025-0004:0,3752,12.118585586547852,11.714300155639648,-0.4042854309082031,False,False
3752-4944-0000_5694-64025-0004:1,5694,0.7432000637054443,5.499194145202637,4.755994081497192,False,False
1462-170138-0023_6295-64301-0030:0,1462,13.553518295288086,13.378314971923828,-0.1752033233642578,False,False
1462-170138-0023_6295-64301-0030:1,6295,17.454246520996094,17.450435638427734,-0.003810882568359375,False,False
3576-138058-0030_2277-149897-0002:0,3576,15.471149444580078,15.500005722045898,0.028856277465820312,False,False
3576-138058-0030_2277-149897-0002:1,2277,16.88768768310547,16.937641143798828,0.049953460693359375,False,False
7976-110523-0005_2035-152373-0010:0,7976,10.788562774658203,10.728594779968262,-0.059967994689941406,False,False
7976-110523-0005_2035-152373-0010:1,2035,11.768147468566895,11.845742225646973,0.07759475708007812,False,False
3576-138058-0002_2803-154320-0004:0,3576,14.702672958374023,14.788867950439453,0.08619499206542969,False,False
3576-138058-0002_2803-154320-0004:1,2803,17.205738067626953,17.35507583618164,0.1493377685546875,False,False
2035-152373-0004_1919-142785-0018:0,2035,15.080073356628418,15.484121322631836,0.40404796600341797,False,False
2035-152373-0004_1919-142785-0018:1,1919,13.521803855895996,15.314873695373535,1.793069839477539,False,False
3000-15664-0015_5694-64025-0010:0,3000,10.086811065673828,10.069515228271484,-0.01729583740234375,False,False
3000-15664-0015_5694-64025-0010:1,5694,13.194755554199219,13.255758285522461,0.06100273132324219,False,False
6313-66125-0027_2078-142845-0028:0,6313,12.629581451416016,12.588335037231445,-0.04124641418457031,False,False
6313-66125-0027_2078-142845-0028:1,2078,14.575926780700684,14.34678840637207,-0.22913837432861328,False,False
2035-147961-0011_1993-147966-0006:0,2035,12.526187896728516,12.648412704467773,0.12222480773925781,False,False
2035-147961-0011_1993-147966-0006:1,1993,13.08052921295166,12.704618453979492,-0.37591075897216797,False,False
2277-149874-0001_3081-166546-0065:0,2277,7.702947616577148,7.078653335571289,-0.6242942810058594,False,False
2277-149874-0001_3081-166546-0065:1,3081,14.062210083007812,13.648702621459961,-0.41350746154785156,False,False
6295-244435-0005_1919-142785-0007:0,6295,17.862071990966797,17.692485809326172,-0.169586181640625,False,False
6295-244435-0005_1919-142785-0007:1,1919,17.230640411376953,17.119007110595703,-0.11163330078125,False,False
1993-147149-0004_5694-64029-0022:0,1993,12.939406394958496,13.873224258422852,0.9338178634643555,False,False
1993-147149-0004_5694-64029-0022:1,5694,13.670952796936035,13.980342864990234,0.3093900680541992,False,False
1993-147964-0010_7850-281318-0019:0,1993,14.929145812988281,14.713239669799805,-0.21590614318847656,False,False
1993-147964-0010_7850-281318-0019:1,7850,10.230968475341797,10.085163116455078,-0.14580535888671875,False,False
5895-34629-0027_6319-275224-0015:0,5895,15.937164306640625,16.06053924560547,0.12337493896484375,False,False
5895-34629-0027_6319-275224-0015:1,6319,20.2653865814209,20.409955978393555,0.14456939697265625,False,False
3000-15664-0001_6313-66129-0003:0,3000,16.678913116455078,16.74756622314453,0.06865310668945312,False,False
3000-15664-0001_6313-66129-0003:1,6313,15.773782730102539,15.75071907043457,-0.02306365966796875,False,False
2035-147961-0000_1988-147956-0016:0,2035,-9.099198341369629,-1.1694077253341675,7.929790616035461,True,False
2035-147961-0000_1988-147956-0016:1,1988,13.422938346862793,12.109274864196777,-1.3136634826660156,False,False
2428-83699-0000_3081-166546-0066:0,2428,8.865962982177734,7.867324352264404,-0.9986386299133301,False,False
2428-83699-0000_3081-166546-0066:1,3081,9.271103858947754,8.833778381347656,-0.43732547760009766,False,False
84-121550-0012_6319-64726-0002:0,84,16.51856231689453,16.66642189025879,0.1478595733642578,False,False
84-121550-0012_6319-64726-0002:1,6319,12.60775375366211,13.265861511230469,0.6581077575683594,False,False
1919-142785-0042_3081-166546-0038:0,1919,4.045686721801758,5.320667266845703,1.2749805450439453,False,False
1919-142785-0042_3081-166546-0038:1,3081,5.275482177734375,11.138191223144531,5.862709045410156,False,False
2803-161169-0007_7976-110523-0020:0,2803,15.115011215209961,15.077484130859375,-0.03752708435058594,False,False
2803-161169-0007_7976-110523-0020:1,7976,18.430309295654297,18.601551055908203,0.17124176025390625,False,False
1993-147149-0023_2035-147960-0007:0,1993,17.095458984375,17.067689895629883,-0.027769088745117188,False,False
1993-147149-0023_2035-147960-0007:1,2035,14.954261779785156,13.467750549316406,-1.48651123046875,False,False
3853-163249-0009_2277-149897-0025:0,3853,-26.93238639831543,-25.969911575317383,0.9624748229980469,True,True
3853-163249-0009_2277-149897-0025:1,2277,-21.43155860900879,-15.742496490478516,5.689062118530273,True,True
7976-110124-0016_3000-15664-0041:0,7976,13.204681396484375,13.007774353027344,-0.19690704345703125,False,False
7976-110124-0016_3000-15664-0041:1,3000,15.93571662902832,15.994915008544922,0.05919837951660156,False,False
2078-142845-0051_3000-15664-0033:0,2078,10.504831314086914,11.161314964294434,0.6564836502075195,False,False
2078-142845-0051_3000-15664-0033:1,3000,12.902897834777832,13.875858306884766,0.9729604721069336,False,False
6319-64726-0012_2428-83705-0023:0,6319,8.508515357971191,8.553521156311035,0.04500579833984375,False,False
6319-64726-0012_2428-83705-0023:1,2428,14.36663818359375,14.451812744140625,0.085174560546875,False,False
1462-170145-0006_2902-9008-0007:0,1462,4.098208904266357,3.562385082244873,-0.5358238220214844,False,False
1462-170145-0006_2902-9008-0007:1,2902,5.119604110717773,5.276796340942383,0.15719223022460938,False,False
1919-142785-0019_8297-275155-0020:0,1919,14.169885635375977,14.363201141357422,0.1933155059814453,False,False
1919-142785-0019_8297-275155-0020:1,8297,10.57651424407959,10.811948776245117,0.23543453216552734,False,False
5694-64025-0019_1272-141231-0009:0,5694,11.693648338317871,11.564274787902832,-0.12937355041503906,False,False
5694-64025-0019_1272-141231-0009:1,1272,12.256295204162598,12.310382843017578,0.05408763885498047,False,False
8842-302203-0011_1919-142785-0044:0,8842,20.54213523864746,20.288951873779297,-0.25318336486816406,False,False
8842-302203-0011_1919-142785-0044:1,1919,13.626030921936035,13.571845054626465,-0.05418586730957031,False,False
2902-9008-0011_5338-284437-0021:0,2902,13.257410049438477,13.085063934326172,-0.1723461151123047,False,False
2902-9008-0011_5338-284437-0021:1,5338,15.982073783874512,15.963638305664062,-0.01843547821044922,False,False
3536-23268-0013_6313-66125-0025:0,3536,12.885982513427734,13.235830307006836,0.34984779357910156,False,False
3536-23268-0013_6313-66125-0025:1,6313,10.257692337036133,10.423086166381836,0.16539382934570312,False,False
7976-110523-0007_2277-149896-0023:0,7976,10.180540084838867,11.995262145996094,1.8147220611572266,False,False
7976-110523-0007_2277-149896-0023:1,2277,-25.085309982299805,-25.426298141479492,-0.3409881591796875,True,True
2277-149897-0019_1993-147964-0001:0,2277,14.688438415527344,14.704883575439453,0.016445159912109375,False,False
2277-149897-0019_1993-147964-0001:1,1993,16.50680160522461,16.342388153076172,-0.1644134521484375,False,False
2078-142845-0020_251-118436-0020:0,2078,14.212194442749023,12.837047576904297,-1.3751468658447266,False,False
2078-142845-0020_251-118436-0020:1,251,12.475807189941406,12.978353500366211,0.5025463104248047,False,False
5536-43359-0012_5895-34622-0014:0,5536,16.20338249206543,16.059741973876953,-0.14364051818847656,False,False
5536-43359-0012_5895-34622-0014:1,5895,16.826217651367188,16.7740421295166,-0.05217552185058594,False,False
3536-23268-0028_6313-76958-0007:0,3536,13.871923446655273,13.382735252380371,-0.48918819427490234,False,False
3536-23268-0028_6313-76958-0007:1,6313,15.332876205444336,15.215215682983398,-0.1176605224609375,False,False
3000-15664-0027_3170-137482-0046:0,3000,9.445978164672852,9.639750480651855,0.1937723159790039,False,False
3000-15664-0027_3170-137482-0046:1,3170,11.03110122680664,11.013195991516113,-0.017905235290527344,False,False
5694-64038-0003_2428-83705-0029:0,5694,13.219879150390625,13.671356201171875,0.45147705078125,False,False
5694-64038-0003_2428-83705-0029:1,2428,14.348682403564453,14.814522743225098,0.46584033966064453,False,False
5536-43358-0000_8297-275155-0032:0,5536,13.606328010559082,13.54089069366455,-0.06543731689453125,False,False
5536-43358-0000_8297-275155-0032:1,8297,10.70945930480957,10.76119613647461,0.05173683166503906,False,False
5895-34615-0019_652-129742-0011:0,5895,14.933756828308105,14.90411376953125,-0.02964305877685547,False,False
5895-34615-0019_652-129742-0011:1,652,12.71548080444336,12.72389030456543,0.008409500122070312,False,False
652-129742-0007_2428-83705-0000:0,652,10.22203540802002,10.056751251220703,-0.1652841567993164,False,False
652-129742-0007_2428-83705-0000:1,2428,13.998104095458984,13.939804077148438,-0.058300018310546875,False,False
3081-166546-0034_6313-66129-0012:0,3081,7.80783748626709,8.414898872375488,0.6070613861083984,False,False
3081-166546-0034_6313-66129-0012:1,6313,11.279470443725586,12.366226196289062,1.0867557525634766,False,False
1988-147956-0000_5338-284437-0008:0,1988,13.178922653198242,13.317801475524902,0.13887882232666016,False,False
1988-147956-0000_5338-284437-0008:1,5338,14.936807632446289,14.831869125366211,-0.10493850708007812,False,False
2803-154328-0000_652-130737-0009:0,2803,4.486302375793457,5.13553524017334,0.6492328643798828,False,False
2803-154328-0000_652-130737-0009:1,652,11.819887161254883,11.965810775756836,0.14592361450195312,False,False
2035-147961-0025_8297-275156-0010:0,2035,17.132404327392578,17.214279174804688,0.08187484741210938,False,False
2035-147961-0025_8297-275156-0010:1,8297,13.99599838256836,13.879072189331055,-0.11692619323730469,False,False
5895-34629-0012_5338-284437-0019:0,5895,16.17719268798828,16.075212478637695,-0.10198020935058594,False,False
5895-34629-0012_5338-284437-0019:1,5338,15.698508262634277,15.557769775390625,-0.14073848724365234,False,False
2035-147960-0011_5694-64029-0029:0,2035,13.910841941833496,13.862751007080078,-0.04809093475341797,False,False
2035-147960-0011_5694-64029-0029:1,5694,15.500953674316406,15.580814361572266,0.07986068725585938,False,False
6241-66616-0012_2803-154328-0003:0,6241,12.400686264038086,13.099678039550781,0.6989917755126953,False,False
6241-66616-0012_2803-154328-0003:1,2803,7.981098175048828,8.00568675994873,0.024588584899902344,False,False
3170-137482-0018_1272-141231-0023:0,3170,12.944854736328125,13.027042388916016,0.08218765258789062,False,False
3170-137482-0018_1272-141231-0023:1,1272,9.774307250976562,9.093006134033203,-0.6813011169433594,False,False
6345-93302-0012_5536-43358-0012:0,6345,15.954272270202637,15.8335599899292,-0.1207122802734375,False,False
6345-93302-0012_5536-43358-0012:1,5536,14.165234565734863,14.211660385131836,0.046425819396972656,False,False
1919-142785-0041_1988-147956-0010:0,1919,12.441688537597656,12.61785888671875,0.17617034912109375,False,False
1919-142785-0041_1988-147956-0010:1,1988,13.102466583251953,13.268735885620117,0.16626930236816406,False,False
84-121550-0019_6345-93302-0018:0,84,12.591660499572754,9.045202255249023,-3.5464582443237305,False,False
84-121550-0019_6345-93302-0018:1,6345,13.658357620239258,13.504920959472656,-0.15343666076660156,False,False
7850-73752-0009_6295-64301-0009:0,7850,10.77599048614502,6.9054059982299805,-3.870584487915039,False,False
7850-73752-0009_6295-64301-0009:1,6295,13.031984329223633,11.598986625671387,-1.432997703552246,False,False
174-50561-0000_5895-34622-0022:0,174,12.688823699951172,13.038654327392578,0.34983062744140625,False,False
174-50561-0000_5895-34622-0022:1,5895,12.979339599609375,13.168745040893555,0.1894054412841797,False,False
6313-66129-0018_5895-34622-0005:0,6313,12.229757308959961,12.349444389343262,0.11968708038330078,False,False
6313-66129-0018_5895-34622-0005:1,5895,10.217529296875,-2.192133665084839,-12.409662961959839,False,False
2277-149874-0007_5536-43363-0002:0,2277,15.801385879516602,15.821615219116211,0.020229339599609375,False,False
2277-149874-0007_5536-43363-0002:1,5536,14.898802757263184,14.879942893981934,-0.01885986328125,False,False
6295-64301-0010_5338-24615-0009:0,6295,11.655984878540039,11.804805755615234,0.1488208770751953,False,False
6295-64301-0010_5338-24615-0009:1,5338,15.547457695007324,15.445323944091797,-0.10213375091552734,False,False
2035-152373-0009_3000-15664-0016:0,2035,17.665281295776367,17.75324249267578,0.08796119689941406,False,False
2035-152373-0009_3000-15664-0016:1,3000,11.614518165588379,11.88913631439209,0.27461814880371094,False,False
777-126732-0037_2803-154328-0009:0,777,15.319639205932617,15.306962013244629,-0.012677192687988281,False,False
777-126732-0037_2803-154328-0009:1,2803,9.391173362731934,9.118461608886719,-0.27271175384521484,False,False
2412-153954-0020_6241-61943-0006:0,2412,12.845623970031738,12.66658878326416,-0.17903518676757812,False,False
2412-153954-0020_6241-61943-0006:1,6241,12.772005081176758,12.9489164352417,0.1769113540649414,False,False
2902-9006-0016_84-121123-0017:0,2902,15.304539680480957,15.18556022644043,-0.11897945404052734,False,False
2902-9006-0016_84-121123-0017:1,84,14.291948318481445,14.33843994140625,0.04649162292480469,False,False
2428-83699-0027_2035-147961-0005:0,2428,14.893105506896973,14.930473327636719,0.037367820739746094,False,False
2428-83699-0027_2035-147961-0005:1,2035,14.751384735107422,14.886964797973633,0.13558006286621094,False,False
6295-64301-0017_3536-8226-0018:0,6295,10.725715637207031,9.86337661743164,-0.8623390197753906,False,False
6295-64301-0017_3536-8226-0018:1,3536,10.898714065551758,11.254801750183105,0.35608768463134766,False,False
2086-149220-0047_7850-281318-0010:0,2086,16.67772102355957,16.940277099609375,0.2625560760498047,False,False
2086-149220-0047_7850-281318-0010:1,7850,15.059062957763672,15.053800582885742,-0.0052623748779296875,False,False
3752-4943-0009_2277-149896-0025:0,3752,15.77843952178955,15.970664024353027,0.19222450256347656,False,False
3752-4943-0009_2277-149896-0025:1,2277,15.87282943725586,15.872467041015625,-0.000362396240234375,False,False
777-126732-0050_1993-147149-0014:0,777,15.334531784057617,15.469058990478516,0.13452720642089844,False,False
777-126732-0050_1993-147149-0014:1,1993,12.45533275604248,12.518974304199219,0.06364154815673828,False,False
3000-15664-0002_5694-64025-0023:0,3000,7.929773330688477,7.405173301696777,-0.5246000289916992,False,False
3000-15664-0002_5694-64025-0023:1,5694,8.832999229431152,11.988600730895996,3.1556015014648438,False,False
3170-137482-0007_422-122949-0015:0,3170,1.9500935077667236,-1.626894474029541,-3.5769879817962646,False,True
3170-137482-0007_422-122949-0015:1,422,7.800482749938965,8.003490447998047,0.20300769805908203,False,False
6345-64257-0006_422-122949-0019:0,6345,14.787959098815918,14.861052513122559,0.07309341430664062,False,False
6345-64257-0006_422-122949-0019:1,422,11.93663215637207,11.907825469970703,-0.028806686401367188,False,False
3853-163249-0035_7976-110523-0008:0,3853,18.92689323425293,18.9042911529541,-0.022602081298828125,False,False
3853-163249-0035_7976-110523-0008:1,7976,14.010997772216797,13.965085983276367,-0.04591178894042969,False,False
7850-281318-0006_2428-83699-0034:0,7850,15.750999450683594,15.744658470153809,-0.006340980529785156,False,False
7850-281318-0006_2428-83699-0034:1,2428,12.237112045288086,12.287820816040039,0.050708770751953125,False,False
1462-170138-0021_2277-149874-0009:0,1462,11.114105224609375,10.83558464050293,-0.2785205841064453,False,False
1462-170138-0021_2277-149874-0009:1,2277,15.50681209564209,14.984782218933105,-0.5220298767089844,False,False
422-122949-0033_3000-15664-0021:0,422,13.634522438049316,13.115073204040527,-0.5194492340087891,False,False
422-122949-0033_3000-15664-0021:1,3000,10.520263671875,10.641895294189453,0.12163162231445312,False,False
422-122949-0004_777-126732-0056:0,422,7.816532611846924,4.479559898376465,-3.336972713470459,False,False
422-122949-0004_777-126732-0056:1,777,10.871174812316895,10.913294792175293,0.04211997985839844,False,False
174-84280-0001_7976-105575-0008:0,174,10.515108108520508,10.255226135253906,-0.25988197326660156,False,False
174-84280-0001_7976-105575-0008:1,7976,9.407532691955566,9.55034065246582,0.1428079605102539,False,False
777-126732-0012_7850-281318-0023:0,777,15.834816932678223,15.175628662109375,-0.6591882705688477,False,False
777-126732-0012_7850-281318-0023:1,7850,12.922829627990723,13.202993392944336,0.2801637649536133,False,False
6241-66616-0014_652-130726-0013:0,6241,-0.8899366855621338,-12.889431953430176,-11.999495267868042,False,True
6241-66616-0014_652-130726-0013:1,652,10.936515808105469,11.547183990478516,0.6106681823730469,False,False
6241-66616-0019_3752-4944-0018:0,6241,3.2849228382110596,4.005810260772705,0.7208874225616455,False,False
6241-66616-0019_3752-4944-0018:1,3752,4.256739139556885,4.292692184448242,0.03595304489135742,False,False
6295-64301-0006_2428-83705-0042:0,6295,14.858139991760254,14.944008827209473,0.08586883544921875,False,False
6295-64301-0006_2428-83705-0042:1,2428,15.914252281188965,15.826325416564941,-0.08792686462402344,False,False
6295-64301-0028_5536-43358-0005:0,6295,11.66336441040039,11.776873588562012,0.1135091781616211,False,False
6295-64301-0028_5536-43358-0005:1,5536,13.519118309020996,13.483866691589355,-0.035251617431640625,False,False
8297-275155-0019_1462-170145-0007:0,8297,18.74256706237793,18.870882034301758,0.12831497192382812,False,False
8297-275155-0019_1462-170145-0007:1,1462,15.31710433959961,15.32720947265625,0.010105133056640625,False,False
3170-137482-0040_2428-83699-0025:0,3170,11.08203125,11.206123352050781,0.12409210205078125,False,False
3170-137482-0040_2428-83699-0025:1,2428,17.572423934936523,17.860971450805664,0.2885475158691406,False,False
3081-166546-0044_7850-286674-0009:0,3081,10.375783920288086,9.663257598876953,-0.7125263214111328,False,False
3081-166546-0044_7850-286674-0009:1,7850,10.034899711608887,10.33500862121582,0.3001089096069336,False,False
1673-143397-0010_3853-163249-0000:0,1673,9.377862930297852,9.927669525146484,0.5498065948486328,False,False
1673-143397-0010_3853-163249-0000:1,3853,-22.102169036865234,-22.482742309570312,-0.3805732727050781,True,True
3081-166546-0009_1988-24833-0004:0,3081,16.316049575805664,15.942522048950195,-0.37352752685546875,False,False
3081-166546-0009_1988-24833-0004:1,1988,12.046149253845215,12.3175630569458,0.27141380310058594,False,False
2428-83705-0013_7976-105575-0003:0,2428,13.31562614440918,13.229528427124023,-0.08609771728515625,False,False
2428-83705-0013_7976-105575-0003:1,7976,15.727058410644531,15.700630187988281,-0.02642822265625,False,False
1993-147149-0017_652-130726-0029:0,1993,13.202342987060547,13.115280151367188,-0.08706283569335938,False,False
1993-147149-0017_652-130726-0029:1,652,15.841763496398926,16.089763641357422,0.2480001449584961,False,False
2277-149874-0002_2412-153947-0014:0,2277,9.158828735351562,3.5944600105285645,-5.564368724822998,False,False
2277-149874-0002_2412-153947-0014:1,2412,11.040958404541016,10.845551490783691,-0.19540691375732422,False,False
84-121550-0011_2078-142845-0004:0,84,15.094598770141602,15.057125091552734,-0.03747367858886719,False,False
84-121550-0011_2078-142845-0004:1,2078,14.455068588256836,14.638267517089844,0.1831989288330078,False,False
2086-149220-0019_5694-64038-0010:0,2086,9.320911407470703,9.47652816772461,0.15561676025390625,False,False
2086-149220-0019_5694-64038-0010:1,5694,11.548922538757324,11.693986892700195,0.1450643539428711,False,False
84-121123-0028_1272-135031-0006:0,84,15.265655517578125,15.321423530578613,0.05576801300048828,False,False
84-121123-0028_1272-135031-0006:1,1272,9.907334327697754,10.041913986206055,0.13457965850830078,False,False
6295-244435-0012_6345-93306-0004:0,6295,13.336413383483887,13.422019004821777,0.08560562133789062,False,False
6295-244435-0012_6345-93306-0004:1,6345,18.930551528930664,19.170557022094727,0.2400054931640625,False,False
251-136532-0023_1993-147965-0006:0,251,15.604898452758789,15.707820892333984,0.10292243957519531,False,False
251-136532-0023_1993-147965-0006:1,1993,14.738710403442383,14.731142044067383,-0.007568359375,False,False
2428-83705-0025_6241-66616-0001:0,2428,13.002021789550781,12.83298110961914,-0.16904067993164062,False,False
2428-83705-0025_6241-66616-0001:1,6241,-24.161100387573242,-23.23992347717285,0.9211769104003906,True,True
2078-142845-0017_6295-244435-0019:0,2078,10.981176376342773,10.597865104675293,-0.38331127166748047,False,False
2078-142845-0017_6295-244435-0019:1,6295,9.140029907226562,9.272531509399414,0.13250160217285156,False,False
3081-166546-0086_8842-302201-0005:0,3081,5.7517781257629395,6.058890342712402,0.3071122169494629,False,False
3081-166546-0086_8842-302201-0005:1,8842,10.062437057495117,10.526632308959961,0.46419525146484375,False,False
777-126732-0075_5338-284437-0012:0,777,16.496978759765625,16.547636032104492,0.05065727233886719,False,False
777-126732-0075_5338-284437-0012:1,5338,17.709583282470703,17.528812408447266,-0.1807708740234375,False,False
422-122949-0034_6313-76958-0027:0,422,14.863215446472168,14.616196632385254,-0.24701881408691406,False,False
422-122949-0034_6313-76958-0027:1,6313,18.342817306518555,18.230154037475586,-0.11266326904296875,False,False
5338-284437-0020_1988-148538-0008:0,5338,9.793394088745117,9.576848983764648,-0.21654510498046875,False,False
5338-284437-0020_1988-148538-0008:1,1988,12.881479263305664,10.066974639892578,-2.814504623413086,False,False
84-121123-0023_6241-61943-0018:0,84,12.284296035766602,12.318740844726562,0.03444480895996094,False,False
84-121123-0023_6241-61943-0018:1,6241,18.642501831054688,18.651371002197266,0.008869171142578125,False,False
3853-163249-0056_1993-147964-0005:0,3853,14.397668838500977,14.41171646118164,0.014047622680664062,False,False
3853-163249-0056_1993-147964-0005:1,1993,10.1570463180542,10.094977378845215,-0.062068939208984375,False,False
7850-286674-0003_1462-170138-0012:0,7850,-20.181293487548828,-18.478944778442383,1.7023487091064453,True,True
7850-286674-0003_1462-170138-0012:1,1462,10.507094383239746,11.111529350280762,0.6044349670410156,False,False
1919-142785-0057_1993-147149-0028:0,1919,7.593467712402344,6.948687553405762,-0.644780158996582,False,False
1919-142785-0057_1993-147149-0028:1,1993,10.811820030212402,11.580185890197754,0.7683658599853516,False,False
5536-43358-0015_7976-105575-0004:0,5536,14.764843940734863,14.704337120056152,-0.06050682067871094,False,False
5536-43358-0015_7976-105575-0004:1,7976,12.824013710021973,12.641237258911133,-0.18277645111083984,False,False
5895-34615-0004_3752-4943-0028:0,5895,16.446378707885742,16.432411193847656,-0.013967514038085938,False,False
5895-34615-0004_3752-4943-0028:1,3752,14.689772605895996,14.748801231384277,0.05902862548828125,False,False
2428-83705-0041_174-168635-0014:0,2428,5.7590155601501465,1.9712634086608887,-3.787752151489258,False,False
2428-83705-0041_174-168635-0014:1,174,8.691162109375,11.304533004760742,2.613370895385742,False,False
6319-64726-0016_2412-153954-0001:0,6319,15.16774845123291,14.941254615783691,-0.22649383544921875,False,False
6319-64726-0016_2412-153954-0001:1,2412,13.365236282348633,13.473048210144043,0.10781192779541016,False,False
5338-24615-0008_2035-152373-0006:0,5338,16.998455047607422,16.53921890258789,-0.45923614501953125,False,False
5338-24615-0008_2035-152373-0006:1,2035,13.864104270935059,13.871542930603027,0.00743865966796875,False,False
3853-163249-0012_6295-244435-0013:0,3853,15.540982246398926,15.494383811950684,-0.04659843444824219,False,False
3853-163249-0012_6295-244435-0013:1,6295,12.894076347351074,13.213652610778809,0.3195762634277344,False,False
5338-284437-0001_3000-15664-0018:0,5338,17.588088989257812,17.39601707458496,-0.19207191467285156,False,False
5338-284437-0001_3000-15664-0018:1,3000,12.42186450958252,12.706496238708496,0.28463172912597656,False,False
2078-142845-0038_6313-66129-0015:0,2078,15.072227478027344,15.60906982421875,0.5368423461914062,False,False
2078-142845-0038_6313-66129-0015:1,6313,14.722295761108398,14.778350830078125,0.05605506896972656,False,False
6295-64301-0015_3752-4944-0027:0,6295,8.106866836547852,9.33565902709961,1.2287921905517578,False,False
6295-64301-0015_3752-4944-0027:1,3752,9.37710952758789,9.186583518981934,-0.19052600860595703,False,False
6241-61943-0008_5338-24615-0011:0,6241,13.022790908813477,12.97584342956543,-0.046947479248046875,False,False
6241-61943-0008_5338-24615-0011:1,5338,17.0214900970459,17.068065643310547,0.04657554626464844,False,False
2412-153947-0001_3081-166546-0061:0,2412,5.728890895843506,4.288076877593994,-1.4408140182495117,False,False
2412-153947-0001_3081-166546-0061:1,3081,4.533280849456787,4.196192741394043,-0.33708810806274414,False,False
2277-149897-0035_8297-275156-0001:0,2277,18.16777992248535,18.21794891357422,0.05016899108886719,False,False
2277-149897-0035_8297-275156-0001:1,8297,16.922565460205078,16.909893035888672,-0.01267242431640625,False,False
6319-64726-0003_1988-24833-0011:0,6319,13.755108833312988,13.877938270568848,0.12282943725585938,False,False
6319-64726-0003_1988-24833-0011:1,1988,12.776674270629883,13.21962833404541,0.44295406341552734,False,False
7850-281318-0021_6313-76958-0026:0,7850,15.325079917907715,15.287483215332031,-0.037596702575683594,False,False
7850-281318-0021_6313-76958-0026:1,6313,11.766019821166992,11.203869819641113,-0.5621500015258789,False,False
6313-66129-0024_1988-148538-0012:0,6313,15.00182819366455,15.203091621398926,0.201263427734375,False,False
6313-66129-0024_1988-148538-0012:1,1988,-28.528125762939453,-28.660877227783203,-0.13275146484375,True,True
3170-137482-0008_5694-64029-0024:0,3170,7.430675506591797,7.493695259094238,0.0630197525024414,False,False
3170-137482-0008_5694-64029-0024:1,5694,9.764982223510742,10.679361343383789,0.9143791198730469,False,False
652-130726-0011_1673-143397-0012:0,652,17.12723159790039,16.724416732788086,-0.4028148651123047,False,False
652-130726-0011_1673-143397-0012:1,1673,10.5133056640625,10.560848236083984,0.047542572021484375,False,False
6241-61946-0013_84-121550-0013:0,6241,11.438822746276855,11.322670936584473,-0.11615180969238281,False,False
6241-61946-0013_84-121550-0013:1,84,15.652502059936523,15.55582046508789,-0.09668159484863281,False,False
251-118436-0008_3536-8226-0008:0,251,18.049795150756836,18.02317237854004,-0.026622772216796875,False,False
251-118436-0008_3536-8226-0008:1,3536,16.56344223022461,16.504222869873047,-0.0592193603515625,False,False
3752-4944-0002_652-130726-0015:0,3752,14.924112319946289,15.062355041503906,0.1382427215576172,False,False
3752-4944-0002_652-130726-0015:1,652,8.796630859375,8.380797386169434,-0.4158334732055664,False,False
7850-73752-0002_8297-275154-0010:0,7850,15.606646537780762,15.426872253417969,-0.17977428436279297,False,False
7850-73752-0002_8297-275154-0010:1,8297,12.07485580444336,11.895282745361328,-0.17957305908203125,False,False
6241-61943-0023_1993-147149-0001:0,6241,19.87470054626465,19.813232421875,-0.06146812438964844,False,False
6241-61943-0023_1993-147149-0001:1,1993,10.721025466918945,10.667167663574219,-0.05385780334472656,False,False
8842-302203-0004_84-121550-0022:0,8842,11.775138854980469,11.759819030761719,-0.01531982421875,False,False
8842-302203-0004_84-121550-0022:1,84,15.694008827209473,17.224979400634766,1.530970573425293,False,False
2428-83705-0016_3536-8226-0000:0,2428,14.50493049621582,14.549253463745117,0.044322967529296875,False,False
2428-83705-0016_3536-8226-0000:1,3536,12.361940383911133,12.421804428100586,0.059864044189453125,False,False
1919-142785-0032_8297-275156-0009:0,1919,14.512129783630371,14.429572105407715,-0.08255767822265625,False,False
1919-142785-0032_8297-275156-0009:1,8297,15.710855484008789,15.475014686584473,-0.2358407974243164,False,False
1993-147149-0010_5536-43358-0002:0,1993,16.356664657592773,16.357852935791016,0.0011882781982421875,False,False
1993-147149-0010_5536-43358-0002:1,5536,10.827628135681152,10.679163932800293,-0.14846420288085938,False,False
84-121550-0017_652-129742-0009:0,84,12.146315574645996,12.31734561920166,0.17103004455566406,False,False
84-121550-0017_652-129742-0009:1,652,15.898155212402344,15.890674591064453,-0.007480621337890625,False,False
2277-149896-0026_3752-4943-0010:0,2277,16.98271942138672,16.876537322998047,-0.10618209838867188,False,False
2277-149896-0026_3752-4943-0010:1,3752,14.07786750793457,14.033367156982422,-0.04450035095214844,False,False
1462-170142-0011_6241-61946-0009:0,1462,15.844339370727539,16.127412796020508,0.28307342529296875,False,False
1462-170142-0011_6241-61946-0009:1,6241,14.751222610473633,14.893503189086914,0.14228057861328125,False,False
3000-15664-0025_1993-147964-0008:0,3000,13.440040588378906,13.480351448059082,0.04031085968017578,False,False
3000-15664-0025_1993-147964-0008:1,1993,13.622102737426758,13.646478652954102,0.02437591552734375,False,False
7976-110124-0008_3536-8226-0010:0,7976,17.9385986328125,17.7239933013916,-0.21460533142089844,False,False
7976-110124-0008_3536-8226-0010:1,3536,5.780714988708496,6.726140022277832,0.9454250335693359,False,False
3536-8226-0020_251-137823-0020:0,3536,8.66038703918457,12.029064178466797,3.3686771392822266,False,False
3536-8226-0020_251-137823-0020:1,251,17.79828643798828,17.082836151123047,-0.7154502868652344,False,False
6241-61943-0010_1988-147956-0017:0,6241,12.997398376464844,12.881771087646484,-0.11562728881835938,False,False
6241-61943-0010_1988-147956-0017:1,1988,12.38908576965332,12.37943172454834,-0.009654045104980469,False,False
1462-170142-0008_5895-34629-0001:0,1462,11.422417640686035,10.892513275146484,-0.5299043655395508,False,False
1462-170142-0008_5895-34629-0001:1,5895,13.626587867736816,13.78821849822998,0.16163063049316406,False,False
1919-142785-0061_3752-4943-0012:0,1919,8.481826782226562,13.39544677734375,4.9136199951171875,False,False
1919-142785-0061_3752-4943-0012:1,3752,14.32984733581543,14.351341247558594,0.021493911743164062,False,False
8297-275155-0018_2035-147961-0020:0,8297,17.008398056030273,17.086509704589844,0.07811164855957031,False,False
8297-275155-0018_2035-147961-0020:1,2035,13.821908950805664,13.966337203979492,0.14442825317382812,False,False
174-84280-0008_6313-66125-0014:0,174,17.278833389282227,16.827192306518555,-0.4516410827636719,False,False
174-84280-0008_6313-66125-0014:1,6313,11.710212707519531,11.866147994995117,0.15593528747558594,False,False
84-121550-0006_3000-15664-0029:0,84,13.573688507080078,13.529958724975586,-0.04372978210449219,False,False
84-121550-0006_3000-15664-0029:1,3000,19.729766845703125,19.59105682373047,-0.13871002197265625,False,False
3170-137482-0011_3536-23268-0002:0,3170,12.22477912902832,12.238357543945312,0.013578414916992188,False,False
3170-137482-0011_3536-23268-0002:1,3536,16.691743850708008,16.576183319091797,-0.11556053161621094,False,False
251-137823-0018_5536-43359-0014:0,251,13.287951469421387,13.351564407348633,0.0636129379272461,False,False
251-137823-0018_5536-43359-0014:1,5536,13.81884479522705,14.244756698608398,0.42591190338134766,False,False
2086-149220-0025_2035-152373-0012:0,2086,17.76840591430664,17.66566276550293,-0.10274314880371094,False,False
2086-149220-0025_2035-152373-0012:1,2035,14.325133323669434,14.356955528259277,0.03182220458984375,False,False
3170-137482-0041_3536-8226-0015:0,3170,17.328031539916992,17.50322151184082,0.17518997192382812,False,False
3170-137482-0041_3536-8226-0015:1,3536,15.665295600891113,15.737427711486816,0.07213211059570312,False,False
1462-170138-0017_5694-64029-0005:0,1462,12.627031326293945,12.671277046203613,0.04424571990966797,False,False
1462-170138-0017_5694-64029-0005:1,5694,10.324542999267578,10.510659217834473,0.18611621856689453,False,False
174-50561-0013_7850-73752-0008:0,174,10.269739151000977,10.554986953735352,0.285247802734375,False,False
174-50561-0013_7850-73752-0008:1,7850,14.396230697631836,14.480393409729004,0.08416271209716797,False,False
777-126732-0030_2428-83699-0006:0,777,13.356608390808105,13.568944931030273,0.21233654022216797,False,False
777-126732-0030_2428-83699-0006:1,2428,9.353521347045898,9.34442138671875,-0.009099960327148438,False,False
7850-73752-0004_1919-142785-0055:0,7850,15.84004020690918,16.399877548217773,0.5598373413085938,False,False
7850-73752-0004_1919-142785-0055:1,1919,11.885598182678223,12.052380561828613,0.16678237915039062,False,False
1988-148538-0002_3576-138058-0015:0,1988,12.659270286560059,13.841056823730469,1.1817865371704102,False,False
1988-148538-0002_3576-138058-0015:1,3576,8.333307266235352,7.294897079467773,-1.0384101867675781,False,False
5694-64029-0032_2035-147960-0002:0,5694,12.158536911010742,12.106952667236328,-0.05158424377441406,False,False
5694-64029-0032_2035-147960-0002:1,2035,17.866893768310547,17.653724670410156,-0.21316909790039062,False,False
6313-76958-0024_1272-141231-0031:0,6313,18.92986488342285,18.967426300048828,0.03756141662597656,False,False
6313-76958-0024_1272-141231-0031:1,1272,15.366104125976562,15.398332595825195,0.03222846984863281,False,False
2078-142845-0006_3170-137482-0023:0,2078,12.947737693786621,13.07752513885498,0.12978744506835938,False,False
2078-142845-0006_3170-137482-0023:1,3170,12.602481842041016,12.783559799194336,0.1810779571533203,False,False
5536-43359-0000_174-168635-0020:0,5536,15.179780960083008,15.186820983886719,0.0070400238037109375,False,False
5536-43359-0000_174-168635-0020:1,174,1.5882090330123901,3.8641529083251953,2.275943875312805,False,False
1272-141231-0022_84-121123-0002:0,1272,14.154434204101562,13.785398483276367,-0.3690357208251953,False,False
1272-141231-0022_84-121123-0002:1,84,14.123743057250977,14.194442749023438,0.07069969177246094,False,False
5694-64029-0013_5895-34615-0021:0,5694,15.12936019897461,15.169635772705078,0.04027557373046875,False,False
5694-64029-0013_5895-34615-0021:1,5895,18.585662841796875,18.53546905517578,-0.05019378662109375,False,False
2277-149897-0009_652-130726-0006:0,2277,14.941307067871094,14.736776351928711,-0.2045307159423828,False,False
2277-149897-0009_652-130726-0006:1,652,15.48968505859375,15.552430152893066,0.0627450942993164,False,False
3536-8226-0019_251-118436-0004:0,3536,18.945789337158203,18.984512329101562,0.038722991943359375,False,False
3536-8226-0019_251-118436-0004:1,251,15.73318099975586,15.735841751098633,0.0026607513427734375,False,False
2035-152373-0008_2078-142845-0015:0,2035,12.988882064819336,12.88937759399414,-0.09950447082519531,False,False
2035-152373-0008_2078-142845-0015:1,2078,15.585160255432129,15.467925071716309,-0.11723518371582031,False,False
2035-152373-0014_1673-143397-0019:0,2035,12.163945198059082,10.083990097045898,-2.0799551010131836,False,False
2035-152373-0014_1673-143397-0019:1,1673,11.501551628112793,14.597733497619629,3.096181869506836,False,False
5694-64025-0005_1462-170142-0013:0,5694,13.56650161743164,13.611370086669922,0.04486846923828125,False,False
5694-64025-0005_1462-170142-0013:1,1462,17.420059204101562,17.32256317138672,-0.09749603271484375,False,False
1462-170145-0016_1272-128104-0011:0,1462,14.921602249145508,14.946805000305176,0.02520275115966797,False,False
1462-170145-0016_1272-128104-0011:1,1272,12.475767135620117,12.565455436706543,0.08968830108642578,False,False
3170-137482-0019_2428-83699-0005:0,3170,14.843454360961914,15.112699508666992,0.2692451477050781,False,False
3170-137482-0019_2428-83699-0005:1,2428,10.27277946472168,10.336185455322266,0.06340599060058594,False,False
3170-137482-0009_84-121123-0003:0,3170,14.076693534851074,14.117538452148438,0.04084491729736328,False,False
3170-137482-0009_84-121123-0003:1,84,15.479677200317383,15.54787826538086,0.06820106506347656,False,False
1272-141231-0006_5694-64025-0016:0,1272,15.79434871673584,15.72839641571045,-0.06595230102539062,False,False
1272-141231-0006_5694-64025-0016:1,5694,10.153923988342285,8.074153900146484,-2.079770088195801,False,False
3170-137482-0003_5536-43359-0002:0,3170,12.54758071899414,12.542793273925781,-0.004787445068359375,False,False
3170-137482-0003_5536-43359-0002:1,5536,13.738441467285156,13.768524169921875,0.03008270263671875,False,False
1988-148538-0001_2428-83699-0003:0,1988,13.114988327026367,13.087784767150879,-0.02720355987548828,False,False
1988-148538-0001_2428-83699-0003:1,2428,13.565420150756836,13.586291313171387,0.02087116241455078,False,False
2412-153954-0005_3081-166546-0058:0,2412,10.599453926086426,10.598410606384277,-0.0010433197021484375,False,False
2412-153954-0005_3081-166546-0058:1,3081,15.237922668457031,14.139913558959961,-1.0980091094970703,False,False
3853-163249-0042_422-122949-0000:0,3853,13.649317741394043,13.816690444946289,0.1673727035522461,False,False
3853-163249-0042_422-122949-0000:1,422,14.54107666015625,14.519530296325684,-0.021546363830566406,False,False
3170-137482-0004_8297-275155-0013:0,3170,-1.119288444519043,0.1634812355041504,1.2827696800231934,False,False
3170-137482-0004_8297-275155-0013:1,8297,-3.080185890197754,-2.8403186798095703,0.2398672103881836,True,True
2086-149220-0024_3576-138058-0026:0,2086,14.219209671020508,14.2435302734375,0.024320602416992188,False,False
2086-149220-0024_3576-138058-0026:1,3576,17.290828704833984,17.457921981811523,0.16709327697753906,False,False
3536-23268-0010_1919-142785-0009:0,3536,12.522115707397461,12.452677726745605,-0.06943798065185547,False,False
3536-23268-0010_1919-142785-0009:1,1919,13.116912841796875,9.911733627319336,-3.205179214477539,False,False
2078-142845-0010_2803-154320-0005:0,2078,11.273460388183594,10.645313262939453,-0.6281471252441406,False,False
2078-142845-0010_2803-154320-0005:1,2803,13.56585693359375,13.322105407714844,-0.24375152587890625,False,False
1919-142785-0051_3752-4944-0059:0,1919,15.597169876098633,15.509929656982422,-0.08724021911621094,False,False
1919-142785-0051_3752-4944-0059:1,3752,11.052444458007812,10.973800659179688,-0.078643798828125,False,False
1673-143397-0004_2086-149220-0015:0,1673,16.53765106201172,16.472230911254883,-0.06542015075683594,False,False
1673-143397-0004_2086-149220-0015:1,2086,11.136152267456055,10.895095825195312,-0.2410564422607422,False,False
777-126732-0061_1462-170142-0022:0,777,14.950475692749023,14.96004867553711,0.009572982788085938,False,False
777-126732-0061_1462-170142-0022:1,1462,13.532923698425293,13.424756050109863,-0.10816764831542969,False,False
3576-138058-0000_6295-244435-0025:0,3576,11.736416816711426,10.918800354003906,-0.8176164627075195,False,False
3576-138058-0000_6295-244435-0025:1,6295,14.174607276916504,14.481432914733887,0.3068256378173828,False,False
1272-141231-0024_3576-138058-0027:0,1272,17.81369400024414,17.696748733520508,-0.11694526672363281,False,False
1272-141231-0024_3576-138058-0027:1,3576,14.602230072021484,14.761865615844727,0.1596355438232422,False,False
6319-64726-0001_6241-61943-0027:0,6319,10.590690612792969,10.930374145507812,0.33968353271484375,False,False
6319-64726-0001_6241-61943-0027:1,6241,15.66892147064209,15.770974159240723,0.10205268859863281,False,False
2035-147960-0010_7976-110124-0004:0,2035,9.532357215881348,9.150038719177246,-0.38231849670410156,False,False
2035-147960-0010_7976-110124-0004:1,7976,10.234535217285156,9.917882919311523,-0.3166522979736328,False,False
3536-23268-0009_251-137823-0010:0,3536,15.690518379211426,15.550009727478027,-0.14050865173339844,False,False
3536-23268-0009_251-137823-0010:1,251,17.988603591918945,18.12735939025879,0.13875579833984375,False,False
6319-275224-0006_652-130726-0024:0,6319,11.860925674438477,11.813247680664062,-0.04767799377441406,False,False
6319-275224-0006_652-130726-0024:1,652,14.658905029296875,14.31694507598877,-0.34195995330810547,False,False
7976-105575-0007_5536-43359-0011:0,7976,15.277589797973633,15.257759094238281,-0.019830703735351562,False,False
7976-105575-0007_5536-43359-0011:1,5536,12.499251365661621,12.558985710144043,0.059734344482421875,False,False
5536-43358-0009_2902-9008-0006:0,5536,13.26247787475586,13.312667846679688,0.050189971923828125,False,False
5536-43358-0009_2902-9008-0006:1,2902,16.969133377075195,17.534709930419922,0.5655765533447266,False,False
6241-61943-0011_174-50561-0001:0,6241,12.45102310180664,11.905818939208984,-0.5452041625976562,False,False
6241-61943-0011_174-50561-0001:1,174,-1.6833629608154297,0.5701489448547363,2.253511905670166,False,False
3170-137482-0028_3081-166546-0037:0,3170,11.889601707458496,11.746999740600586,-0.14260196685791016,False,False
3170-137482-0028_3081-166546-0037:1,3081,3.4039878845214844,3.043761730194092,-0.3602261543273926,False,False
652-130737-0006_5895-34629-0022:0,652,11.448031425476074,11.407535552978516,-0.040495872497558594,False,False
652-130737-0006_5895-34629-0022:1,5895,14.363914489746094,14.505529403686523,0.1416149139404297,False,False
7976-105575-0014_251-137823-0011:0,7976,15.633894920349121,15.778958320617676,0.1450634002685547,False,False
7976-105575-0014_251-137823-0011:1,251,16.586999893188477,16.613332748413086,0.026332855224609375,False,False
6313-76958-0005_5694-64025-0015:0,6313,12.328255653381348,12.366032600402832,0.037776947021484375,False,False
6313-76958-0005_5694-64025-0015:1,5694,15.40639877319336,15.422845840454102,0.016447067260742188,False,False
652-129742-0000_1993-147966-0004:0,652,15.10722827911377,15.009663581848145,-0.097564697265625,False,False
652-129742-0000_1993-147966-0004:1,1993,16.720752716064453,16.64323616027832,-0.07751655578613281,False,False
1673-143396-0012_8297-275155-0022:0,1673,14.902973175048828,14.968889236450195,0.06591606140136719,False,False
1673-143396-0012_8297-275155-0022:1,8297,15.253432273864746,15.319581985473633,0.06614971160888672,False,False
422-122949-0021_2803-154328-0021:0,422,-10.443013191223145,-9.413671493530273,1.029341697692871,True,True
422-122949-0021_2803-154328-0021:1,2803,9.440452575683594,9.124136924743652,-0.3163156509399414,False,False
652-130726-0028_84-121550-0002:0,652,15.442037582397461,15.154241561889648,-0.2877960205078125,False,False
652-130726-0028_84-121550-0002:1,84,10.686786651611328,10.825042724609375,0.13825607299804688,False,False
3853-163249-0026_6313-66129-0035:0,3853,-22.100175857543945,-19.754919052124023,2.345256805419922,True,True
3853-163249-0026_6313-66129-0035:1,6313,12.123058319091797,11.905625343322754,-0.21743297576904297,False,False
7976-105575-0011_6241-61943-0000:0,7976,15.592674255371094,15.867744445800781,0.2750701904296875,False,False
7976-105575-0011_6241-61943-0000:1,6241,12.427233695983887,12.603835105895996,0.17660140991210938,False,False
1272-141231-0021_8297-275155-0002:0,1272,7.822491645812988,7.909100532531738,0.08660888671875,False,False
1272-141231-0021_8297-275155-0002:1,8297,11.210208892822266,11.412238121032715,0.20202922821044922,False,False
2277-149897-0003_3853-163249-0029:0,2277,9.889337539672852,9.501449584960938,-0.38788795471191406,False,False
2277-149897-0003_3853-163249-0029:1,3853,14.778999328613281,15.149333953857422,0.3703346252441406,False,False
2086-149220-0018_2078-142845-0035:0,2086,17.421783447265625,17.624773025512695,0.2029895782470703,False,False
2086-149220-0018_2078-142845-0035:1,2078,13.90648365020752,9.208882331848145,-4.697601318359375,False,False
1988-24833-0003_6345-64257-0016:0,1988,11.259008407592773,10.340396881103516,-0.9186115264892578,False,False
1988-24833-0003_6345-64257-0016:1,6345,7.4599385261535645,7.702211856842041,0.24227333068847656,False,False
422-122949-0007_2078-142845-0043:0,422,10.931195259094238,10.85278606414795,-0.07840919494628906,False,False
422-122949-0007_2078-142845-0043:1,2078,13.195404052734375,13.176525115966797,-0.018878936767578125,False,False
1993-147964-0009_2277-149897-0000:0,1993,-2.256566286087036,-6.464468002319336,-4.2079017162323,True,True
1993-147964-0009_2277-149897-0000:1,2277,1.8744239807128906,4.642932415008545,2.7685084342956543,False,False
3081-166546-0069_6295-244435-0026:0,3081,9.20704460144043,9.172769546508789,-0.034275054931640625,False,False
3081-166546-0069_6295-244435-0026:1,6295,11.683910369873047,11.619504928588867,-0.06440544128417969,False,False
8842-302196-0004_2035-152373-0001:0,8842,-19.07835578918457,-11.88300895690918,7.195346832275391,True,True
8842-302196-0004_2035-152373-0001:1,2035,11.891243934631348,11.90824031829834,0.016996383666992188,False,False
6319-275224-0016_7976-105575-0006:0,6319,14.29607105255127,13.992135047912598,-0.3039360046386719,False,False
6319-275224-0016_7976-105575-0006:1,7976,13.456323623657227,13.801334381103516,0.34501075744628906,False,False
1919-142785-0049_1272-141231-0000:0,1919,14.05643367767334,14.098077774047852,0.04164409637451172,False,False
1919-142785-0049_1272-141231-0000:1,1272,14.594335556030273,15.073765754699707,0.4794301986694336,False,False
6313-66129-0010_3576-138058-0028:0,6313,14.930932998657227,14.75473403930664,-0.17619895935058594,False,False
6313-66129-0010_3576-138058-0028:1,3576,14.319488525390625,14.244413375854492,-0.07507514953613281,False,False
2277-149897-0006_652-130726-0004:0,2277,17.210819244384766,17.310794830322266,0.0999755859375,False,False
2277-149897-0006_652-130726-0004:1,652,12.576946258544922,12.693887710571289,0.11694145202636719,False,False
5694-64038-0014_3576-138058-0033:0,5694,11.573553085327148,11.646295547485352,0.07274246215820312,False,False
5694-64038-0014_3576-138058-0033:1,3576,17.10089111328125,17.2056884765625,0.10479736328125,False,False
6345-93302-0029_2078-142845-0040:0,6345,15.405031204223633,15.496950149536133,0.0919189453125,False,False
6345-93302-0029_2078-142845-0040:1,2078,17.040300369262695,17.321632385253906,0.28133201599121094,False,False
3000-15664-0032_2803-154320-0010:0,3000,7.418941497802734,6.562587738037109,-0.856353759765625,False,False
3000-15664-0032_2803-154320-0010:1,2803,12.18362808227539,11.817961692810059,-0.36566638946533203,False,False
3853-163249-0039_7850-281318-0008:0,3853,13.524683952331543,13.646880149841309,0.12219619750976562,False,False
3853-163249-0039_7850-281318-0008:1,7850,7.492757797241211,6.161979675292969,-1.3307781219482422,False,False
6313-66125-0016_2412-153948-0007:0,6313,12.585521697998047,12.544224739074707,-0.041296958923339844,False,False
6313-66125-0016_2412-153948-0007:1,2412,11.833131790161133,12.007455825805664,0.17432403564453125,False,False
6295-244435-0004_3081-166546-0030:0,6295,5.304157733917236,4.576518535614014,-0.7276391983032227,False,False
6295-244435-0004_3081-166546-0030:1,3081,4.612633228302002,4.635303020477295,0.02266979217529297,False,False
1988-24833-0007_174-50561-0019:0,1988,17.022445678710938,17.156841278076172,0.13439559936523438,False,False
1988-24833-0007_174-50561-0019:1,174,14.04888916015625,14.849411010742188,0.8005218505859375,False,False
1919-142785-0004_2277-149874-0016:0,1919,-8.415356636047363,-18.83833122253418,-10.422974586486816,True,True
1919-142785-0004_2277-149874-0016:1,2277,14.388111114501953,14.409790992736816,0.02167987823486328,False,False
1673-143396-0001_6313-66129-0008:0,1673,8.805374145507812,6.424080848693848,-2.381293296813965,False,False
1673-143396-0001_6313-66129-0008:1,6313,-12.206348419189453,-5.712090969085693,6.49425745010376,True,True
3576-138058-0019_84-121550-0009:0,3576,7.243024826049805,7.416533470153809,0.1735086441040039,False,False
3576-138058-0019_84-121550-0009:1,84,9.77501106262207,10.871786117553711,1.0967750549316406,False,False
3853-163249-0038_6241-61946-0022:0,3853,12.498050689697266,12.684449195861816,0.18639850616455078,False,False
3853-163249-0038_6241-61946-0022:1,6241,11.798558235168457,12.28842544555664,0.4898672103881836,False,False
1993-147964-0006_777-126732-0008:0,1993,14.1795654296875,14.228924751281738,0.04935932159423828,False,False
1993-147964-0006_777-126732-0008:1,777,14.634028434753418,14.623100280761719,-0.010928153991699219,False,False
6295-244435-0000_5338-284437-0017:0,6295,18.141199111938477,18.211536407470703,0.07033729553222656,False,False
6295-244435-0000_5338-284437-0017:1,5338,15.776103019714355,15.820511817932129,0.04440879821777344,False,False
5338-284437-0010_2277-149896-0005:0,5338,18.723804473876953,18.611282348632812,-0.11252212524414062,False,False
5338-284437-0010_2277-149896-0005:1,2277,14.827253341674805,15.546466827392578,0.7192134857177734,False,False
1272-135031-0024_3576-138058-0008:0,1272,12.325675964355469,12.441179275512695,0.11550331115722656,False,False
1272-135031-0024_3576-138058-0008:1,3576,16.703392028808594,16.780315399169922,0.07692337036132812,False,False
5338-24615-0006_6319-64726-0015:0,5338,11.737977027893066,12.295658111572266,0.5576810836791992,False,False
5338-24615-0006_6319-64726-0015:1,6319,11.340216636657715,11.037271499633789,-0.3029451370239258,False,False
6241-61946-0011_2428-83705-0004:0,6241,14.088615417480469,14.20573902130127,0.11712360382080078,False,False
6241-61946-0011_2428-83705-0004:1,2428,14.270171165466309,14.17404556274414,-0.09612560272216797,False,False
5536-43363-0003_2277-149897-0007:0,5536,14.511406898498535,14.649700164794922,0.13829326629638672,False,False
5536-43363-0003_2277-149897-0007:1,2277,14.475894927978516,14.369671821594238,-0.10622310638427734,False,False
6295-64301-0003_3536-8226-0028:0,6295,11.696592330932617,11.737753868103027,0.041161537170410156,False,False
6295-64301-0003_3536-8226-0028:1,3536,3.203369617462158,2.961212635040283,-0.242156982421875,False,False
1919-142785-0030_3752-4944-0034:0,1919,20.427196502685547,20.524946212768555,0.09774971008300781,False,False
1919-142785-0030_3752-4944-0034:1,3752,13.472010612487793,13.45583438873291,-0.016176223754882812,False,False
6241-61946-0007_7976-110124-0001:0,6241,14.499686241149902,14.539167404174805,0.039481163024902344,False,False
6241-61946-0007_7976-110124-0001:1,7976,14.66218376159668,14.68319320678711,0.021009445190429688,False,False
2428-83705-0038_1462-170142-0010:0,2428,18.670108795166016,18.88581085205078,0.21570205688476562,False,False
2428-83705-0038_1462-170142-0010:1,1462,13.66206169128418,13.842327117919922,0.1802654266357422,False,False
652-130726-0012_251-118436-0014:0,652,12.76514720916748,12.83489990234375,0.06975269317626953,False,False
652-130726-0012_251-118436-0014:1,251,11.355735778808594,11.60954475402832,0.25380897521972656,False,False
5536-43363-0004_7976-110124-0013:0,5536,15.047779083251953,15.108208656311035,0.06042957305908203,False,False
5536-43363-0004_7976-110124-0013:1,7976,15.777997970581055,15.770757675170898,-0.00724029541015625,False,False
3000-15664-0024_1988-24833-0001:0,3000,12.845131874084473,12.689903259277344,-0.1552286148071289,False,False
3000-15664-0024_1988-24833-0001:1,1988,9.754268646240234,9.327573776245117,-0.4266948699951172,False,False
8842-304647-0010_3752-4943-0018:0,8842,13.626138687133789,13.565217971801758,-0.06092071533203125,False,False
8842-304647-0010_3752-4943-0018:1,3752,16.031665802001953,15.841554641723633,-0.1901111602783203,False,False
6313-66125-0011_84-121550-0029:0,6313,15.371747970581055,15.392711639404297,0.020963668823242188,False,False
6313-66125-0011_84-121550-0029:1,84,20.289958953857422,20.346027374267578,0.05606842041015625,False,False
5895-34622-0011_6241-61946-0006:0,5895,12.931342124938965,12.800634384155273,-0.1307077407836914,False,False
5895-34622-0011_6241-61946-0006:1,6241,14.414167404174805,14.44609260559082,0.031925201416015625,False,False
2277-149896-0006_2412-153954-0017:0,2277,10.924514770507812,11.129403114318848,0.20488834381103516,False,False
2277-149896-0006_2412-153954-0017:1,2412,10.976411819458008,11.070012092590332,0.09360027313232422,False,False
7850-111771-0003_1988-147956-0012:0,7850,13.867681503295898,14.168628692626953,0.3009471893310547,False,False
7850-111771-0003_1988-147956-0012:1,1988,10.39660358428955,10.48920726776123,0.09260368347167969,False,False
2412-153954-0004_1462-170142-0019:0,2412,13.608647346496582,13.459036827087402,-0.1496105194091797,False,False
2412-153954-0004_1462-170142-0019:1,1462,16.85642433166504,16.974201202392578,0.11777687072753906,False,False
652-129742-0015_6345-64257-0002:0,652,12.915563583374023,12.887859344482422,-0.027704238891601562,False,False
652-129742-0015_6345-64257-0002:1,6345,12.81322193145752,12.73127555847168,-0.08194637298583984,False,False
3853-163249-0052_1988-147956-0027:0,3853,11.644956588745117,11.006244659423828,-0.6387119293212891,False,False
3853-163249-0052_1988-147956-0027:1,1988,14.516462326049805,13.572454452514648,-0.9440078735351562,False,False
3536-23268-0007_422-122949-0016:0,3536,15.640408515930176,15.854471206665039,0.21406269073486328,False,False
3536-23268-0007_422-122949-0016:1,422,9.391303062438965,9.505988121032715,0.11468505859375,False,False
1993-147149-0012_2412-153954-0006:0,1993,10.90405559539795,10.756891250610352,-0.14716434478759766,False,False
1993-147149-0012_2412-153954-0006:1,2412,15.781035423278809,15.537875175476074,-0.24316024780273438,False,False
2277-149897-0012_777-126732-0063:0,2277,13.932068824768066,13.898917198181152,-0.03315162658691406,False,False
2277-149897-0012_777-126732-0063:1,777,15.857869148254395,15.871525764465332,0.0136566162109375,False,False
3000-15664-0028_2035-152373-0013:0,3000,16.192609786987305,16.345125198364258,0.15251541137695312,False,False
3000-15664-0028_2035-152373-0013:1,2035,16.217422485351562,16.18141746520996,-0.03600502014160156,False,False
1673-143396-0017_777-126732-0027:0,1673,13.850044250488281,13.90079116821289,0.050746917724609375,False,False
1673-143396-0017_777-126732-0027:1,777,11.918723106384277,12.001293182373047,0.08257007598876953,False,False
6241-61943-0024_8297-275155-0023:0,6241,10.402946472167969,9.754213333129883,-0.6487331390380859,False,False
6241-61943-0024_8297-275155-0023:1,8297,10.130126953125,8.886150360107422,-1.2439765930175781,False,False
777-126732-0057_1462-170145-0000:0,777,16.107532501220703,16.033275604248047,-0.07425689697265625,False,False
777-126732-0057_1462-170145-0000:1,1462,13.016746520996094,13.008525848388672,-0.008220672607421875,False,False
777-126732-0028_84-121550-0015:0,777,14.169214248657227,14.128039360046387,-0.041174888610839844,False,False
777-126732-0028_84-121550-0015:1,84,14.399994850158691,14.584418296813965,0.18442344665527344,False,False
7976-110523-0002_5338-284437-0015:0,7976,11.993799209594727,11.669196128845215,-0.3246030807495117,False,False
7976-110523-0002_5338-284437-0015:1,5338,14.9517822265625,15.081046104431152,0.12926387786865234,False,False
652-130737-0002_3000-15664-0037:0,652,12.552734375,12.897697448730469,0.34496307373046875,False,False
652-130737-0002_3000-15664-0037:1,3000,9.402925491333008,9.300691604614258,-0.10223388671875,False,False
5895-34622-0019_2277-149897-0021:0,5895,9.884590148925781,11.323481559753418,1.4388914108276367,False,False
5895-34622-0019_2277-149897-0021:1,2277,4.504598140716553,9.521245956420898,5.016647815704346,False,False
2035-147961-0029_5536-43358-0007:0,2035,14.042807579040527,13.820672988891602,-0.22213459014892578,False,False
2035-147961-0029_5536-43358-0007:1,5536,12.966178894042969,12.91793441772461,-0.048244476318359375,False,False
2035-147960-0001_5694-64029-0027:0,2035,14.686624526977539,14.909821510314941,0.22319698333740234,False,False
2035-147960-0001_5694-64029-0027:1,5694,13.918078422546387,13.438010215759277,-0.4800682067871094,False,False
2277-149896-0013_1988-147956-0024:0,2277,-0.5150188207626343,-29.52841567993164,-29.013396859169006,False,True
2277-149896-0013_1988-147956-0024:1,1988,16.332914352416992,16.593555450439453,0.26064109802246094,False,False
422-122949-0022_1993-147149-0013:0,422,10.013765335083008,10.231606483459473,0.21784114837646484,False,False
422-122949-0022_1993-147149-0013:1,1993,14.310932159423828,14.560686111450195,0.2497539520263672,False,False
6319-275224-0004_7850-111771-0002:0,6319,-3.4861016273498535,-5.702764987945557,-2.216663360595703,False,False
6319-275224-0004_7850-111771-0002:1,7850,10.8987455368042,12.978715896606445,2.079970359802246,False,False
3853-163249-0021_6241-61943-0022:0,3853,12.654375076293945,12.728196144104004,0.0738210678100586,False,False
3853-163249-0021_6241-61943-0022:1,6241,15.53770923614502,15.499116897583008,-0.03859233856201172,False,False
1673-143396-0015_3170-137482-0035:0,1673,17.250904083251953,17.170682907104492,-0.08022117614746094,False,False
1673-143396-0015_3170-137482-0035:1,3170,13.294590950012207,13.292946815490723,-0.001644134521484375,False,False
7976-105575-0028_1919-142785-0001:0,7976,10.457352638244629,12.639300346374512,2.181947708129883,False,False
7976-105575-0028_1919-142785-0001:1,1919,13.6358642578125,13.895164489746094,0.25930023193359375,False,False
5338-284437-0027_6345-93302-0009:0,5338,1.9402278661727905,-20.424442291259766,-22.364670157432556,False,True
5338-284437-0027_6345-93302-0009:1,6345,-15.861437797546387,14.440552711486816,30.301990509033203,True,False
2086-149220-0027_6319-57405-0005:0,2086,16.023710250854492,15.678604125976562,-0.3451061248779297,False,False
2086-149220-0027_6319-57405-0005:1,6319,14.46755313873291,14.350605964660645,-0.11694717407226562,False,False
1462-170145-0004_1988-147956-0008:0,1462,9.207608222961426,9.907042503356934,0.6994342803955078,False,False
1462-170145-0004_1988-147956-0008:1,1988,-17.888813018798828,8.802901268005371,26.6917142868042,True,False
777-126732-0025_3576-138058-0004:0,777,17.180191040039062,17.256498336791992,0.07630729675292969,False,False
777-126732-0025_3576-138058-0004:1,3576,10.94599723815918,10.988780975341797,0.04278373718261719,False,False
251-118436-0007_1272-135031-0019:0,251,9.297133445739746,9.538461685180664,0.24132823944091797,False,False
251-118436-0007_1272-135031-0019:1,1272,14.551763534545898,13.918596267700195,-0.6331672668457031,False,False
5895-34615-0010_2412-153948-0011:0,5895,15.65404987335205,15.582730293273926,-0.071319580078125,False,False
5895-34615-0010_2412-153948-0011:1,2412,11.631942749023438,-1.0441033840179443,-12.676046133041382,False,False
2412-153948-0015_251-137823-0022:0,2412,16.573780059814453,16.47846031188965,-0.09531974792480469,False,False
2412-153948-0015_251-137823-0022:1,251,15.503419876098633,15.424240112304688,-0.07917976379394531,False,False
777-126732-0064_2902-9006-0014:0,777,7.888843536376953,9.127706527709961,1.2388629913330078,False,False
777-126732-0064_2902-9006-0014:1,2902,11.042556762695312,10.658561706542969,-0.38399505615234375,False,False
2035-147961-0023_3170-137482-0032:0,2035,14.398848533630371,14.681567192077637,0.2827186584472656,False,False
2035-147961-0023_3170-137482-0032:1,3170,21.831298828125,21.83606719970703,0.00476837158203125,False,False
2803-154328-0004_2412-153948-0009:0,2803,11.498403549194336,11.511444091796875,0.013040542602539062,False,False
2803-154328-0004_2412-153948-0009:1,2412,16.772016525268555,16.72809600830078,-0.04392051696777344,False,False
1272-141231-0014_8842-302196-0001:0,1272,12.988424301147461,13.842185974121094,0.8537616729736328,False,False
1272-141231-0014_8842-302196-0001:1,8842,8.910122871398926,8.517251014709473,-0.3928718566894531,False,False
777-126732-0022_7850-281318-0011:0,777,16.981834411621094,17.085275650024414,0.10344123840332031,False,False
777-126732-0022_7850-281318-0011:1,7850,11.630813598632812,11.81913948059082,0.1883258819580078,False,False
3536-8226-0031_2428-83705-0007:0,3536,14.38691520690918,14.496001243591309,0.1090860366821289,False,False
3536-8226-0031_2428-83705-0007:1,2428,14.359431266784668,14.699091911315918,0.33966064453125,False,False
1919-142785-0026_3752-4943-0021:0,1919,12.408262252807617,12.826684951782227,0.4184226989746094,False,False
1919-142785-0026_3752-4943-0021:1,3752,14.954366683959961,14.868738174438477,-0.08562850952148438,False,False
2428-83699-0024_84-121550-0020:0,2428,13.576702117919922,13.70521354675293,0.1285114288330078,False,False
2428-83699-0024_84-121550-0020:1,84,18.444374084472656,18.32295799255371,-0.12141609191894531,False,False
2277-149897-0013_8297-275155-0005:0,2277,14.41667652130127,14.594536781311035,0.17786026000976562,False,False
2277-149897-0013_8297-275155-0005:1,8297,12.739004135131836,12.620414733886719,-0.11858940124511719,False,False
6345-93306-0023_652-130726-0017:0,6345,12.243945121765137,12.440218925476074,0.1962738037109375,False,False
6345-93306-0023_652-130726-0017:1,652,15.867670059204102,16.005657196044922,0.1379871368408203,False,False
2803-154328-0017_5536-43363-0012:0,2803,14.560775756835938,14.543785095214844,-0.01699066162109375,False,False
2803-154328-0017_5536-43363-0012:1,5536,11.063663482666016,10.845640182495117,-0.21802330017089844,False,False
3536-8226-0025_2428-83699-0017:0,3536,16.193620681762695,16.17986488342285,-0.01375579833984375,False,False
3536-8226-0025_2428-83699-0017:1,2428,12.961082458496094,13.040548324584961,0.07946586608886719,False,False
2035-147961-0040_6295-244435-0020:0,2035,16.065034866333008,15.983604431152344,-0.08143043518066406,False,False
2035-147961-0040_6295-244435-0020:1,6295,14.6163969039917,14.612704277038574,-0.003692626953125,False,False
8842-302201-0004_3081-166546-0028:0,8842,11.659873008728027,12.152499198913574,0.4926261901855469,False,False
8842-302201-0004_3081-166546-0028:1,3081,4.657433986663818,5.010305404663086,0.3528714179992676,False,False
2428-83705-0018_1988-24833-0009:0,2428,14.274231910705566,14.293252944946289,0.019021034240722656,False,False
2428-83705-0018_1988-24833-0009:1,1988,11.416463851928711,11.788850784301758,0.3723869323730469,False,False
2277-149896-0021_7976-105575-0023:0,2277,18.29898452758789,19.863147735595703,1.5641632080078125,False,False
2277-149896-0021_7976-105575-0023:1,7976,14.06436824798584,14.158207893371582,0.09383964538574219,False,False
2803-154328-0007_1993-147149-0020:0,2803,14.283602714538574,14.107149124145508,-0.1764535903930664,False,False
2803-154328-0007_1993-147149-0020:1,1993,15.507606506347656,15.393573760986328,-0.11403274536132812,False,False
84-121550-0008_5895-34615-0008:0,84,16.250598907470703,16.327150344848633,0.07655143737792969,False,False
84-121550-0008_5895-34615-0008:1,5895,13.518403053283691,13.431714057922363,-0.08668899536132812,False,False
251-136532-0009_5895-34629-0023:0,251,12.192920684814453,13.824996948242188,1.6320762634277344,False,False
251-136532-0009_5895-34629-0023:1,5895,12.704977989196777,12.552935600280762,-0.15204238891601562,False,False
3081-166546-0019_6295-244435-0022:0,3081,8.210038185119629,7.098940372467041,-1.111097812652588,False,False
3081-166546-0019_6295-244435-0022:1,6295,7.571121692657471,7.995913982391357,0.4247922897338867,False,False
2078-142845-0012_1993-147964-0000:0,2078,12.503586769104004,12.804973602294922,0.30138683319091797,False,False
2078-142845-0012_1993-147964-0000:1,1993,11.4877290725708,11.422053337097168,-0.06567573547363281,False,False
3081-166546-0082_174-50561-0008:0,3081,8.337209701538086,8.87558650970459,0.5383768081665039,False,False
3081-166546-0082_174-50561-0008:1,174,5.052078723907471,4.914398193359375,-0.1376805305480957,False,False
7850-73752-0016_5338-24615-0014:0,7850,17.63821029663086,8.272704124450684,-9.365506172180176,False,False
7850-73752-0016_5338-24615-0014:1,5338,13.832935333251953,13.78912353515625,-0.043811798095703125,False,False
3081-166546-0024_2035-147961-0024:0,3081,4.629025936126709,3.4931960105895996,-1.1358299255371094,False,False
3081-166546-0024_2035-147961-0024:1,2035,6.611845016479492,6.29619026184082,-0.3156547546386719,False,False
5536-43363-0007_8842-302201-0003:0,5536,15.180655479431152,15.214983940124512,0.034328460693359375,False,False
5536-43363-0007_8842-302201-0003:1,8842,14.00774097442627,14.078065872192383,0.07032489776611328,False,False
1988-148538-0014_1673-143396-0006:0,1988,14.992115020751953,14.534637451171875,-0.4574775695800781,False,False
1988-148538-0014_1673-143396-0006:1,1673,17.15312957763672,17.18400764465332,0.030878067016601562,False,False
1673-143396-0010_3000-15664-0042:0,1673,18.77710723876953,18.53062629699707,-0.24648094177246094,False,False
1673-143396-0010_3000-15664-0042:1,3000,12.685286521911621,12.676936149597168,-0.008350372314453125,False,False
3170-137482-0017_6313-66129-0025:0,3170,12.979137420654297,13.02211856842041,0.04298114776611328,False,False
3170-137482-0017_6313-66129-0025:1,6313,11.552370071411133,11.634745597839355,0.08237552642822266,False,False
2902-9006-0012_422-122949-0024:0,2902,15.044391632080078,15.38973617553711,0.34534454345703125,False,False
2902-9006-0012_422-122949-0024:1,422,12.051765441894531,12.040984153747559,-0.010781288146972656,False,False
8842-302196-0010_3752-4943-0023:0,8842,18.766000747680664,18.64212417602539,-0.12387657165527344,False,False
8842-302196-0010_3752-4943-0023:1,3752,14.445284843444824,14.353619575500488,-0.09166526794433594,False,False
5694-64025-0003_251-136532-0015:0,5694,12.504533767700195,11.31743049621582,-1.187103271484375,False,False
5694-64025-0003_251-136532-0015:1,251,14.069650650024414,14.976886749267578,0.9072360992431641,False,False
8297-275155-0011_2803-161169-0011:0,8297,-0.4677598476409912,0.3805859088897705,0.8483457565307617,False,False
8297-275155-0011_2803-161169-0011:1,2803,1.8867073059082031,-2.4246275424957275,-4.311334848403931,False,False
5694-64038-0019_6295-244435-0039:0,5694,13.619377136230469,13.648988723754883,0.029611587524414062,False,False
5694-64038-0019_6295-244435-0039:1,6295,10.501314163208008,10.75473403930664,0.2534198760986328,False,False
5694-64025-0022_8842-302196-0002:0,5694,12.642516136169434,13.208771705627441,0.5662555694580078,False,False
5694-64025-0022_8842-302196-0002:1,8842,14.352790832519531,14.751073837280273,0.3982830047607422,False,False
652-130726-0005_6313-66129-0033:0,652,9.201515197753906,8.053540229797363,-1.147974967956543,False,False
652-130726-0005_6313-66129-0033:1,6313,13.727502822875977,13.629241943359375,-0.09826087951660156,False,False
174-168635-0007_8297-275154-0000:0,174,15.41195297241211,15.574676513671875,0.16272354125976562,False,False
174-168635-0007_8297-275154-0000:1,8297,12.53866958618164,12.60146713256836,0.06279754638671875,False,False
8297-275155-0001_251-137823-0013:0,8297,12.087380409240723,10.277195930480957,-1.8101844787597656,False,False
8297-275155-0001_251-137823-0013:1,251,12.256754875183105,12.513389587402344,0.2566347122192383,False,False
652-130726-0003_2277-149897-0026:0,652,14.141321182250977,14.11428451538086,-0.027036666870117188,False,False
652-130726-0003_2277-149897-0026:1,2277,12.869515419006348,12.937005043029785,0.0674896240234375,False,False
251-137823-0006_5895-34629-0028:0,251,15.215065002441406,15.042640686035156,-0.17242431640625,False,False
251-137823-0006_5895-34629-0028:1,5895,17.155757904052734,17.148517608642578,-0.00724029541015625,False,False
1272-128104-0013_7976-110523-0014:0,1272,14.324873924255371,14.31775188446045,-0.007122039794921875,False,False
1272-128104-0013_7976-110523-0014:1,7976,16.65597915649414,16.79145050048828,0.13547134399414062,False,False
3752-4944-0021_1673-143396-0009:0,3752,17.435335159301758,17.4978084564209,0.062473297119140625,False,False
3752-4944-0021_1673-143396-0009:1,1673,16.85823631286621,16.841073989868164,-0.017162322998046875,False,False
2428-83705-0019_1673-143396-0008:0,2428,13.202527046203613,13.106314659118652,-0.09621238708496094,False,False
2428-83705-0019_1673-143396-0008:1,1673,16.491424560546875,16.46099090576172,-0.03043365478515625,False,False
2428-83699-0031_6345-93306-0015:0,2428,19.80331802368164,19.836044311523438,0.032726287841796875,False,False
2428-83699-0031_6345-93306-0015:1,6345,15.657419204711914,15.683588027954102,0.0261688232421875,False,False
3752-4943-0002_174-50561-0016:0,3752,9.011552810668945,9.166410446166992,0.15485763549804688,False,False
3752-4943-0002_174-50561-0016:1,174,12.435928344726562,12.490124702453613,0.05419635772705078,False,False
1673-143397-0006_777-126732-0070:0,1673,12.147482872009277,12.20324993133545,0.055767059326171875,False,False
1673-143397-0006_777-126732-0070:1,777,13.94448471069336,13.922130584716797,-0.0223541259765625,False,False
2902-9006-0013_84-121123-0015:0,2902,14.756166458129883,14.770463943481445,0.0142974853515625,False,False
2902-9006-0013_84-121123-0015:1,84,14.686871528625488,14.724266052246094,0.03739452362060547,False,False
3081-166546-0000_777-126732-0041:0,3081,10.932902336120605,10.429600715637207,-0.5033016204833984,False,False
3081-166546-0000_777-126732-0041:1,777,10.54502010345459,10.728711128234863,0.18369102478027344,False,False
3536-23268-0026_1993-147149-0009:0,3536,15.007996559143066,14.739527702331543,-0.26846885681152344,False,False
3536-23268-0026_1993-147149-0009:1,1993,13.48474407196045,13.677591323852539,0.19284725189208984,False,False
2277-149874-0005_3536-8226-0011:0,2277,-6.189126491546631,-3.9882569313049316,2.200869560241699,True,True
2277-149874-0005_3536-8226-0011:1,3536,9.708440780639648,10.122350692749023,0.413909912109375,False,False
6241-61946-0023_5694-64029-0028:0,6241,11.191493034362793,11.18710994720459,-0.004383087158203125,False,False
6241-61946-0023_5694-64029-0028:1,5694,12.421146392822266,11.000408172607422,-1.4207382202148438,False,False
777-126732-0005_2277-149897-0037:0,777,12.467514038085938,12.516990661621094,0.04947662353515625,False,False
777-126732-0005_2277-149897-0037:1,2277,11.536375999450684,11.45421028137207,-0.08216571807861328,False,False
2803-161169-0003_2035-147960-0016:0,2803,16.758384704589844,16.6964168548584,-0.06196784973144531,False,False
2803-161169-0003_2035-147960-0016:1,2035,14.85316276550293,14.932233810424805,0.079071044921875,False,False
7850-281318-0014_1919-142785-0052:0,7850,14.032816886901855,14.0331392288208,0.0003223419189453125,False,False
7850-281318-0014_1919-142785-0052:1,1919,14.91137409210205,15.175298690795898,0.26392459869384766,False,False
2428-83699-0010_6295-244435-0010:0,2428,10.8909273147583,10.98681640625,0.09588909149169922,False,False
2428-83699-0010_6295-244435-0010:1,6295,5.578923225402832,5.654413223266602,0.07548999786376953,False,False
8297-275156-0008_777-126732-0042:0,8297,8.483762741088867,7.9817399978637695,-0.5020227432250977,False,False
8297-275156-0008_777-126732-0042:1,777,6.620904922485352,6.193434715270996,-0.42747020721435547,False,False
2428-83705-0032_8297-275155-0010:0,2428,14.389039039611816,14.526585578918457,0.13754653930664062,False,False
2428-83705-0032_8297-275155-0010:1,8297,16.137327194213867,16.203506469726562,0.06617927551269531,False,False
7976-105575-0025_6295-244435-0018:0,7976,15.402239799499512,15.483684539794922,0.08144474029541016,False,False
7976-105575-0025_6295-244435-0018:1,6295,12.838617324829102,12.806411743164062,-0.03220558166503906,False,False
6241-66616-0006_3752-4944-0048:0,6241,8.613947868347168,8.418023109436035,-0.1959247589111328,False,False
6241-66616-0006_3752-4944-0048:1,3752,8.244735717773438,6.737500190734863,-1.5072355270385742,False,False
652-129742-0020_6295-64301-0013:0,652,12.343640327453613,12.40266227722168,0.059021949768066406,False,False
652-129742-0020_6295-64301-0013:1,6295,11.76612663269043,10.649129867553711,-1.1169967651367188,False,False
8297-275155-0024_251-118436-0006:0,8297,10.680212020874023,10.851587295532227,0.17137527465820312,False,False
8297-275155-0024_251-118436-0006:1,251,11.435589790344238,11.612496376037598,0.17690658569335938,False,False
7850-73752-0019_8297-275155-0007:0,7850,10.798971176147461,10.84210205078125,0.04313087463378906,False,False
7850-73752-0019_8297-275155-0007:1,8297,15.193902969360352,15.284242630004883,0.09033966064453125,False,False
2086-149220-0001_6241-61946-0001:0,2086,12.018478393554688,11.83719253540039,-0.18128585815429688,False,False
2086-149220-0001_6241-61946-0001:1,6241,14.447766304016113,14.593941688537598,0.14617538452148438,False,False
3000-15664-0046_6345-93302-0002:0,3000,13.978804588317871,14.16903018951416,0.19022560119628906,False,False
3000-15664-0046_6345-93302-0002:1,6345,13.210939407348633,13.398150444030762,0.1872110366821289,False,False
5536-43363-0018_3170-137482-0025:0,5536,9.197906494140625,8.886401176452637,-0.3115053176879883,False,False
5536-43363-0018_3170-137482-0025:1,3170,11.7271728515625,12.057609558105469,0.33043670654296875,False,False
1272-135031-0023_5536-43363-0001:0,1272,10.186346054077148,10.153610229492188,-0.03273582458496094,False,False
1272-135031-0023_5536-43363-0001:1,5536,15.025146484375,15.04637336730957,0.021226882934570312,False,False
2035-152373-0000_7976-105575-0002:0,2035,9.064336776733398,-12.825992584228516,-21.890329360961914,False,True
2035-152373-0000_7976-105575-0002:1,7976,6.771676063537598,9.734809875488281,2.9631338119506836,False,False
652-129742-0001_174-84280-0007:0,652,11.350393295288086,11.814934730529785,0.4645414352416992,False,False
652-129742-0001_174-84280-0007:1,174,10.765657424926758,10.518338203430176,-0.24731922149658203,False,False
2803-154320-0003_3752-4944-0036:0,2803,11.977952003479004,11.903335571289062,-0.0746164321899414,False,False
2803-154320-0003_3752-4944-0036:1,3752,9.46731948852539,9.877636909484863,0.41031742095947266,False,False
3000-15664-0034_3536-23268-0006:0,3000,13.357834815979004,13.513548851013184,0.1557140350341797,False,False
3000-15664-0034_3536-23268-0006:1,3536,11.418067932128906,11.563165664672852,0.1450977325439453,False,False
3000-15664-0020_1919-142785-0035:0,3000,12.312400817871094,12.216747283935547,-0.09565353393554688,False,False
3000-15664-0020_1919-142785-0035:1,1919,15.322956085205078,16.466623306274414,1.143667221069336,False,False
2412-153948-0003_3752-4944-0015:0,2412,12.496625900268555,12.327850341796875,-0.1687755584716797,False,False
2412-153948-0003_3752-4944-0015:1,3752,18.338869094848633,18.238557815551758,-0.100311279296875,False,False
7976-105575-0026_3853-163249-0033:0,7976,13.138094902038574,13.018452644348145,-0.11964225769042969,False,False
7976-105575-0026_3853-163249-0033:1,3853,12.178291320800781,14.007402420043945,1.829111099243164,False,False
3752-4944-0013_6295-244435-0007:0,3752,11.080885887145996,9.84940242767334,-1.2314834594726562,False,False
3752-4944-0013_6295-244435-0007:1,6295,13.918094635009766,13.74398136138916,-0.17411327362060547,False,False
7976-110124-0023_8842-302201-0015:0,7976,10.452388763427734,10.525524139404297,0.0731353759765625,False,False
7976-110124-0023_8842-302201-0015:1,8842,11.816126823425293,11.627986907958984,-0.1881399154663086,False,False
3170-137482-0042_2086-149220-0036:0,3170,15.837751388549805,16.42411994934082,0.5863685607910156,False,False
3170-137482-0042_2086-149220-0036:1,2086,11.515092849731445,10.179512977600098,-1.3355798721313477,False,False
5338-24640-0006_2035-147960-0006:0,5338,10.6205472946167,10.966816902160645,0.3462696075439453,False,False
5338-24640-0006_2035-147960-0006:1,2035,14.541116714477539,14.103626251220703,-0.43749046325683594,False,False
5694-64029-0010_251-136532-0019:0,5694,8.526676177978516,7.898041725158691,-0.6286344528198242,False,False
5694-64029-0010_251-136532-0019:1,251,10.693717956542969,10.073095321655273,-0.6206226348876953,False,False
2412-153947-0005_3576-138058-0025:0,2412,15.757575035095215,14.997385025024414,-0.7601900100708008,False,False
2412-153947-0005_3576-138058-0025:1,3576,12.810035705566406,13.01118278503418,0.20114707946777344,False,False
174-168635-0008_3170-137482-0026:0,174,12.225000381469727,12.333235740661621,0.10823535919189453,False,False
174-168635-0008_3170-137482-0026:1,3170,11.564393043518066,11.708074569702148,0.14368152618408203,False,False
2035-152373-0017_3853-163249-0004:0,2035,12.80949592590332,12.989155769348145,0.17965984344482422,False,False
2035-152373-0017_3853-163249-0004:1,3853,-24.218069076538086,-25.741512298583984,-1.5234432220458984,True,True
6319-57405-0009_5895-34629-0016:0,6319,14.90402603149414,17.355459213256836,2.4514331817626953,False,False
6319-57405-0009_5895-34629-0016:1,5895,17.30417251586914,17.473514556884766,0.169342041015625,False,False
6295-64301-0001_3081-166546-0050:0,6295,9.365447998046875,8.565601348876953,-0.7998466491699219,False,False
6295-64301-0001_3081-166546-0050:1,3081,11.156438827514648,10.673715591430664,-0.4827232360839844,False,False
2086-149220-0041_3853-163249-0019:0,2086,15.071030616760254,15.131152153015137,0.06012153625488281,False,False
2086-149220-0041_3853-163249-0019:1,3853,13.770376205444336,13.714195251464844,-0.05618095397949219,False,False
5895-34629-0011_7976-110523-0016:0,5895,15.13843059539795,15.440824508666992,0.30239391326904297,False,False
5895-34629-0011_7976-110523-0016:1,7976,15.281723022460938,15.452653884887695,0.1709308624267578,False,False
6313-66129-0009_251-137823-0000:0,6313,14.931732177734375,14.827201843261719,-0.10453033447265625,False,False
6313-66129-0009_251-137823-0000:1,251,10.910331726074219,10.896612167358398,-0.013719558715820312,False,False
2428-83705-0028_3000-15664-0031:0,2428,17.386377334594727,17.44837760925293,0.062000274658203125,False,False
2428-83705-0028_3000-15664-0031:1,3000,13.039337158203125,13.133506774902344,0.09416961669921875,False,False
8842-304647-0008_2803-161169-0012:0,8842,15.488840103149414,15.470909118652344,-0.017930984497070312,False,False
8842-304647-0008_2803-161169-0012:1,2803,17.408018112182617,17.081409454345703,-0.32660865783691406,False,False
2803-161169-0008_2428-83705-0005:0,2803,13.851173400878906,14.487896919250488,0.636723518371582,False,False
2803-161169-0008_2428-83705-0005:1,2428,14.020845413208008,13.977679252624512,-0.043166160583496094,False,False
1919-142785-0008_652-130726-0014:0,1919,15.175727844238281,15.048257827758789,-0.1274700164794922,False,False
1919-142785-0008_652-130726-0014:1,652,10.950389862060547,11.213176727294922,0.262786865234375,False,False
7976-105575-0013_5338-284437-0011:0,7976,-33.003395080566406,-20.050275802612305,12.953119277954102,True,True
7976-105575-0013_5338-284437-0011:1,5338,-12.175314903259277,-12.930848121643066,-0.7555332183837891,True,True
3853-163249-0018_6241-66616-0004:0,3853,15.478446006774902,15.468308448791504,-0.010137557983398438,False,False
3853-163249-0018_6241-66616-0004:1,6241,13.61841106414795,13.424495697021484,-0.19391536712646484,False,False
7850-286674-0006_2803-154328-0008:0,7850,13.599625587463379,13.432942390441895,-0.16668319702148438,False,False
7850-286674-0006_2803-154328-0008:1,2803,16.275541305541992,16.414657592773438,0.1391162872314453,False,False
6319-275224-0019_6345-64257-0013:0,6319,14.330265045166016,14.248111724853516,-0.0821533203125,False,False
6319-275224-0019_6345-64257-0013:1,6345,19.865549087524414,19.887794494628906,0.022245407104492188,False,False
7850-73752-0017_3000-15664-0023:0,7850,14.137809753417969,14.07023811340332,-0.06757164001464844,False,False
7850-73752-0017_3000-15664-0023:1,3000,15.472039222717285,15.512962341308594,0.040923118591308594,False,False
3752-4944-0054_3081-166546-0020:0,3752,11.24176025390625,11.121604919433594,-0.12015533447265625,False,False
3752-4944-0054_3081-166546-0020:1,3081,12.719337463378906,13.042414665222168,0.3230772018432617,False,False
2412-153954-0018_3536-23268-0004:0,2412,9.690799713134766,9.030036926269531,-0.6607627868652344,False,False
2412-153954-0018_3536-23268-0004:1,3536,12.231012344360352,12.23834228515625,0.0073299407958984375,False,False
2078-142845-0014_7976-105575-0021:0,2078,12.845361709594727,13.610063552856445,0.7647018432617188,False,False
2078-142845-0014_7976-105575-0021:1,7976,18.689172744750977,18.862459182739258,0.17328643798828125,False,False
2412-153948-0014_3170-137482-0020:0,2412,16.889633178710938,16.87811851501465,-0.011514663696289062,False,False
2412-153948-0014_3170-137482-0020:1,3170,13.82276439666748,13.855925559997559,0.033161163330078125,False,False
2078-142845-0036_6313-76958-0009:0,2078,15.96192455291748,15.948922157287598,-0.013002395629882812,False,False
2078-142845-0036_6313-76958-0009:1,6313,15.376235008239746,15.108086585998535,-0.26814842224121094,False,False
3576-138058-0010_84-121123-0025:0,3576,14.143143653869629,1.0350747108459473,-13.108068943023682,False,False
3576-138058-0010_84-121123-0025:1,84,19.70870018005371,19.694446563720703,-0.014253616333007812,False,False
652-130726-0001_3536-23268-0014:0,652,12.035736083984375,12.035099029541016,-0.000637054443359375,False,False
652-130726-0001_3536-23268-0014:1,3536,12.090880393981934,12.009946823120117,-0.0809335708618164,False,False
5694-64029-0012_6319-57405-0004:0,5694,13.177976608276367,14.292832374572754,1.1148557662963867,False,False
5694-64029-0012_6319-57405-0004:1,6319,12.276290893554688,12.440921783447266,0.16463088989257812,False,False
7976-105575-0010_251-136532-0013:0,7976,15.736173629760742,15.692464828491211,-0.04370880126953125,False,False
7976-105575-0010_251-136532-0013:1,251,10.664523124694824,10.718827247619629,0.05430412292480469,False,False
7850-111771-0000_6295-64301-0020:0,7850,16.616466522216797,16.72146987915039,0.10500335693359375,False,False
7850-111771-0000_6295-64301-0020:1,6295,12.563295364379883,12.374122619628906,-0.18917274475097656,False,False
6241-61946-0003_6295-64301-0004:0,6241,-21.491445541381836,-17.208438873291016,4.28300666809082,True,True
6241-61946-0003_6295-64301-0004:1,6295,14.572721481323242,14.69588851928711,0.12316703796386719,False,False
1993-147149-0021_2078-142845-0007:0,1993,12.478080749511719,12.963401794433594,0.485321044921875,False,False
1993-147149-0021_2078-142845-0007:1,2078,16.376022338867188,16.565624237060547,0.18960189819335938,False,False
6319-64726-0010_3853-163249-0007:0,6319,17.72995376586914,17.6326961517334,-0.09725761413574219,False,False
6319-64726-0010_3853-163249-0007:1,3853,-25.2904109954834,-26.74935531616211,-1.458944320678711,True,True
5895-34629-0006_8842-302201-0009:0,5895,14.524027824401855,14.520548820495605,-0.00347900390625,False,False
5895-34629-0006_8842-302201-0009:1,8842,10.86284065246582,10.106277465820312,-0.7565631866455078,False,False
5694-64029-0008_652-130726-0021:0,5694,0.880950927734375,-3.8628478050231934,-4.743798732757568,True,True
5694-64029-0008_652-130726-0021:1,652,9.268950462341309,9.058629989624023,-0.21032047271728516,False,False
251-137823-0008_777-126732-0010:0,251,14.606372833251953,14.361785888671875,-0.24458694458007812,False,False
251-137823-0008_777-126732-0010:1,777,9.610307693481445,9.435859680175781,-0.17444801330566406,False,False
5536-43363-0006_174-84280-0015:0,5536,12.909002304077148,12.928018569946289,0.019016265869140625,False,False
5536-43363-0006_174-84280-0015:1,174,12.111151695251465,12.82228946685791,0.7111377716064453,False,False
2277-149896-0024_1673-143396-0011:0,2277,4.654820919036865,-2.1692512035369873,-6.8240721225738525,False,False
2277-149896-0024_1673-143396-0011:1,1673,14.969352722167969,14.614423751831055,-0.35492897033691406,False,False
1272-135031-0002_6319-64726-0011:0,1272,17.505840301513672,17.659833908081055,0.1539936065673828,False,False
1272-135031-0002_6319-64726-0011:1,6319,12.403761863708496,12.412875175476074,0.009113311767578125,False,False
6319-275224-0020_3752-4944-0030:0,6319,16.63570213317871,16.751285552978516,0.11558341979980469,False,False
6319-275224-0020_3752-4944-0030:1,3752,16.141096115112305,16.13237953186035,-0.008716583251953125,False,False
2086-149220-0023_3081-166546-0052:0,2086,9.114471435546875,9.225778579711914,0.11130714416503906,False,False
2086-149220-0023_3081-166546-0052:1,3081,8.912643432617188,8.776875495910645,-0.13576793670654297,False,False
1988-148538-0015_6313-66125-0001:0,1988,-22.602458953857422,-23.888765335083008,-1.286306381225586,True,True
1988-148538-0015_6313-66125-0001:1,6313,14.014446258544922,14.431781768798828,0.41733551025390625,False,False
1272-135031-0001_1462-170142-0006:0,1272,13.318710327148438,13.724996566772461,0.40628623962402344,False,False
1272-135031-0001_1462-170142-0006:1,1462,15.508243560791016,15.090362548828125,-0.4178810119628906,False,False
7850-281318-0013_6345-93302-0003:0,7850,16.65902328491211,16.48235511779785,-0.1766681671142578,False,False
7850-281318-0013_6345-93302-0003:1,6345,13.387439727783203,13.277236938476562,-0.11020278930664062,False,False
7976-110124-0015_2277-149874-0017:0,7976,11.235219955444336,10.221071243286133,-1.0141487121582031,False,False
7976-110124-0015_2277-149874-0017:1,2277,15.409163475036621,15.477221488952637,0.06805801391601562,False,False
6345-93302-0019_3752-4944-0052:0,6345,19.97673225402832,20.02919578552246,0.052463531494140625,False,False
6345-93302-0019_3752-4944-0052:1,3752,17.020111083984375,17.08230972290039,0.062198638916015625,False,False
7976-110523-0006_5694-64029-0031:0,7976,12.219039916992188,12.310575485229492,0.09153556823730469,False,False
7976-110523-0006_5694-64029-0031:1,5694,11.620548248291016,11.631688117980957,0.011139869689941406,False,False
422-122949-0005_1272-141231-0011:0,422,1.8548321723937988,9.265714645385742,7.410882472991943,False,False
422-122949-0005_1272-141231-0011:1,1272,12.705968856811523,13.629514694213867,0.9235458374023438,False,False
6345-93302-0005_3081-166546-0014:0,6345,10.735807418823242,10.818662643432617,0.082855224609375,False,False
6345-93302-0005_3081-166546-0014:1,3081,16.785865783691406,16.618600845336914,-0.1672649383544922,False,False
5895-34615-0013_5536-43359-0001:0,5895,13.990436553955078,14.030059814453125,0.039623260498046875,False,False
5895-34615-0013_5536-43359-0001:1,5536,17.660724639892578,17.651107788085938,-0.009616851806640625,False,False
174-168635-0005_3853-163249-0054:0,174,13.338281631469727,13.263495445251465,-0.07478618621826172,False,False
174-168635-0005_3853-163249-0054:1,3853,12.018360137939453,11.870865821838379,-0.14749431610107422,False,False
2902-9006-0008_5338-24615-0012:0,2902,12.2908353805542,12.39545726776123,0.10462188720703125,False,False
2902-9006-0008_5338-24615-0012:1,5338,16.15850257873535,16.309926986694336,0.15142440795898438,False,False
8297-275155-0025_1993-147149-0025:0,8297,13.246023178100586,13.39775276184082,0.15172958374023438,False,False
8297-275155-0025_1993-147149-0025:1,1993,15.832605361938477,15.919174194335938,0.08656883239746094,False,False
2428-83705-0026_3752-4943-0013:0,2428,14.59548568725586,14.96695613861084,0.37147045135498047,False,False
2428-83705-0026_3752-4943-0013:1,3752,13.645377159118652,13.730305671691895,0.08492851257324219,False,False
6313-66129-0021_1993-147149-0016:0,6313,16.425430297851562,16.461280822753906,0.03585052490234375,False,False
6313-66129-0021_1993-147149-0016:1,1993,8.412574768066406,9.163414001464844,0.7508392333984375,False,False
3853-163249-0010_6313-76958-0002:0,3853,-9.574092864990234,-9.189615249633789,0.3844776153564453,True,True
3853-163249-0010_6313-76958-0002:1,6313,-23.23480796813965,-8.715063095092773,14.519744873046875,True,True
2086-149214-0004_7976-110523-0001:0,2086,17.20225715637207,17.22364044189453,0.021383285522460938,False,False
2086-149214-0004_7976-110523-0001:1,7976,16.46304702758789,16.454843521118164,-0.008203506469726562,False,False
2428-83705-0037_7976-110523-0003:0,2428,14.697637557983398,14.417095184326172,-0.28054237365722656,False,False
2428-83705-0037_7976-110523-0003:1,7976,10.979581832885742,11.069372177124023,0.08979034423828125,False,False
2277-149896-0009_2086-149220-0035:0,2277,9.97645378112793,-2.768498420715332,-12.744952201843262,False,True
2277-149896-0009_2086-149220-0035:1,2086,14.604988098144531,14.542454719543457,-0.06253337860107422,False,False
174-168635-0019_8297-275154-0025:0,174,14.957324981689453,15.189297676086426,0.23197269439697266,False,False
174-168635-0019_8297-275154-0025:1,8297,12.33460521697998,12.4136962890625,0.07909107208251953,False,False
2428-83699-0019_1673-143397-0020:0,2428,11.570361137390137,11.675714492797852,0.10535335540771484,False,False
2428-83699-0019_1673-143397-0020:1,1673,13.64930534362793,13.656152725219727,0.006847381591796875,False,False
251-137823-0009_5536-43358-0019:0,251,10.219916343688965,10.275044441223145,0.05512809753417969,False,False
251-137823-0009_5536-43358-0019:1,5536,13.521620750427246,13.583590507507324,0.061969757080078125,False,False
3081-166546-0048_2035-152373-0018:0,3081,9.736276626586914,9.626791000366211,-0.10948562622070312,False,False
3081-166546-0048_2035-152373-0018:1,2035,12.196842193603516,12.22411060333252,0.027268409729003906,False,False
652-130737-0004_6295-244435-0024:0,652,6.167995452880859,5.825484275817871,-0.3425111770629883,False,False
652-130737-0004_6295-244435-0024:1,6295,4.141210079193115,5.135853290557861,0.9946432113647461,False,False
84-121123-0026_5536-43358-0010:0,84,13.962626457214355,14.09330940246582,0.13068294525146484,False,False
84-121123-0026_5536-43358-0010:1,5536,15.181554794311523,15.181632041931152,7.724761962890625e-05,False,False
2902-9006-0009_2428-83705-0021:0,2902,10.938010215759277,10.817732810974121,-0.12027740478515625,False,False
2902-9006-0009_2428-83705-0021:1,2428,12.896280288696289,12.756604194641113,-0.13967609405517578,False,False
652-130737-0013_5694-64029-0023:0,652,12.496578216552734,12.268798828125,-0.22777938842773438,False,False
652-130737-0013_5694-64029-0023:1,5694,9.480692863464355,9.245875358581543,-0.2348175048828125,False,False
3576-138058-0014_1673-143396-0016:0,3576,14.325227737426758,13.755121231079102,-0.5701065063476562,False,False
3576-138058-0014_1673-143396-0016:1,1673,18.423450469970703,18.395511627197266,-0.0279388427734375,False,False
3081-166546-0059_6241-66616-0011:0,3081,7.70672082901001,7.529334545135498,-0.17738628387451172,False,False
3081-166546-0059_6241-66616-0011:1,6241,7.485572814941406,7.33509635925293,-0.15047645568847656,False,False
652-129742-0010_3081-166546-0071:0,652,9.036425590515137,9.18746566772461,0.15104007720947266,False,False
652-129742-0010_3081-166546-0071:1,3081,5.333988189697266,6.049408912658691,0.7154207229614258,False,False
6319-57405-0008_3081-166546-0074:0,6319,8.146256446838379,8.413065910339355,0.26680946350097656,False,False
6319-57405-0008_3081-166546-0074:1,3081,9.906974792480469,8.267574310302734,-1.6394004821777344,False,False
3576-138058-0005_7850-111771-0004:0,3576,6.593765735626221,7.699097633361816,1.1053318977355957,False,False
3576-138058-0005_7850-111771-0004:1,7850,5.061641693115234,-4.446503162384033,-9.508144855499268,False,False
1988-24833-0015_3536-8226-0021:0,1988,16.839889526367188,16.69301414489746,-0.14687538146972656,False,False
1988-24833-0015_3536-8226-0021:1,3536,11.483623504638672,12.122758865356445,0.6391353607177734,False,False
3752-4943-0024_777-126732-0044:0,3752,11.987077713012695,11.917272567749023,-0.06980514526367188,False,False
3752-4943-0024_777-126732-0044:1,777,11.815757751464844,11.656469345092773,-0.1592884063720703,False,False
777-126732-0007_8842-302196-0009:0,777,14.303572654724121,14.580073356628418,0.2765007019042969,False,False
777-126732-0007_8842-302196-0009:1,8842,13.793275833129883,12.736856460571289,-1.0564193725585938,False,False
84-121123-0018_7850-281318-0003:0,84,-14.865800857543945,6.858205795288086,21.72400665283203,True,False
84-121123-0018_7850-281318-0003:1,7850,-38.35391616821289,-37.36404800415039,0.9898681640625,True,True
3000-15664-0045_2412-153948-0005:0,3000,16.419166564941406,16.248559951782227,-0.1706066131591797,False,False
3000-15664-0045_2412-153948-0005:1,2412,14.216002464294434,14.03227710723877,-0.18372535705566406,False,False
777-126732-0004_3081-166546-0016:0,777,12.421113967895508,12.847482681274414,0.42636871337890625,False,False
777-126732-0004_3081-166546-0016:1,3081,6.937642574310303,7.539154529571533,0.6015119552612305,False,False
7850-286674-0016_84-121123-0008:0,7850,11.56164836883545,12.394441604614258,0.8327932357788086,False,False
7850-286674-0016_84-121123-0008:1,84,11.232619285583496,10.676408767700195,-0.5562105178833008,False,False
2428-83699-0026_2035-152373-0011:0,2428,19.5316104888916,19.472454071044922,-0.05915641784667969,False,False
2428-83699-0026_2035-152373-0011:1,2035,14.978395462036133,15.133548736572266,0.1551532745361328,False,False
2428-83699-0029_5536-43359-0013:0,2428,13.293258666992188,13.346071243286133,0.05281257629394531,False,False
2428-83699-0029_5536-43359-0013:1,5536,11.726743698120117,11.726131439208984,-0.0006122589111328125,False,False
174-168635-0000_2086-149220-0034:0,174,13.973429679870605,14.580052375793457,0.6066226959228516,False,False
174-168635-0000_2086-149220-0034:1,2086,11.519742965698242,12.186342239379883,0.6665992736816406,False,False
2277-149896-0019_3170-137482-0036:0,2277,14.259658813476562,14.547428131103516,0.2877693176269531,False,False
2277-149896-0019_3170-137482-0036:1,3170,13.464253425598145,13.203277587890625,-0.26097583770751953,False,False
2277-149874-0012_777-126732-0040:0,2277,12.709579467773438,12.683006286621094,-0.02657318115234375,False,False
2277-149874-0012_777-126732-0040:1,777,11.256823539733887,11.251880645751953,-0.004942893981933594,False,False
5694-64029-0003_2035-147960-0009:0,5694,13.411935806274414,13.46815013885498,0.056214332580566406,False,False
5694-64029-0003_2035-147960-0009:1,2035,15.62051773071289,15.561641693115234,-0.05887603759765625,False,False
2902-9008-0010_3752-4943-0026:0,2902,15.442124366760254,15.411038398742676,-0.031085968017578125,False,False
2902-9008-0010_3752-4943-0026:1,3752,16.925596237182617,16.988943099975586,0.06334686279296875,False,False
3000-15664-0009_84-121550-0007:0,3000,14.397705078125,14.705606460571289,0.30790138244628906,False,False
3000-15664-0009_84-121550-0007:1,84,13.26003360748291,12.918821334838867,-0.34121227264404297,False,False
422-122949-0003_3081-166546-0004:0,422,10.80043888092041,11.315951347351074,0.5155124664306641,False,False
422-122949-0003_3081-166546-0004:1,3081,12.318022727966309,13.029809951782227,0.711787223815918,False,False
2078-142845-0011_5536-43363-0010:0,2078,10.515654563903809,11.015398979187012,0.4997444152832031,False,False
2078-142845-0011_5536-43363-0010:1,5536,14.08576774597168,14.008769035339355,-0.07699871063232422,False,False
5338-24615-0000_84-121550-0034:0,5338,10.913408279418945,10.255132675170898,-0.6582756042480469,False,False
5338-24615-0000_84-121550-0034:1,84,15.180757522583008,15.17164421081543,-0.009113311767578125,False,False
6345-93306-0017_3536-23268-0022:0,6345,16.202768325805664,14.144132614135742,-2.058635711669922,False,False
6345-93306-0017_3536-23268-0022:1,3536,7.378538131713867,11.735540390014648,4.357002258300781,False,False
3170-137482-0002_3576-138058-0017:0,3170,13.308711051940918,13.274648666381836,-0.03406238555908203,False,False
3170-137482-0002_3576-138058-0017:1,3576,14.096829414367676,14.613370895385742,0.5165414810180664,False,False
1919-142785-0005_652-130737-0000:0,1919,12.62915325164795,12.654887199401855,0.02573394775390625,False,False
1919-142785-0005_652-130737-0000:1,652,14.26167106628418,14.23441219329834,-0.027258872985839844,False,False
1462-170145-0013_3752-4943-0020:0,1462,13.399459838867188,13.360269546508789,-0.03919029235839844,False,False
1462-170145-0013_3752-4943-0020:1,3752,15.482295036315918,15.211241722106934,-0.2710533142089844,False,False
2902-9008-0012_2277-149874-0018:0,2902,12.439294815063477,12.723926544189453,0.28463172912597656,False,False
2902-9008-0012_2277-149874-0018:1,2277,15.766199111938477,15.944849014282227,0.17864990234375,False,False
2902-9008-0009_2803-154328-0010:0,2902,11.976547241210938,12.266830444335938,0.290283203125,False,False
2902-9008-0009_2803-154328-0010:1,2803,12.998696327209473,13.591163635253906,0.5924673080444336,False,False
1462-170142-0037_3170-137482-0010:0,1462,18.091035842895508,17.99797821044922,-0.09305763244628906,False,False
1462-170142-0037_3170-137482-0010:1,3170,12.690139770507812,12.640113830566406,-0.05002593994140625,False,False
3081-166546-0054_777-126732-0073:0,3081,9.307164192199707,8.88150405883789,-0.4256601333618164,False,False
3081-166546-0054_777-126732-0073:1,777,12.772945404052734,12.871257781982422,0.0983123779296875,False,False
5536-43359-0009_3576-138058-0013:0,5536,11.51578140258789,11.718974113464355,0.20319271087646484,False,False
5536-43359-0009_3576-138058-0013:1,3576,13.924005508422852,13.627330780029297,-0.2966747283935547,False,False
5694-64025-0017_2428-83699-0007:0,5694,-15.431280136108398,-12.510894775390625,2.9203853607177734,True,True
5694-64025-0017_2428-83699-0007:1,2428,7.959318161010742,8.044183731079102,0.08486557006835938,False,False
7850-111771-0008_7976-110124-0002:0,7850,10.510503768920898,10.62248420715332,0.11198043823242188,False,False
7850-111771-0008_7976-110124-0002:1,7976,11.248814582824707,10.267853736877441,-0.9809608459472656,False,False
3536-8226-0024_652-129742-0003:0,3536,7.599740982055664,8.054618835449219,0.4548778533935547,False,False
3536-8226-0024_652-129742-0003:1,652,7.904841423034668,6.437928199768066,-1.4669132232666016,False,False
6345-93306-0007_3752-4943-0005:0,6345,17.575458526611328,17.78649139404297,0.21103286743164062,False,False
6345-93306-0007_3752-4943-0005:1,3752,16.754043579101562,16.24138641357422,-0.5126571655273438,False,False
5338-284437-0004_251-137823-0017:0,5338,12.14765453338623,12.130982398986816,-0.016672134399414062,False,False
5338-284437-0004_251-137823-0017:1,251,16.637317657470703,16.601573944091797,-0.03574371337890625,False,False
2803-154328-0014_3752-4944-0039:0,2803,14.133255958557129,13.77849006652832,-0.3547658920288086,False,False
2803-154328-0014_3752-4944-0039:1,3752,10.809809684753418,11.174057006835938,0.36424732208251953,False,False
84-121123-0011_2035-152373-0015:0,84,19.704570770263672,19.673532485961914,-0.031038284301757812,False,False
84-121123-0011_2035-152373-0015:1,2035,-22.96183204650879,-32.24730682373047,-9.28547477722168,True,True
6345-64257-0018_6313-76958-0013:0,6345,-7.647392749786377,10.060344696044922,17.7077374458313,False,False
6345-64257-0018_6313-76958-0013:1,6313,14.873392105102539,14.298895835876465,-0.5744962692260742,False,False
2428-83699-0040_2035-147961-0031:0,2428,15.600214958190918,15.520912170410156,-0.07930278778076172,False,False
2428-83699-0040_2035-147961-0031:1,2035,13.73653793334961,13.682609558105469,-0.053928375244140625,False,False
2086-149220-0012_7850-281318-0009:0,2086,13.578441619873047,13.70866870880127,0.13022708892822266,False,False
2086-149220-0012_7850-281318-0009:1,7850,14.504603385925293,14.42272663116455,-0.08187675476074219,False,False
652-130726-0033_2078-142845-0032:0,652,12.707300186157227,12.625182151794434,-0.08211803436279297,False,False
652-130726-0033_2078-142845-0032:1,2078,11.000558853149414,11.326410293579102,0.3258514404296875,False,False
2086-149220-0033_1988-24833-0021:0,2086,14.09503173828125,14.151084899902344,0.05605316162109375,False,False
2086-149220-0033_1988-24833-0021:1,1988,13.382801055908203,13.143491744995117,-0.23930931091308594,False,False
84-121123-0004_3000-15664-0014:0,84,14.340001106262207,14.565754890441895,0.2257537841796875,False,False
84-121123-0004_3000-15664-0014:1,3000,11.637606620788574,11.794105529785156,0.15649890899658203,False,False
2428-83705-0008_3752-4943-0001:0,2428,20.866119384765625,21.019001007080078,0.15288162231445312,False,False
2428-83705-0008_3752-4943-0001:1,3752,12.637870788574219,12.602458953857422,-0.035411834716796875,False,False
1462-170142-0015_652-129742-0008:0,1462,15.513570785522461,15.47391414642334,-0.039656639099121094,False,False
1462-170142-0015_652-129742-0008:1,652,13.050666809082031,12.046751022338867,-1.003915786743164,False,False
6313-76958-0004_251-136532-0000:0,6313,14.302544593811035,14.296241760253906,-0.006302833557128906,False,False
6313-76958-0004_251-136532-0000:1,251,12.629966735839844,12.565677642822266,-0.06428909301757812,False,False
652-130726-0034_3536-8226-0029:0,652,9.565662384033203,9.189529418945312,-0.3761329650878906,False,False
652-130726-0034_3536-8226-0029:1,3536,10.892318725585938,9.106491088867188,-1.78582763671875,False,False
174-84280-0011_3170-137482-0014:0,174,10.907892227172852,10.019951820373535,-0.8879404067993164,False,False
174-84280-0011_3170-137482-0014:1,3170,7.078689098358154,7.1852312088012695,0.10654211044311523,False,False
3081-166546-0078_3752-4943-0003:0,3081,5.808871269226074,6.087187767028809,0.2783164978027344,False,False
3081-166546-0078_3752-4943-0003:1,3752,3.8970437049865723,5.913698673248291,2.0166549682617188,False,False
3576-138058-0023_8842-302201-0006:0,3576,17.490524291992188,17.66683006286621,0.17630577087402344,False,False
3576-138058-0023_8842-302201-0006:1,8842,11.828781127929688,12.646781921386719,0.8180007934570312,False,False
8842-302201-0007_2035-147960-0008:0,8842,15.193861961364746,14.930384635925293,-0.2634773254394531,False,False
8842-302201-0007_2035-147960-0008:1,2035,12.209878921508789,12.489070892333984,0.2791919708251953,False,False
777-126732-0060_1272-141231-0025:0,777,14.793360710144043,14.526447296142578,-0.26691341400146484,False,False
777-126732-0060_1272-141231-0025:1,1272,5.937739372253418,6.37168025970459,0.4339408874511719,False,False
2412-153954-0016_174-50561-0007:0,2412,15.04905891418457,15.175613403320312,0.1265544891357422,False,False
2412-153954-0016_174-50561-0007:1,174,13.853021621704102,13.99454402923584,0.14152240753173828,False,False
1988-148538-0007_3000-15664-0038:0,1988,18.005399703979492,17.935733795166016,-0.06966590881347656,False,False
1988-148538-0007_3000-15664-0038:1,3000,14.792040824890137,14.686636924743652,-0.10540390014648438,False,False
2902-9008-0016_2428-83705-0030:0,2902,13.497444152832031,13.372587203979492,-0.12485694885253906,False,False
2902-9008-0016_2428-83705-0030:1,2428,16.14857292175293,16.160255432128906,0.011682510375976562,False,False
2277-149874-0015_8297-275156-0006:0,2277,14.140172958374023,14.048301696777344,-0.09187126159667969,False,False
2277-149874-0015_8297-275156-0006:1,8297,17.68539810180664,17.801959991455078,0.1165618896484375,False,False
174-168635-0022_7850-73752-0010:0,174,12.212831497192383,13.783385276794434,1.5705537796020508,False,False
174-168635-0022_7850-73752-0010:1,7850,11.62253189086914,11.090991020202637,-0.5315408706665039,False,False
5895-34615-0014_251-137823-0014:0,5895,15.821195602416992,15.739133834838867,-0.082061767578125,False,False
5895-34615-0014_251-137823-0014:1,251,14.928831100463867,14.902762413024902,-0.026068687438964844,False,False
3081-166546-0062_5338-284437-0006:0,3081,13.231109619140625,13.019937515258789,-0.21117210388183594,False,False
3081-166546-0062_5338-284437-0006:1,5338,9.357542037963867,9.883182525634766,0.5256404876708984,False,False
1462-170145-0003_2803-161169-0017:0,1462,13.871810913085938,13.877016067504883,0.0052051544189453125,False,False
1462-170145-0003_2803-161169-0017:1,2803,20.12179183959961,20.10570526123047,-0.016086578369140625,False,False
3170-137482-0037_2902-9008-0013:0,3170,12.081283569335938,12.046241760253906,-0.03504180908203125,False,False
3170-137482-0037_2902-9008-0013:1,2902,13.175783157348633,13.232351303100586,0.056568145751953125,False,False
3081-166546-0023_1919-142785-0038:0,3081,10.670913696289062,11.144613265991211,0.47369956970214844,False,False
3081-166546-0023_1919-142785-0038:1,1919,8.233907699584961,6.437146186828613,-1.7967615127563477,False,False
6295-64301-0029_8297-275154-0003:0,6295,12.585317611694336,14.611886978149414,2.026569366455078,False,False
6295-64301-0029_8297-275154-0003:1,8297,8.856517791748047,8.896364212036133,0.03984642028808594,False,False
2277-149897-0014_3000-15664-0044:0,2277,13.317036628723145,13.370142936706543,0.05310630798339844,False,False
2277-149897-0014_3000-15664-0044:1,3000,16.947099685668945,16.917085647583008,-0.0300140380859375,False,False
777-126732-0023_1993-147149-0003:0,777,12.37884521484375,12.309813499450684,-0.0690317153930664,False,False
777-126732-0023_1993-147149-0003:1,1993,16.054079055786133,15.991462707519531,-0.06261634826660156,False,False
2803-154328-0023_7976-110124-0006:0,2803,11.8206205368042,11.992830276489258,0.1722097396850586,False,False
2803-154328-0023_7976-110124-0006:1,7976,14.633859634399414,14.593710899353027,-0.04014873504638672,False,False
3752-4944-0017_3853-163249-0022:0,3752,14.41916275024414,14.426570892333984,0.00740814208984375,False,False
3752-4944-0017_3853-163249-0022:1,3853,16.16135025024414,16.059099197387695,-0.10225105285644531,False,False
2086-149220-0014_8297-275155-0006:0,2086,17.325471878051758,17.297321319580078,-0.028150558471679688,False,False
2086-149220-0014_8297-275155-0006:1,8297,13.174230575561523,13.023391723632812,-0.15083885192871094,False,False
2035-147960-0004_5536-43359-0004:0,2035,10.521068572998047,10.513516426086426,-0.007552146911621094,False,False
2035-147960-0004_5536-43359-0004:1,5536,14.236279487609863,14.233898162841797,-0.0023813247680664062,False,False
3081-166546-0027_5895-34622-0010:0,3081,1.4806568622589111,0.7491970062255859,-0.7314598560333252,False,False
3081-166546-0027_5895-34622-0010:1,5895,4.666730880737305,4.278006553649902,-0.38872432708740234,False,False
3536-8226-0005_251-136532-0003:0,3536,12.430896759033203,12.528306007385254,0.09740924835205078,False,False
3536-8226-0005_251-136532-0003:1,251,13.836481094360352,13.887638092041016,0.05115699768066406,False,False
2277-149896-0017_5694-64038-0002:0,2277,14.751666069030762,15.031487464904785,0.27982139587402344,False,False
2277-149896-0017_5694-64038-0002:1,5694,13.767206192016602,13.874921798706055,0.10771560668945312,False,False
2902-9006-0000_422-122949-0001:0,2902,13.12246322631836,13.122308731079102,-0.0001544952392578125,False,False
2902-9006-0000_422-122949-0001:1,422,-2.4217071533203125,-9.328049659729004,-6.906342506408691,False,True
2078-142845-0013_2086-149220-0008:0,2078,13.573076248168945,13.810900688171387,0.2378244400024414,False,False
2078-142845-0013_2086-149220-0008:1,2086,12.293071746826172,12.527303695678711,0.23423194885253906,False,False
5694-64029-0001_8842-302196-0006:0,5694,15.056357383728027,15.463820457458496,0.40746307373046875,False,False
5694-64029-0001_8842-302196-0006:1,8842,8.272552490234375,7.7036213874816895,-0.5689311027526855,False,False
2086-149220-0037_3752-4944-0053:0,2086,11.817445755004883,11.525527000427246,-0.2919187545776367,False,False
2086-149220-0037_3752-4944-0053:1,3752,14.734599113464355,14.775842666625977,0.041243553161621094,False,False
6241-66616-0018_8842-304647-0012:0,6241,11.24043083190918,11.296329498291016,0.05589866638183594,False,False
6241-66616-0018_8842-304647-0012:1,8842,14.668447494506836,15.14638614654541,0.4779386520385742,False,False
652-130726-0035_251-118436-0011:0,652,10.633721351623535,10.965231895446777,0.3315105438232422,False,False
652-130726-0035_251-118436-0011:1,251,10.335044860839844,10.943485260009766,0.6084403991699219,False,False
6313-66125-0021_6319-64726-0005:0,6313,15.528233528137207,15.416943550109863,-0.11128997802734375,False,False
6313-66125-0021_6319-64726-0005:1,6319,11.152482032775879,11.10793685913086,-0.04454517364501953,False,False
6241-66616-0025_5536-43363-0014:0,6241,8.713233947753906,10.288106918334961,1.5748729705810547,False,False
6241-66616-0025_5536-43363-0014:1,5536,6.084696292877197,6.883302211761475,0.7986059188842773,False,False
3000-15664-0036_7976-105575-0024:0,3000,18.16541290283203,18.077760696411133,-0.08765220642089844,False,False
3000-15664-0036_7976-105575-0024:1,7976,11.944375038146973,11.988839149475098,0.044464111328125,False,False
777-126732-0058_3170-137482-0030:0,777,10.043967247009277,9.877534866333008,-0.16643238067626953,False,False
777-126732-0058_3170-137482-0030:1,3170,11.638703346252441,11.650105476379395,0.011402130126953125,False,False
422-122949-0002_174-168635-0001:0,422,11.328001022338867,11.255374908447266,-0.07262611389160156,False,False
422-122949-0002_174-168635-0001:1,174,16.0693359375,16.56409454345703,0.49475860595703125,False,False
6241-66616-0015_251-118436-0022:0,6241,8.440006256103516,8.590871810913086,0.1508655548095703,False,False
6241-66616-0015_251-118436-0022:1,251,-9.156194686889648,-5.540933609008789,3.6152610778808594,True,True
652-129742-0002_6345-93306-0016:0,652,13.692903518676758,13.89346981048584,0.20056629180908203,False,False
652-129742-0002_6345-93306-0016:1,6345,14.005951881408691,14.188549995422363,0.18259811401367188,False,False
5694-64038-0013_1272-141231-0012:0,5694,15.261387825012207,15.376611709594727,0.11522388458251953,False,False
5694-64038-0013_1272-141231-0012:1,1272,12.516197204589844,12.435802459716797,-0.08039474487304688,False,False
3536-23268-0027_6295-244435-0008:0,3536,14.691032409667969,14.73904800415039,0.048015594482421875,False,False
3536-23268-0027_6295-244435-0008:1,6295,10.732872009277344,10.769292831420898,0.03642082214355469,False,False
5338-284437-0031_3576-138058-0012:0,5338,9.01720905303955,8.397058486938477,-0.6201505661010742,False,False
5338-284437-0031_3576-138058-0012:1,3576,14.161977767944336,14.39296817779541,0.23099040985107422,False,False
2035-147961-0004_2412-153947-0010:0,2035,9.453079223632812,9.371123313903809,-0.0819559097290039,False,False
2035-147961-0004_2412-153947-0010:1,2412,12.35079288482666,12.429119110107422,0.07832622528076172,False,False
8297-275155-0026_3853-163249-0023:0,8297,11.677480697631836,11.700008392333984,0.022527694702148438,False,False
8297-275155-0026_3853-163249-0023:1,3853,16.137853622436523,16.36983299255371,0.2319793701171875,False,False
652-130726-0000_84-121123-0006:0,652,14.580013275146484,14.208027839660645,-0.37198543548583984,False,False
652-130726-0000_84-121123-0006:1,84,16.042875289916992,15.815518379211426,-0.2273569107055664,False,False
6313-66125-0005_1919-142785-0013:0,6313,14.186753273010254,13.826693534851074,-0.3600597381591797,False,False
6313-66125-0005_1919-142785-0013:1,1919,17.425899505615234,17.016435623168945,-0.40946388244628906,False,False
422-122949-0008_84-121550-0023:0,422,15.03956413269043,14.767400741577148,-0.27216339111328125,False,False
422-122949-0008_84-121550-0023:1,84,11.851300239562988,12.049457550048828,0.19815731048583984,False,False
7850-73752-0000_777-126732-0003:0,7850,11.983230590820312,11.895790100097656,-0.08744049072265625,False,False
7850-73752-0000_777-126732-0003:1,777,13.756857872009277,13.923879623413086,0.1670217514038086,False,False
3853-163249-0008_1988-147956-0023:0,3853,15.314743995666504,15.28262996673584,-0.03211402893066406,False,False
3853-163249-0008_1988-147956-0023:1,1988,13.191926002502441,7.753243446350098,-5.438682556152344,False,False
652-130726-0032_1993-147149-0007:0,652,9.86121940612793,9.820541381835938,-0.04067802429199219,False,False
652-130726-0032_1993-147149-0007:1,1993,16.909225463867188,16.982481002807617,0.07325553894042969,False,False
1988-148538-0004_2078-142845-0030:0,1988,13.857508659362793,13.961615562438965,0.10410690307617188,False,False
1988-148538-0004_2078-142845-0030:1,2078,14.178577423095703,14.395712852478027,0.21713542938232422,False,False
6345-93306-0024_251-136532-0016:0,6345,16.433204650878906,16.37987518310547,-0.0533294677734375,False,False
6345-93306-0024_251-136532-0016:1,251,17.363155364990234,16.823888778686523,-0.5392665863037109,False,False
7850-111771-0007_2803-154320-0000:0,7850,15.710826873779297,15.618642807006836,-0.09218406677246094,False,False
7850-111771-0007_2803-154320-0000:1,2803,15.67451000213623,15.694515228271484,0.020005226135253906,False,False
3170-137482-0034_1272-141231-0004:0,3170,13.010456085205078,13.107388496398926,0.09693241119384766,False,False
3170-137482-0034_1272-141231-0004:1,1272,12.071784973144531,11.87031078338623,-0.20147418975830078,False,False
5694-64025-0007_777-126732-0006:0,5694,10.099106788635254,10.487541198730469,0.38843441009521484,False,False
5694-64025-0007_777-126732-0006:1,777,8.726263046264648,9.376596450805664,0.6503334045410156,False,False
251-118436-0001_2902-9006-0004:0,251,16.19183921813965,16.233823776245117,0.04198455810546875,False,False
251-118436-0001_2902-9006-0004:1,2902,13.473474502563477,13.26302719116211,-0.2104473114013672,False,False
6319-64726-0013_1673-143397-0011:0,6319,15.259429931640625,15.43678092956543,0.1773509979248047,False,False
6319-64726-0013_1673-143397-0011:1,1673,13.457225799560547,13.527887344360352,0.07066154479980469,False,False
2412-153948-0001_2803-154320-0002:0,2412,14.612284660339355,14.796292304992676,0.1840076446533203,False,False
2412-153948-0001_2803-154320-0002:1,2803,17.098590850830078,17.463102340698242,0.36451148986816406,False,False
7850-281318-0022_174-84280-0014:0,7850,10.659838676452637,11.35216236114502,0.6923236846923828,False,False
7850-281318-0022_174-84280-0014:1,174,1.4859871864318848,12.816610336303711,11.330623149871826,False,False
6345-93302-0007_777-126732-0016:0,6345,13.8995943069458,13.82681655883789,-0.07277774810791016,False,False
6345-93302-0007_777-126732-0016:1,777,13.592596054077148,13.642327308654785,0.04973125457763672,False,False
1988-148538-0003_1272-128104-0010:0,1988,14.007464408874512,14.242386817932129,0.2349224090576172,False,False
1988-148538-0003_1272-128104-0010:1,1272,12.104927062988281,12.919637680053711,0.8147106170654297,False,False
3536-8226-0032_1988-24833-0010:0,3536,14.99113655090332,15.081899642944336,0.09076309204101562,False,False
3536-8226-0032_1988-24833-0010:1,1988,11.309197425842285,14.824406623840332,3.515209197998047,False,False
5895-34622-0020_2803-161169-0004:0,5895,15.564682960510254,15.612109184265137,0.04742622375488281,False,False
5895-34622-0020_2803-161169-0004:1,2803,10.81590747833252,10.859865188598633,0.04395771026611328,False,False
2035-147961-0032_6313-66125-0007:0,2035,11.32103157043457,11.251434326171875,-0.06959724426269531,False,False
2035-147961-0032_6313-66125-0007:1,6313,16.489587783813477,16.710281372070312,0.22069358825683594,False,False
3000-15664-0039_5694-64025-0002:0,3000,11.941781997680664,11.929056167602539,-0.012725830078125,False,False
3000-15664-0039_5694-64025-0002:1,5694,6.352031707763672,7.164546966552734,0.8125152587890625,False,False
5895-34615-0003_1272-135031-0011:0,5895,14.821690559387207,14.344935417175293,-0.47675514221191406,False,False
5895-34615-0003_1272-135031-0011:1,1272,17.232053756713867,17.21552848815918,-0.0165252685546875,False,False
3576-138058-0016_6345-64257-0008:0,3576,14.293381690979004,14.119441986083984,-0.17393970489501953,False,False
3576-138058-0016_6345-64257-0008:1,6345,8.700475692749023,8.819602966308594,0.11912727355957031,False,False
1272-135031-0013_5338-284437-0024:0,1272,17.992122650146484,17.82621955871582,-0.16590309143066406,False,False
1272-135031-0013_5338-284437-0024:1,5338,13.116104125976562,12.997270584106445,-0.11883354187011719,False,False
1993-147964-0003_5338-284437-0000:0,1993,10.0706148147583,10.099259376525879,0.028644561767578125,False,False
1993-147964-0003_5338-284437-0000:1,5338,10.327876091003418,10.319340705871582,-0.008535385131835938,False,False
2035-152373-0003_1272-141231-0030:0,2035,17.265743255615234,17.21233367919922,-0.053409576416015625,False,False
2035-152373-0003_1272-141231-0030:1,1272,16.13216781616211,16.15985870361328,0.027690887451171875,False,False
3536-23268-0030_1993-147965-0000:0,3536,15.317161560058594,15.622344970703125,0.30518341064453125,False,False
3536-23268-0030_1993-147965-0000:1,1993,10.020882606506348,9.87306022644043,-0.14782238006591797,False,False
1673-143397-0001_5338-24615-0005:0,1673,13.345191955566406,13.320016860961914,-0.025175094604492188,False,False
1673-143397-0001_5338-24615-0005:1,5338,-28.37786865234375,-27.576332092285156,0.8015365600585938,True,True
6313-66129-0022_2078-142845-0016:0,6313,-26.365137100219727,10.221190452575684,36.58632755279541,True,False
6313-66129-0022_2078-142845-0016:1,2078,16.323686599731445,16.20343017578125,-0.12025642395019531,False,False
2277-149874-0014_3081-166546-0011:0,2277,13.026944160461426,13.22374153137207,0.19679737091064453,False,False
2277-149874-0014_3081-166546-0011:1,3081,11.571178436279297,11.525283813476562,-0.045894622802734375,False,False
8297-275155-0031_5338-24640-0005:0,8297,15.888177871704102,16.02208137512207,0.13390350341796875,False,False
8297-275155-0031_5338-24640-0005:1,5338,15.466935157775879,15.391514778137207,-0.07542037963867188,False,False
1988-148538-0011_3752-4944-0022:0,1988,16.716615676879883,16.646242141723633,-0.07037353515625,False,False
1988-148538-0011_3752-4944-0022:1,3752,13.815916061401367,13.760913848876953,-0.05500221252441406,False,False
6241-61946-0004_6319-275224-0018:0,6241,16.223621368408203,16.27750015258789,0.0538787841796875,False,False
6241-61946-0004_6319-275224-0018:1,6319,13.986772537231445,14.10660171508789,0.11982917785644531,False,False
777-126732-0015_251-118436-0005:0,777,12.880541801452637,12.861249923706055,-0.01929187774658203,False,False
777-126732-0015_251-118436-0005:1,251,12.411381721496582,12.380253791809082,-0.0311279296875,False,False
2035-147961-0008_3752-4944-0062:0,2035,17.126394271850586,17.056015014648438,-0.07037925720214844,False,False
2035-147961-0008_3752-4944-0062:1,3752,15.87308120727539,15.769245147705078,-0.1038360595703125,False,False
6345-93302-0004_1272-128104-0005:0,6345,14.985960006713867,15.002477645874023,0.01651763916015625,False,False
6345-93302-0004_1272-128104-0005:1,1272,20.376361846923828,20.280746459960938,-0.09561538696289062,False,False
3853-163249-0020_2035-147961-0013:0,3853,6.161397933959961,-30.663034439086914,-36.824432373046875,False,True
3853-163249-0020_2035-147961-0013:1,2035,16.811180114746094,16.374547958374023,-0.4366321563720703,False,False
2035-147961-0021_1988-147956-0029:0,2035,19.797033309936523,19.65518569946289,-0.1418476104736328,False,False
2035-147961-0021_1988-147956-0029:1,1988,15.153162002563477,15.178413391113281,0.025251388549804688,False,False
2277-149874-0000_1462-170142-0002:0,2277,11.33233642578125,-23.099761962890625,-34.432098388671875,False,True
2277-149874-0000_1462-170142-0002:1,1462,16.3730411529541,15.82973861694336,-0.5433025360107422,False,False
3752-4944-0033_8842-302201-0008:0,3752,11.397466659545898,10.534658432006836,-0.8628082275390625,False,False
3752-4944-0033_8842-302201-0008:1,8842,17.13729476928711,17.312374114990234,0.175079345703125,False,False
2277-149896-0007_422-122949-0027:0,2277,15.278434753417969,15.21806526184082,-0.06036949157714844,False,False
2277-149896-0007_422-122949-0027:1,422,17.389606475830078,17.364391326904297,-0.02521514892578125,False,False
2035-147960-0014_174-84280-0013:0,2035,11.588898658752441,11.598252296447754,0.0093536376953125,False,False
2035-147960-0014_174-84280-0013:1,174,16.571542739868164,16.518770217895508,-0.05277252197265625,False,False
5338-284437-0030_5895-34629-0026:0,5338,13.545114517211914,13.556999206542969,0.011884689331054688,False,False
5338-284437-0030_5895-34629-0026:1,5895,19.26215934753418,19.115520477294922,-0.1466388702392578,False,False
5694-64038-0025_3081-166546-0026:0,5694,11.337448120117188,11.151412963867188,-0.18603515625,False,False
5694-64038-0025_3081-166546-0026:1,3081,8.855502128601074,9.999417304992676,1.1439151763916016,False,False
3536-23268-0003_1272-141231-0020:0,3536,10.291625022888184,9.803707122802734,-0.4879179000854492,False,False
3536-23268-0003_1272-141231-0020:1,1272,15.289702415466309,14.892843246459961,-0.39685916900634766,False,False
1988-148538-0010_5895-34622-0009:0,1988,14.722856521606445,15.011978149414062,0.2891216278076172,False,False
1988-148538-0010_5895-34622-0009:1,5895,11.185884475708008,10.879684448242188,-0.3062000274658203,False,False
3576-138058-0007_7850-281318-0002:0,3576,11.46876335144043,12.489187240600586,1.0204238891601562,False,False
3576-138058-0007_7850-281318-0002:1,7850,17.534542083740234,17.623218536376953,0.08867645263671875,False,False
7976-105575-0000_2078-142845-0031:0,7976,15.67547607421875,15.807351112365723,0.13187503814697266,False,False
7976-105575-0000_2078-142845-0031:1,2078,12.958492279052734,13.138486862182617,0.1799945831298828,False,False
6313-66125-0024_6241-61946-0016:0,6313,15.378135681152344,15.471101760864258,0.09296607971191406,False,False
6313-66125-0024_6241-61946-0016:1,6241,11.865079879760742,11.902705192565918,0.03762531280517578,False,False
652-130726-0002_84-121550-0001:0,652,15.346067428588867,15.524102210998535,0.17803478240966797,False,False
652-130726-0002_84-121550-0001:1,84,13.064376831054688,12.929807662963867,-0.1345691680908203,False,False
1462-170142-0041_1673-143397-0015:0,1462,16.920888900756836,16.79532814025879,-0.12556076049804688,False,False
1462-170142-0041_1673-143397-0015:1,1673,17.703502655029297,17.838083267211914,0.1345806121826172,False,False
5895-34629-0033_3081-166546-0088:0,5895,9.649694442749023,9.575946807861328,-0.07374763488769531,False,False
5895-34629-0033_3081-166546-0088:1,3081,12.024211883544922,12.30992317199707,0.28571128845214844,False,False
1919-142785-0010_5338-284437-0005:0,1919,9.601485252380371,11.189228057861328,1.587742805480957,False,False
1919-142785-0010_5338-284437-0005:1,5338,9.141733169555664,8.699098587036133,-0.44263458251953125,False,False
3853-163249-0049_2803-154328-0018:0,3853,16.384410858154297,16.34813117980957,-0.03627967834472656,False,False
3853-163249-0049_2803-154328-0018:1,2803,12.600324630737305,12.490787506103516,-0.10953712463378906,False,False
6345-93302-0014_7850-281318-0012:0,6345,15.857359886169434,15.57820987701416,-0.27915000915527344,False,False
6345-93302-0014_7850-281318-0012:1,7850,13.566572189331055,13.07585620880127,-0.49071598052978516,False,False
5536-43363-0005_6295-64301-0014:0,5536,13.485919952392578,13.478340148925781,-0.007579803466796875,False,False
5536-43363-0005_6295-64301-0014:1,6295,15.834030151367188,15.952852249145508,0.11882209777832031,False,False
5895-34629-0021_1988-148538-0005:0,5895,12.854511260986328,12.740068435668945,-0.11444282531738281,False,False
5895-34629-0021_1988-148538-0005:1,1988,13.91085433959961,13.531596183776855,-0.3792581558227539,False,False
7976-105575-0009_2035-147961-0035:0,7976,15.076354026794434,14.59485149383545,-0.4815025329589844,False,False
7976-105575-0009_2035-147961-0035:1,2035,16.716415405273438,16.725954055786133,0.009538650512695312,False,False
777-126732-0014_6319-57405-0010:0,777,15.686317443847656,15.440752029418945,-0.24556541442871094,False,False
777-126732-0014_6319-57405-0010:1,6319,17.871137619018555,17.57439422607422,-0.29674339294433594,False,False
1462-170142-0040_3752-4944-0010:0,1462,15.64974308013916,15.53477668762207,-0.11496639251708984,False,False
1462-170142-0040_3752-4944-0010:1,3752,16.390737533569336,16.4100399017334,0.0193023681640625,False,False
2035-147961-0001_6313-76958-0021:0,2035,17.367061614990234,17.799381256103516,0.43231964111328125,False,False
2035-147961-0001_6313-76958-0021:1,6313,11.25031566619873,10.432475090026855,-0.817840576171875,False,False
1993-147965-0002_2803-154328-0022:0,1993,11.529001235961914,12.576263427734375,1.047262191772461,False,False
1993-147965-0002_2803-154328-0022:1,2803,15.082836151123047,15.234518051147461,0.15168190002441406,False,False
7850-281318-0018_84-121123-0001:0,7850,-34.56503677368164,-32.76957321166992,1.7954635620117188,True,True
7850-281318-0018_84-121123-0001:1,84,16.150785446166992,16.45099639892578,0.30021095275878906,False,False
2086-149220-0048_6313-66129-0026:0,2086,15.809060096740723,15.771337509155273,-0.03772258758544922,False,False
2086-149220-0048_6313-66129-0026:1,6313,13.425649642944336,13.495208740234375,0.06955909729003906,False,False
1272-141231-0008_3000-15664-0012:0,1272,11.133538246154785,10.912558555603027,-0.2209796905517578,False,False
1272-141231-0008_3000-15664-0012:1,3000,11.264836311340332,10.833809852600098,-0.4310264587402344,False,False
2277-149897-0004_1272-135031-0007:0,2277,16.177087783813477,15.916582107543945,-0.26050567626953125,False,False
2277-149897-0004_1272-135031-0007:1,1272,15.661422729492188,15.366305351257324,-0.2951173782348633,False,False
422-122949-0026_2277-149897-0020:0,422,10.594995498657227,10.594926834106445,-6.866455078125e-05,False,False
422-122949-0026_2277-149897-0020:1,2277,17.262176513671875,17.293630599975586,0.03145408630371094,False,False
6241-61946-0000_8297-275156-0000:0,6241,14.216466903686523,14.192930221557617,-0.02353668212890625,False,False
6241-61946-0000_8297-275156-0000:1,8297,10.488004684448242,10.514659881591797,0.026655197143554688,False,False
422-122949-0031_6241-61946-0010:0,422,-6.485929012298584,-5.733468532562256,0.7524604797363281,True,True
422-122949-0031_6241-61946-0010:1,6241,-11.747663497924805,-10.885669708251953,0.8619937896728516,True,True
7850-73752-0006_1462-170142-0028:0,7850,2.405156135559082,8.573213577270508,6.168057441711426,False,False
7850-73752-0006_1462-170142-0028:1,1462,3.7270400524139404,-2.6786246299743652,-6.405664682388306,False,False
777-126732-0002_2412-153954-0000:0,777,17.771080017089844,17.71645736694336,-0.054622650146484375,False,False
777-126732-0002_2412-153954-0000:1,2412,14.278854370117188,14.248151779174805,-0.030702590942382812,False,False
6295-244435-0040_3752-4944-0068:0,6295,14.069253921508789,14.020215034484863,-0.04903888702392578,False,False
6295-244435-0040_3752-4944-0068:1,3752,13.326630592346191,13.38873291015625,0.062102317810058594,False,False
777-126732-0032_1993-147965-0007:0,777,14.470638275146484,14.497993469238281,0.027355194091796875,False,False
777-126732-0032_1993-147965-0007:1,1993,19.37860870361328,19.166275024414062,-0.21233367919921875,False,False
1462-170145-0001_2277-149897-0018:0,1462,13.08032512664795,12.047398567199707,-1.0329265594482422,False,False
1462-170145-0001_2277-149897-0018:1,2277,-32.6240119934082,-32.23119354248047,0.3928184509277344,True,True
1993-147966-0005_6241-61943-0020:0,1993,14.130873680114746,13.763272285461426,-0.3676013946533203,False,False
1993-147966-0005_6241-61943-0020:1,6241,14.739322662353516,13.495140075683594,-1.2441825866699219,False,False
6241-61943-0003_2803-154320-0008:0,6241,6.398674488067627,10.50761604309082,4.108941555023193,False,False
6241-61943-0003_2803-154320-0008:1,2803,11.358839988708496,11.439801216125488,0.08096122741699219,False,False
2803-154328-0005_2277-149896-0010:0,2803,15.228567123413086,15.365382194519043,0.13681507110595703,False,False
2803-154328-0005_2277-149896-0010:1,2277,10.031323432922363,10.094461441040039,0.06313800811767578,False,False
84-121550-0010_8297-275155-0003:0,84,11.369400978088379,11.392821311950684,0.023420333862304688,False,False
84-121550-0010_8297-275155-0003:1,8297,18.313735961914062,18.395593643188477,0.08185768127441406,False,False
652-129742-0006_6313-66125-0008:0,652,15.202808380126953,15.206344604492188,0.003536224365234375,False,False
652-129742-0006_6313-66125-0008:1,6313,14.632685661315918,14.724510192871094,0.09182453155517578,False,False
8297-275154-0014_2428-83699-0032:0,8297,15.757186889648438,16.567270278930664,0.8100833892822266,False,False
8297-275154-0014_2428-83699-0032:1,2428,12.781122207641602,13.436969757080078,0.6558475494384766,False,False
1462-170138-0014_5338-284437-0013:0,1462,4.206851005554199,-1.7774348258972168,-5.984285831451416,False,True
1462-170138-0014_5338-284437-0013:1,5338,14.613142967224121,14.99626636505127,0.38312339782714844,False,False
6241-61943-0026_8297-275155-0029:0,6241,13.956775665283203,13.79250717163086,-0.16426849365234375,False,False
6241-61943-0026_8297-275155-0029:1,8297,12.65360164642334,12.708675384521484,0.05507373809814453,False,False
7976-110523-0012_3000-15664-0010:0,7976,16.289878845214844,16.42148208618164,0.13160324096679688,False,False
7976-110523-0012_3000-15664-0010:1,3000,12.737272262573242,12.790449142456055,0.0531768798828125,False,False
777-126732-0048_5895-34615-0016:0,777,13.965521812438965,13.986858367919922,0.02133655548095703,False,False
777-126732-0048_5895-34615-0016:1,5895,14.34792709350586,14.382615089416504,0.03468799591064453,False,False
3853-163249-0037_3536-23268-0017:0,3853,13.370853424072266,13.394189834594727,0.023336410522460938,False,False
3853-163249-0037_3536-23268-0017:1,3536,13.297252655029297,13.686037063598633,0.38878440856933594,False,False
1988-24833-0005_1272-141231-0032:0,1988,17.012229919433594,17.08462905883789,0.07239913940429688,False,False
1988-24833-0005_1272-141231-0032:1,1272,12.229673385620117,12.243194580078125,0.013521194458007812,False,False
84-121550-0003_1919-142785-0015:0,84,16.82522201538086,16.624679565429688,-0.20054244995117188,False,False
84-121550-0003_1919-142785-0015:1,1919,13.162283897399902,14.351476669311523,1.189192771911621,False,False
5536-43359-0016_1272-135031-0020:0,5536,13.031279563903809,13.069915771484375,0.038636207580566406,False,False
5536-43359-0016_1272-135031-0020:1,1272,13.235283851623535,13.336925506591797,0.10164165496826172,False,False
1673-143397-0002_2277-149896-0008:0,1673,13.843022346496582,13.87794017791748,0.03491783142089844,False,False
1673-143397-0002_2277-149896-0008:1,2277,14.693678855895996,13.60953426361084,-1.0841445922851562,False,False
6295-64301-0005_6345-93302-0008:0,6295,18.359737396240234,18.387657165527344,0.027919769287109375,False,False
6295-64301-0005_6345-93302-0008:1,6345,15.794703483581543,16.048389434814453,0.25368595123291016,False,False
6295-244435-0002_2277-149896-0001:0,6295,11.440511703491211,11.407424926757812,-0.03308677673339844,False,False
6295-244435-0002_2277-149896-0001:1,2277,18.968006134033203,18.912723541259766,-0.0552825927734375,False,False
1272-141231-0001_5694-64025-0006:0,1272,9.962308883666992,9.946407318115234,-0.015901565551757812,False,False
1272-141231-0001_5694-64025-0006:1,5694,12.60069751739502,11.599063873291016,-1.001633644104004,False,False
2086-149220-0009_2277-149897-0010:0,2086,15.57345962524414,15.505096435546875,-0.06836318969726562,False,False
2086-149220-0009_2277-149897-0010:1,2277,19.840381622314453,19.903026580810547,0.06264495849609375,False,False
251-118436-0002_5895-34629-0008:0,251,12.022305488586426,12.284930229187012,0.26262474060058594,False,False
251-118436-0002_5895-34629-0008:1,5895,16.793563842773438,16.86764144897461,0.07407760620117188,False,False
6313-66125-0015_5338-284437-0022:0,6313,13.424966812133789,12.053882598876953,-1.371084213256836,False,False
6313-66125-0015_5338-284437-0022:1,5338,11.860960960388184,11.51689624786377,-0.34406471252441406,False,False
2428-83699-0036_6295-64301-0021:0,2428,16.76567840576172,16.714191436767578,-0.051486968994140625,False,False
2428-83699-0036_6295-64301-0021:1,6295,6.935825824737549,6.25700044631958,-0.6788253784179688,False,False
6295-244435-0030_1272-128104-0007:0,6295,7.454960823059082,7.965166091918945,0.5102052688598633,False,False
6295-244435-0030_1272-128104-0007:1,1272,12.341176986694336,12.234305381774902,-0.1068716049194336,False,False
6313-66129-0001_3576-138058-0009:0,6313,16.643362045288086,16.643396377563477,3.4332275390625e-05,False,False
6313-66129-0001_3576-138058-0009:1,3576,14.653036117553711,14.726957321166992,0.07392120361328125,False,False
6313-66129-0017_2078-142845-0046:0,6313,13.140657424926758,9.934879302978516,-3.205778121948242,False,False
6313-66129-0017_2078-142845-0046:1,2078,13.705032348632812,13.719618797302246,0.014586448669433594,False,False
3853-163249-0047_7976-105575-0027:0,3853,7.786646842956543,-13.220739364624023,-21.007386207580566,False,True
3853-163249-0047_7976-105575-0027:1,7976,15.68228530883789,15.744369506835938,0.062084197998046875,False,False
3576-138058-0038_2277-149896-0018:0,3576,14.00549602508545,14.304865837097168,0.29936981201171875,False,False
3576-138058-0038_2277-149896-0018:1,2277,2.579327344894409,2.7946252822875977,0.21529793739318848,False,False
2803-154328-0013_7850-286674-0012:0,2803,2.45894718170166,5.672855377197266,3.2139081954956055,False,False
2803-154328-0013_7850-286674-0012:1,7850,14.075040817260742,15.493364334106445,1.4183235168457031,False,False
3536-23268-0019_174-50561-0011:0,3536,9.296080589294434,8.712235450744629,-0.5838451385498047,False,False
3536-23268-0019_174-50561-0011:1,174,10.304445266723633,9.861429214477539,-0.44301605224609375,False,False
2902-9008-0004_2086-149220-0011:0,2902,13.378400802612305,13.417049407958984,0.03864860534667969,False,False
2902-9008-0004_2086-149220-0011:1,2086,12.940509796142578,12.767476081848145,-0.1730337142944336,False,False
1993-147964-0002_8842-302196-0012:0,1993,13.789851188659668,14.239169120788574,0.44931793212890625,False,False
1993-147964-0002_8842-302196-0012:1,8842,-20.307598114013672,-25.094959259033203,-4.787361145019531,True,True
2086-149220-0007_5895-34629-0013:0,2086,11.478157043457031,11.440702438354492,-0.03745460510253906,False,False
2086-149220-0007_5895-34629-0013:1,5895,19.54399871826172,19.441137313842773,-0.10286140441894531,False,False
3081-166546-0089_251-137823-0003:0,3081,11.068809509277344,10.569080352783203,-0.4997291564941406,False,False
3081-166546-0089_251-137823-0003:1,251,8.692413330078125,8.726200103759766,0.033786773681640625,False,False
6295-244435-0033_2277-149897-0029:0,6295,13.988934516906738,13.963983535766602,-0.02495098114013672,False,False
6295-244435-0033_2277-149897-0029:1,2277,14.856571197509766,14.674531936645508,-0.1820392608642578,False,False
2078-142845-0018_6313-76958-0014:0,2078,16.341018676757812,16.549774169921875,0.2087554931640625,False,False
2078-142845-0018_6313-76958-0014:1,6313,10.16574478149414,10.219749450683594,0.054004669189453125,False,False
5694-64038-0018_174-84280-0010:0,5694,13.561487197875977,13.592056274414062,0.030569076538085938,False,False
5694-64038-0018_174-84280-0010:1,174,15.98037052154541,16.07088851928711,0.09051799774169922,False,False
7850-281318-0000_8842-302203-0005:0,7850,9.459463119506836,9.426628112792969,-0.03283500671386719,False,False
7850-281318-0000_8842-302203-0005:1,8842,15.463796615600586,15.503829956054688,0.04003334045410156,False,False
6319-57405-0006_8842-302201-0014:0,6319,16.45640754699707,16.362445831298828,-0.09396171569824219,False,False
6319-57405-0006_8842-302201-0014:1,8842,13.26297378540039,13.312252044677734,0.04927825927734375,False,False
6241-66616-0022_3752-4943-0008:0,6241,15.210695266723633,15.523113250732422,0.31241798400878906,False,False
6241-66616-0022_3752-4943-0008:1,3752,11.835786819458008,12.076061248779297,0.24027442932128906,False,False
3536-23268-0025_7850-281318-0016:0,3536,18.406845092773438,18.200029373168945,-0.2068157196044922,False,False
3536-23268-0025_7850-281318-0016:1,7850,8.94964599609375,6.51666784286499,-2.4329781532287598,False,False
3081-166546-0055_174-50561-0015:0,3081,13.232377052307129,12.765701293945312,-0.4666757583618164,False,False
3081-166546-0055_174-50561-0015:1,174,8.669759750366211,8.306159973144531,-0.3635997772216797,False,False
6319-57405-0003_1988-24833-0002:0,6319,9.656217575073242,9.561887741088867,-0.094329833984375,False,False
6319-57405-0003_1988-24833-0002:1,1988,17.571504592895508,17.83261489868164,0.2611103057861328,False,False
5536-43358-0011_3000-15664-0043:0,5536,12.276189804077148,12.266777992248535,-0.009411811828613281,False,False
5536-43358-0011_3000-15664-0043:1,3000,12.57374382019043,12.553739547729492,-0.0200042724609375,False,False
3752-4944-0056_84-121123-0010:0,3752,13.841453552246094,13.954959869384766,0.11350631713867188,False,False
3752-4944-0056_84-121123-0010:1,84,17.315542221069336,17.549110412597656,0.2335681915283203,False,False
2412-153954-0022_3853-163249-0013:0,2412,7.476207733154297,7.989489555358887,0.5132818222045898,False,False
2412-153954-0022_3853-163249-0013:1,3853,10.9054536819458,11.247381210327148,0.34192752838134766,False,False
2412-153954-0021_6319-275224-0003:0,2412,18.71874237060547,18.381874084472656,-0.3368682861328125,False,False
2412-153954-0021_6319-275224-0003:1,6319,13.709188461303711,13.620521545410156,-0.08866691589355469,False,False
652-129742-0016_8842-304647-0009:0,652,12.568292617797852,13.036153793334961,0.4678611755371094,False,False
652-129742-0016_8842-304647-0009:1,8842,15.625330924987793,15.613227844238281,-0.012103080749511719,False,False
6319-64726-0004_1272-141231-0028:0,6319,12.400459289550781,12.537555694580078,0.13709640502929688,False,False
6319-64726-0004_1272-141231-0028:1,1272,20.243553161621094,20.454421997070312,0.21086883544921875,False,False
6241-66616-0024_3853-163249-0051:0,6241,13.468374252319336,13.538558959960938,0.07018470764160156,False,False
6241-66616-0024_3853-163249-0051:1,3853,14.565801620483398,14.690649032592773,0.124847412109375,False,False
84-121123-0005_3536-23268-0024:0,84,5.286584377288818,7.1110453605651855,1.8244609832763672,False,False
84-121123-0005_3536-23268-0024:1,3536,17.80699920654297,17.723186492919922,-0.08381271362304688,False,False
8297-275156-0002_6295-244435-0003:0,8297,6.151460647583008,-8.91683292388916,-15.068293571472168,False,True
8297-275156-0002_6295-244435-0003:1,6295,8.573639869689941,8.110416412353516,-0.4632234573364258,False,False
6313-66129-0027_251-137823-0007:0,6313,17.635852813720703,17.679039001464844,0.043186187744140625,False,False
6313-66129-0027_251-137823-0007:1,251,15.893165588378906,15.89470100402832,0.0015354156494140625,False,False
2277-149897-0022_6241-66616-0005:0,2277,15.523772239685059,15.531514167785645,0.0077419281005859375,False,False
2277-149897-0022_6241-66616-0005:1,6241,13.511192321777344,13.535429954528809,0.024237632751464844,False,False
6313-66125-0006_1919-142785-0002:0,6313,16.456588745117188,16.168781280517578,-0.2878074645996094,False,False
6313-66125-0006_1919-142785-0002:1,1919,11.834495544433594,11.748451232910156,-0.0860443115234375,False,False
1462-170145-0005_2086-149220-0032:0,1462,13.973564147949219,14.587921142578125,0.6143569946289062,False,False
1462-170145-0005_2086-149220-0032:1,2086,17.245622634887695,17.31014060974121,0.06451797485351562,False,False
3752-4944-0064_1919-142785-0062:0,3752,17.088916778564453,17.204917907714844,0.11600112915039062,False,False
3752-4944-0064_1919-142785-0062:1,1919,13.738527297973633,13.81401252746582,0.0754852294921875,False,False
5895-34622-0008_652-130726-0023:0,5895,13.869162559509277,14.073490142822266,0.20432758331298828,False,False
5895-34622-0008_652-130726-0023:1,652,13.561368942260742,14.012682914733887,0.45131397247314453,False,False
2035-147961-0018_3536-8226-0016:0,2035,14.334016799926758,12.572419166564941,-1.7615976333618164,False,False
2035-147961-0018_3536-8226-0016:1,3536,13.629203796386719,13.625406265258789,-0.0037975311279296875,False,False
3853-163249-0002_2035-147961-0036:0,3853,9.08935546875,10.147651672363281,1.0582962036132812,False,False
3853-163249-0002_2035-147961-0036:1,2035,9.191245079040527,10.487083435058594,1.2958383560180664,False,False
7976-105575-0005_8842-302203-0006:0,7976,13.297588348388672,13.288284301757812,-0.009304046630859375,False,False
7976-105575-0005_8842-302203-0006:1,8842,13.987598419189453,14.002910614013672,0.01531219482421875,False,False
6345-93306-0020_174-168635-0017:0,6345,12.866201400756836,13.578681945800781,0.7124805450439453,False,False
6345-93306-0020_174-168635-0017:1,174,10.840696334838867,11.237401962280273,0.39670562744140625,False,False
7850-286674-0002_6319-275224-0008:0,7850,13.894194602966309,14.306346893310547,0.4121522903442383,False,False
7850-286674-0002_6319-275224-0008:1,6319,8.0955171585083,7.170437335968018,-0.9250798225402832,False,False
174-84280-0009_251-136532-0010:0,174,1.5444507598876953,2.7596259117126465,1.2151751518249512,False,False
174-84280-0009_251-136532-0010:1,251,3.031419515609741,7.547324180603027,4.515904664993286,False,False
2412-153954-0019_84-121123-0020:0,2412,5.699594974517822,11.277341842651367,5.577746868133545,False,False
2412-153954-0019_84-121123-0020:1,84,14.958446502685547,14.974967956542969,0.016521453857421875,False,False
1272-141231-0003_3853-163249-0003:0,1272,11.059348106384277,10.626677513122559,-0.43267059326171875,False,False
1272-141231-0003_3853-163249-0003:1,3853,10.592423439025879,10.478304862976074,-0.11411857604980469,False,False
1272-135031-0005_84-121550-0028:0,1272,18.08017349243164,18.102148056030273,0.021974563598632812,False,False
1272-135031-0005_84-121550-0028:1,84,15.000324249267578,14.844779968261719,-0.15554428100585938,False,False
6241-61946-0018_2412-153954-0024:0,6241,13.181809425354004,13.25489330291748,0.07308387756347656,False,False
6241-61946-0018_2412-153954-0024:1,2412,15.333028793334961,15.433512687683105,0.10048389434814453,False,False
652-130726-0009_1462-170138-0007:0,652,17.378990173339844,17.54713249206543,0.16814231872558594,False,False
652-130726-0009_1462-170138-0007:1,1462,13.586359024047852,13.559959411621094,-0.026399612426757812,False,False
7976-110523-0000_174-168635-0011:0,7976,12.210732460021973,12.214411735534668,0.0036792755126953125,False,False
7976-110523-0000_174-168635-0011:1,174,12.740453720092773,12.883567810058594,0.1431140899658203,False,False
3576-138058-0001_2902-9008-0003:0,3576,17.13401222229004,17.615009307861328,0.48099708557128906,False,False
3576-138058-0001_2902-9008-0003:1,2902,13.822875022888184,13.841952323913574,0.019077301025390625,False,False
2078-142845-0034_1272-141231-0027:0,2078,12.933900833129883,13.21787166595459,0.28397083282470703,False,False
2078-142845-0034_1272-141231-0027:1,1272,13.973725318908691,13.411943435668945,-0.5617818832397461,False,False
6345-93306-0019_5338-284437-0026:0,6345,18.159326553344727,18.174638748168945,0.01531219482421875,False,False
6345-93306-0019_5338-284437-0026:1,5338,14.582298278808594,14.443166732788086,-0.1391315460205078,False,False
6319-275224-0012_1919-142785-0011:0,6319,13.288412094116211,13.213129043579102,-0.07528305053710938,False,False
6319-275224-0012_1919-142785-0011:1,1919,12.414337158203125,12.47122859954834,0.056891441345214844,False,False
2412-153947-0003_6345-93302-0026:0,2412,15.217244148254395,15.36311149597168,0.14586734771728516,False,False
2412-153947-0003_6345-93302-0026:1,6345,13.493345260620117,13.899097442626953,0.40575218200683594,False,False
6313-76958-0012_5536-43363-0016:0,6313,15.429667472839355,15.570123672485352,0.1404561996459961,False,False
6313-76958-0012_5536-43363-0016:1,5536,13.696584701538086,13.817770004272461,0.121185302734375,False,False
2428-83699-0037_5536-43363-0017:0,2428,11.85257625579834,11.885738372802734,0.03316211700439453,False,False
2428-83699-0037_5536-43363-0017:1,5536,10.464244842529297,10.255495071411133,-0.20874977111816406,False,False
174-50561-0010_3576-138058-0029:0,174,12.26424503326416,12.369211196899414,0.1049661636352539,False,False
174-50561-0010_3576-138058-0029:1,3576,10.493598937988281,10.404069900512695,-0.08952903747558594,False,False
1988-147956-0021_3170-137482-0031:0,1988,6.63214111328125,6.682156562805176,0.05001544952392578,False,False
1988-147956-0021_3170-137482-0031:1,3170,14.713496208190918,14.142631530761719,-0.5708646774291992,False,False
2412-153947-0004_1919-142785-0027:0,2412,15.356431007385254,15.409425735473633,0.052994728088378906,False,False
2412-153947-0004_1919-142785-0027:1,1919,11.789969444274902,11.906668663024902,0.11669921875,False,False
6295-244435-0017_2428-83699-0020:0,6295,10.11879825592041,10.042927742004395,-0.07587051391601562,False,False
6295-244435-0017_2428-83699-0020:1,2428,15.808053970336914,15.73597526550293,-0.07207870483398438,False,False
5536-43359-0017_6241-61943-0025:0,5536,14.910478591918945,14.816778182983398,-0.09370040893554688,False,False
5536-43359-0017_6241-61943-0025:1,6241,14.500611305236816,14.402261734008789,-0.09834957122802734,False,False
1993-147149-0018_3170-137482-0043:0,1993,15.648329734802246,15.661465644836426,0.013135910034179688,False,False
1993-147149-0018_3170-137482-0043:1,3170,15.912433624267578,15.988249778747559,0.07581615447998047,False,False
3000-15664-0000_5338-24640-0001:0,3000,22.53644561767578,22.39798355102539,-0.13846206665039062,False,False
3000-15664-0000_5338-24640-0001:1,5338,17.714683532714844,16.530174255371094,-1.18450927734375,False,False
2803-154320-0013_2277-149897-0033:0,2803,15.428447723388672,15.321813583374023,-0.10663414001464844,False,False
2803-154320-0013_2277-149897-0033:1,2277,14.53166389465332,14.556035041809082,0.02437114715576172,False,False
84-121550-0027_1993-147149-0019:0,84,12.039163589477539,8.709453582763672,-3.329710006713867,False,False
84-121550-0027_1993-147149-0019:1,1993,13.012247085571289,11.571798324584961,-1.4404487609863281,False,False
1988-147956-0005_1462-170142-0016:0,1988,-38.11659240722656,-37.175514221191406,0.9410781860351562,True,True
1988-147956-0005_1462-170142-0016:1,1462,15.39892864227295,15.817214012145996,0.4182853698730469,False,False
2803-161169-0000_174-84280-0012:0,2803,12.428654670715332,12.316239356994629,-0.11241531372070312,False,False
2803-161169-0000_174-84280-0012:1,174,15.969827651977539,13.232596397399902,-2.7372312545776367,False,False
3081-166546-0047_1919-142785-0003:0,3081,8.747111320495605,7.854753494262695,-0.8923578262329102,False,False
3081-166546-0047_1919-142785-0003:1,1919,-10.303092002868652,-10.456581115722656,-0.1534891128540039,True,True
6345-93306-0025_1462-170142-0026:0,6345,18.2978458404541,17.98716163635254,-0.3106842041015625,False,False
6345-93306-0025_1462-170142-0026:1,1462,16.617361068725586,18.516761779785156,1.8994007110595703,False,False
5694-64029-0007_6313-66129-0002:0,5694,13.293886184692383,13.093122482299805,-0.20076370239257812,False,False
5694-64029-0007_6313-66129-0002:1,6313,16.39035415649414,16.419633865356445,0.029279708862304688,False,False
6319-57405-0012_8842-302203-0001:0,6319,14.651586532592773,15.202031135559082,0.5504446029663086,False,False
6319-57405-0012_8842-302203-0001:1,8842,13.326701164245605,13.600841522216797,0.2741403579711914,False,False
3853-163249-0005_1272-135031-0004:0,3853,14.401349067687988,14.066606521606445,-0.33474254608154297,False,False
3853-163249-0005_1272-135031-0004:1,1272,15.689632415771484,15.607362747192383,-0.08226966857910156,False,False
2277-149896-0011_2086-149214-0001:0,2277,17.308141708374023,17.170211791992188,-0.13792991638183594,False,False
2277-149896-0011_2086-149214-0001:1,2086,15.753366470336914,15.66533088684082,-0.08803558349609375,False,False
2277-149897-0015_6241-61946-0014:0,2277,18.714801788330078,18.96338653564453,0.24858474731445312,False,False
2277-149897-0015_6241-61946-0014:1,6241,12.753181457519531,12.813604354858398,0.06042289733886719,False,False
652-129742-0013_2412-153947-0007:0,652,13.333381652832031,13.309990882873535,-0.023390769958496094,False,False
652-129742-0013_2412-153947-0007:1,2412,12.980216979980469,12.86705207824707,-0.11316490173339844,False,False
652-130726-0027_5694-64029-0019:0,652,10.644832611083984,10.50058364868164,-0.14424896240234375,False,False
652-130726-0027_5694-64029-0019:1,5694,12.517508506774902,12.5501708984375,0.032662391662597656,False,False
8297-275155-0000_2086-149214-0003:0,8297,9.276961326599121,9.66737174987793,0.3904104232788086,False,False
8297-275155-0000_2086-149214-0003:1,2086,9.438307762145996,9.643911361694336,0.20560359954833984,False,False
3853-163249-0041_2086-149220-0022:0,3853,16.217796325683594,16.105724334716797,-0.11207199096679688,False,False
3853-163249-0041_2086-149220-0022:1,2086,16.484569549560547,16.554418563842773,0.06984901428222656,False,False
6319-275224-0001_5338-24640-0009:0,6319,-35.29414367675781,-34.54073715209961,0.7534065246582031,True,True
6319-275224-0001_5338-24640-0009:1,5338,16.722707748413086,16.78376007080078,0.06105232238769531,False,False
3576-138058-0040_2412-153947-0006:0,3576,14.951091766357422,15.056562423706055,0.10547065734863281,False,False
3576-138058-0040_2412-153947-0006:1,2412,13.277966499328613,13.205599784851074,-0.07236671447753906,False,False
2078-142845-0037_6295-244435-0023:0,2078,10.325043678283691,10.267202377319336,-0.05784130096435547,False,False
2078-142845-0037_6295-244435-0023:1,6295,12.182943344116211,11.669525146484375,-0.5134181976318359,False,False
3752-4943-0029_2078-142845-0033:0,3752,12.307415962219238,12.585465431213379,0.2780494689941406,False,False
3752-4943-0029_2078-142845-0033:1,2078,13.386557579040527,13.349679946899414,-0.03687763214111328,False,False
6319-275224-0013_3081-166546-0012:0,6319,-11.068180084228516,-4.710746765136719,6.357433319091797,True,False
6319-275224-0013_3081-166546-0012:1,3081,3.5792951583862305,-6.823143005371094,-10.402438163757324,False,True
1993-147966-0001_2277-149896-0032:0,1993,2.379462718963623,12.827980041503906,10.448517322540283,False,False
1993-147966-0001_2277-149896-0032:1,2277,12.152732849121094,11.256078720092773,-0.8966541290283203,False,False
6313-76958-0017_8842-302201-0012:0,6313,14.12099838256836,13.925332069396973,-0.19566631317138672,False,False
6313-76958-0017_8842-302201-0012:1,8842,-12.811219215393066,-2.2761476039886475,10.535071611404419,True,True
777-126732-0047_8297-275154-0015:0,777,5.822999477386475,4.0650248527526855,-1.757974624633789,False,False
777-126732-0047_8297-275154-0015:1,8297,10.826272010803223,10.901047706604004,0.07477569580078125,False,False
7850-286674-0011_2803-161169-0014:0,7850,17.428586959838867,17.447864532470703,0.019277572631835938,False,False
7850-286674-0011_2803-161169-0014:1,2803,14.824050903320312,14.756336212158203,-0.06771469116210938,False,False
2803-154328-0006_1988-24833-0013:0,2803,14.348092079162598,14.522857666015625,0.17476558685302734,False,False
2803-154328-0006_1988-24833-0013:1,1988,15.227778434753418,15.324274063110352,0.0964956283569336,False,False
7976-110124-0000_3853-163249-0027:0,7976,12.924127578735352,12.098660469055176,-0.8254671096801758,False,False
7976-110124-0000_3853-163249-0027:1,3853,4.776569366455078,1.2073769569396973,-3.569192409515381,False,False
5895-34629-0031_1919-142785-0043:0,5895,16.421098709106445,16.347530364990234,-0.07356834411621094,False,False
5895-34629-0031_1919-142785-0043:1,1919,19.063955307006836,19.03144645690918,-0.03250885009765625,False,False
2035-147961-0012_2412-153954-0009:0,2035,-14.915446281433105,0.7590646743774414,15.674510955810547,True,True
2035-147961-0012_2412-153954-0009:1,2412,12.184356689453125,12.191740036010742,0.0073833465576171875,False,False
251-136532-0007_2428-83705-0033:0,251,14.773669242858887,14.908313751220703,0.1346445083618164,False,False
251-136532-0007_2428-83705-0033:1,2428,13.712646484375,14.34820556640625,0.63555908203125,False,False
3536-8226-0023_2412-153954-0013:0,3536,15.045459747314453,15.019782066345215,-0.02567768096923828,False,False
3536-8226-0023_2412-153954-0013:1,2412,-34.14719772338867,-33.559844970703125,0.5873527526855469,True,True
6313-66129-0014_6241-66616-0017:0,6313,14.808365821838379,14.812527656555176,0.004161834716796875,False,False
6313-66129-0014_6241-66616-0017:1,6241,14.230216026306152,14.043992042541504,-0.18622398376464844,False,False
3576-138058-0034_2086-149220-0010:0,3576,14.129263877868652,14.09273624420166,-0.03652763366699219,False,False
3576-138058-0034_2086-149220-0010:1,2086,17.3382568359375,17.203266143798828,-0.13499069213867188,False,False
777-126732-0076_1462-170138-0015:0,777,12.736821174621582,12.615803718566895,-0.1210174560546875,False,False
777-126732-0076_1462-170138-0015:1,1462,13.59501838684082,13.559415817260742,-0.035602569580078125,False,False
1462-170142-0020_3576-138058-0037:0,1462,5.8807172775268555,1.5288065671920776,-4.351910710334778,False,False
1462-170142-0020_3576-138058-0037:1,3576,-0.7758480310440063,2.538444757461548,3.314292788505554,False,False
6295-64301-0027_3752-4944-0047:0,6295,8.702186584472656,9.074579238891602,0.3723926544189453,False,False
6295-64301-0027_3752-4944-0047:1,3752,16.92032241821289,16.927167892456055,0.0068454742431640625,False,False
2277-149874-0004_6295-244435-0031:0,2277,13.397224426269531,13.157705307006836,-0.2395191192626953,False,False
2277-149874-0004_6295-244435-0031:1,6295,12.35409164428711,12.422504425048828,0.06841278076171875,False,False
652-130737-0001_2412-153954-0007:0,652,12.457550048828125,12.583169937133789,0.12561988830566406,False,False
652-130737-0001_2412-153954-0007:1,2412,10.099037170410156,9.887415885925293,-0.21162128448486328,False,False
652-130726-0031_251-136532-0001:0,652,11.40764331817627,11.529847145080566,0.12220382690429688,False,False
652-130726-0031_251-136532-0001:1,251,6.426687240600586,6.600695610046387,0.17400836944580078,False,False
3536-23268-0020_3000-15664-0030:0,3536,12.813751220703125,12.736284255981445,-0.07746696472167969,False,False
3536-23268-0020_3000-15664-0030:1,3000,14.059064865112305,14.133140563964844,0.07407569885253906,False,False
3536-8226-0004_5895-34629-0009:0,3536,10.31443977355957,10.349603652954102,0.03516387939453125,False,False
3536-8226-0004_5895-34629-0009:1,5895,9.215056419372559,-10.2723970413208,-19.48745346069336,False,True
1919-142785-0012_7976-105575-0029:0,1919,18.102664947509766,17.728269577026367,-0.37439537048339844,False,False
1919-142785-0012_7976-105575-0029:1,7976,11.46938419342041,11.599801063537598,0.1304168701171875,False,False
2086-149220-0038_1673-143397-0013:0,2086,13.41012191772461,13.396095275878906,-0.014026641845703125,False,False
2086-149220-0038_1673-143397-0013:1,1673,17.356582641601562,17.415019989013672,0.058437347412109375,False,False
8842-302201-0013_8297-275154-0007:0,8842,19.361276626586914,19.344478607177734,-0.016798019409179688,False,False
8842-302201-0013_8297-275154-0007:1,8297,13.105098724365234,12.957818984985352,-0.1472797393798828,False,False
2803-154328-0011_422-122949-0032:0,2803,8.460871696472168,7.727140426635742,-0.7337312698364258,False,False
2803-154328-0011_422-122949-0032:1,422,-13.884214401245117,-10.548954010009766,3.3352603912353516,True,True
6295-244435-0001_2803-154328-0019:0,6295,3.3864669799804688,10.397509574890137,7.011042594909668,False,False
6295-244435-0001_2803-154328-0019:1,2803,7.803857803344727,8.921667098999023,1.1178092956542969,False,False
6313-66129-0034_251-136532-0005:0,6313,15.337566375732422,15.333203315734863,-0.004363059997558594,False,False
6313-66129-0034_251-136532-0005:1,251,11.106517791748047,10.996652603149414,-0.10986518859863281,False,False
1993-147966-0000_422-122949-0011:0,1993,13.213367462158203,13.419732093811035,0.20636463165283203,False,False
1993-147966-0000_422-122949-0011:1,422,12.44756031036377,12.577739715576172,0.13017940521240234,False,False
1988-147956-0011_1993-147149-0011:0,1988,-0.2195882797241211,15.716350555419922,15.935938835144043,True,False
1988-147956-0011_1993-147149-0011:1,1993,8.636557579040527,8.752026557922363,0.11546897888183594,False,False
2277-149897-0023_1919-142785-0059:0,2277,-37.94109344482422,-39.42595672607422,-1.48486328125,True,True
2277-149897-0023_1919-142785-0059:1,1919,14.112344741821289,14.135156631469727,0.0228118896484375,False,False
422-122949-0006_5536-43359-0007:0,422,14.305370330810547,14.32016372680664,0.01479339599609375,False,False
422-122949-0006_5536-43359-0007:1,5536,9.448019027709961,9.248886108398438,-0.19913291931152344,False,False
6345-93302-0001_2803-154328-0001:0,6345,15.228771209716797,14.950042724609375,-0.2787284851074219,False,False
6345-93302-0001_2803-154328-0001:1,2803,13.73829460144043,13.66959285736084,-0.06870174407958984,False,False
3170-137482-0048_5536-43358-0013:0,3170,15.026756286621094,15.06059455871582,0.03383827209472656,False,False
3170-137482-0048_5536-43358-0013:1,5536,9.703163146972656,9.830881118774414,0.1277179718017578,False,False
1462-170138-0016_777-126732-0059:0,1462,15.754739761352539,15.846364974975586,0.09162521362304688,False,False
1462-170138-0016_777-126732-0059:1,777,13.342826843261719,13.370407104492188,0.02758026123046875,False,False
6319-275224-0010_7850-281318-0004:0,6319,10.288443565368652,9.13645076751709,-1.1519927978515625,False,False
6319-275224-0010_7850-281318-0004:1,7850,13.23261547088623,12.924123764038086,-0.30849170684814453,False,False
7976-105575-0019_3752-4943-0004:0,7976,17.82737922668457,17.608003616333008,-0.2193756103515625,False,False
7976-105575-0019_3752-4943-0004:1,3752,14.26164436340332,14.050386428833008,-0.2112579345703125,False,False
3752-4944-0001_8297-275154-0013:0,3752,8.837150573730469,8.930349349975586,0.09319877624511719,False,False
3752-4944-0001_8297-275154-0013:1,8297,-10.826091766357422,10.33004379272461,21.15613555908203,True,False
1673-143397-0007_3853-163249-0055:0,1673,-6.041627883911133,-4.932511329650879,1.109116554260254,False,False
1673-143397-0007_3853-163249-0055:1,3853,9.910972595214844,2.8361029624938965,-7.074869632720947,False,False
1988-147956-0015_84-121550-0000:0,1988,18.286020278930664,18.46224594116211,0.1762256622314453,False,False
1988-147956-0015_84-121550-0000:1,84,14.309259414672852,14.75452995300293,0.4452705383300781,False,False
6319-64726-0018_777-126732-0011:0,6319,16.621578216552734,16.507627487182617,-0.11395072937011719,False,False
6319-64726-0018_777-126732-0011:1,777,15.26211166381836,15.039705276489258,-0.22240638732910156,False,False
174-168635-0010_2086-149220-0049:0,174,6.521242141723633,6.168694496154785,-0.35254764556884766,False,False
174-168635-0010_2086-149220-0049:1,2086,7.516489028930664,6.891502380371094,-0.6249866485595703,False,False
1673-143397-0016_8842-302203-0003:0,1673,13.98289966583252,14.138060569763184,0.15516090393066406,False,False
1673-143397-0016_8842-302203-0003:1,8842,-27.90617561340332,-28.386079788208008,-0.4799041748046875,True,True
5338-284437-0032_6313-66129-0013:0,5338,12.861529350280762,12.53109073638916,-0.33043861389160156,False,False
5338-284437-0032_6313-66129-0013:1,6313,14.933286666870117,14.91878890991211,-0.014497756958007812,False,False
3853-163249-0045_652-129742-0014:0,3853,13.185303688049316,13.135658264160156,-0.049645423889160156,False,False
3853-163249-0045_652-129742-0014:1,652,13.120922088623047,13.103742599487305,-0.017179489135742188,False,False
2035-147961-0019_6313-76958-0016:0,2035,12.754366874694824,12.906393051147461,0.15202617645263672,False,False
2035-147961-0019_6313-76958-0016:1,6313,14.135586738586426,13.60057258605957,-0.5350141525268555,False,False
6295-244435-0016_8297-275154-0001:0,6295,-4.471935749053955,-2.1710002422332764,2.3009355068206787,False,False
6295-244435-0016_8297-275154-0001:1,8297,8.478046417236328,8.85988998413086,0.38184356689453125,False,False
7976-110523-0013_2428-83699-0033:0,7976,17.115367889404297,17.19116973876953,0.07580184936523438,False,False
7976-110523-0013_2428-83699-0033:1,2428,12.199064254760742,12.318923950195312,0.11985969543457031,False,False
6319-275224-0002_1673-143396-0020:0,6319,-30.298627853393555,-29.63658332824707,0.6620445251464844,True,True
6319-275224-0002_1673-143396-0020:1,1673,14.99494457244873,14.967378616333008,-0.027565956115722656,False,False
3081-166546-0077_251-137823-0005:0,3081,5.392871379852295,4.072270393371582,-1.320600986480713,False,False
3081-166546-0077_251-137823-0005:1,251,12.74860954284668,12.90200138092041,0.15339183807373047,False,False
3536-8226-0006_1919-142785-0060:0,3536,8.545104026794434,8.421100616455078,-0.12400341033935547,False,False
3536-8226-0006_1919-142785-0060:1,1919,17.329662322998047,17.165878295898438,-0.16378402709960938,False,False
8842-302196-0000_3752-4944-0025:0,8842,14.294085502624512,15.100431442260742,0.8063459396362305,False,False
8842-302196-0000_3752-4944-0025:1,3752,14.80333423614502,14.952569007873535,0.14923477172851562,False,False
5694-64025-0014_251-136532-0002:0,5694,-0.8650798797607422,0.08723211288452148,0.9523119926452637,True,False
5694-64025-0014_251-136532-0002:1,251,11.314872741699219,11.341073989868164,0.026201248168945312,False,False
251-118436-0015_6313-66125-0003:0,251,18.45859146118164,17.199562072753906,-1.2590293884277344,False,False
251-118436-0015_6313-66125-0003:1,6313,17.92536735534668,18.072032928466797,0.1466655731201172,False,False
8842-304647-0011_3853-163249-0050:0,8842,12.101614952087402,12.385540962219238,0.28392601013183594,False,False
8842-304647-0011_3853-163249-0050:1,3853,14.410053253173828,14.29637336730957,-0.11367988586425781,False,False
6313-66129-0020_8297-275155-0028:0,6313,17.725669860839844,17.06631088256836,-0.6593589782714844,False,False
6313-66129-0020_8297-275155-0028:1,8297,14.114725112915039,15.308832168579102,1.1941070556640625,False,False
2086-149220-0030_3081-166546-0085:0,2086,7.311954498291016,8.01400375366211,0.7020492553710938,False,False
2086-149220-0030_3081-166546-0085:1,3081,10.012019157409668,7.769950866699219,-2.242068290710449,False,False
3752-4943-0022_6319-275224-0011:0,3752,17.224838256835938,17.599164962768555,0.3743267059326172,False,False
3752-4943-0022_6319-275224-0011:1,6319,13.943395614624023,13.96391487121582,0.020519256591796875,False,False
7850-286674-0004_6241-66616-0013:0,7850,11.325763702392578,11.19916820526123,-0.12659549713134766,False,False
7850-286674-0004_6241-66616-0013:1,6241,15.20013427734375,15.236926078796387,0.03679180145263672,False,False
5536-43358-0003_6295-64301-0018:0,5536,12.890869140625,12.864076614379883,-0.026792526245117188,False,False
5536-43358-0003_6295-64301-0018:1,6295,12.584397315979004,12.531271934509277,-0.05312538146972656,False,False
3170-137482-0021_1673-143396-0005:0,3170,14.622172355651855,14.746586799621582,0.12441444396972656,False,False
3170-137482-0021_1673-143396-0005:1,1673,16.84597396850586,16.858856201171875,0.012882232666015625,False,False
2803-161169-0016_1462-170142-0004:0,2803,17.388240814208984,17.347017288208008,-0.04122352600097656,False,False
2803-161169-0016_1462-170142-0004:1,1462,14.335617065429688,14.397998809814453,0.062381744384765625,False,False
2412-153948-0012_5895-34615-0002:0,2412,9.313730239868164,9.390328407287598,0.0765981674194336,False,False
2412-153948-0012_5895-34615-0002:1,5895,12.78818130493164,13.413257598876953,0.6250762939453125,False,False
1993-147149-0005_1919-142785-0040:0,1993,-12.793558120727539,1.4516184329986572,14.245176553726196,True,False
1993-147149-0005_1919-142785-0040:1,1919,9.064359664916992,8.651756286621094,-0.41260337829589844,False,False
2412-153948-0013_8297-275156-0004:0,2412,16.8076171875,16.992218017578125,0.184600830078125,False,False
2412-153948-0013_8297-275156-0004:1,8297,16.17264175415039,16.260578155517578,0.0879364013671875,False,False
3853-163249-0028_3576-138058-0018:0,3853,12.776779174804688,13.107593536376953,0.3308143615722656,False,False
3853-163249-0028_3576-138058-0018:1,3576,13.468765258789062,14.890247344970703,1.4214820861816406,False,False
3000-15664-0013_2086-149220-0040:0,3000,6.0379638671875,7.977128505706787,1.939164638519287,False,False
3000-15664-0013_2086-149220-0040:1,2086,8.124529838562012,7.4743852615356445,-0.6501445770263672,False,False
7976-110124-0021_3170-137482-0044:0,7976,15.332050323486328,15.556589126586914,0.22453880310058594,False,False
7976-110124-0021_3170-137482-0044:1,3170,9.38485336303711,9.357694625854492,-0.027158737182617188,False,False
652-130726-0007_1272-128104-0001:0,652,11.8740873336792,12.145301818847656,0.27121448516845703,False,False
652-130726-0007_1272-128104-0001:1,1272,10.414116859436035,10.535622596740723,0.1215057373046875,False,False
3853-163249-0044_2803-154328-0020:0,3853,14.40237045288086,14.35169792175293,-0.05067253112792969,False,False
3853-163249-0044_2803-154328-0020:1,2803,16.078657150268555,15.990678787231445,-0.08797836303710938,False,False
2086-149214-0000_174-50561-0005:0,2086,9.723336219787598,10.053831100463867,0.33049488067626953,False,False
2086-149214-0000_174-50561-0005:1,174,8.443133354187012,9.84015941619873,1.3970260620117188,False,False
84-121123-0024_7850-111771-0006:0,84,13.960539817810059,12.721883773803711,-1.2386560440063477,False,False
84-121123-0024_7850-111771-0006:1,7850,11.833267211914062,11.8955717086792,0.06230449676513672,False,False
3752-4944-0012_6295-64301-0002:0,3752,11.304662704467773,11.389181137084961,0.0845184326171875,False,False
3752-4944-0012_6295-64301-0002:1,6295,9.82716178894043,9.670490264892578,-0.15667152404785156,False,False
6345-64257-0005_1988-147956-0026:0,6345,11.386234283447266,12.31916618347168,0.9329319000244141,False,False
6345-64257-0005_1988-147956-0026:1,1988,13.770228385925293,13.648712158203125,-0.12151622772216797,False,False
2078-142845-0019_3000-15664-0003:0,2078,12.650559425354004,7.107692718505859,-5.5428667068481445,False,False
2078-142845-0019_3000-15664-0003:1,3000,15.02952766418457,18.310073852539062,3.280546188354492,False,False
5694-64038-0005_251-137823-0002:0,5694,12.549039840698242,12.611393928527832,0.062354087829589844,False,False
5694-64038-0005_251-137823-0002:1,251,11.748889923095703,11.779454231262207,0.030564308166503906,False,False
7976-105575-0012_3081-166546-0072:0,7976,12.9075288772583,13.576848030090332,0.6693191528320312,False,False
7976-105575-0012_3081-166546-0072:1,3081,9.143781661987305,10.436070442199707,1.2922887802124023,False,False
3081-166546-0042_3752-4944-0069:0,3081,11.961596488952637,11.685111999511719,-0.27648448944091797,False,False
3081-166546-0042_3752-4944-0069:1,3752,8.81011962890625,8.7132568359375,-0.09686279296875,False,False
84-121550-0031_8297-275154-0026:0,84,10.815629959106445,11.01805305480957,0.202423095703125,False,False
84-121550-0031_8297-275154-0026:1,8297,18.743635177612305,18.68381118774414,-0.05982398986816406,False,False
5895-34622-0003_6345-64257-0010:0,5895,-2.555204391479492,-3.9128143787384033,-1.3576099872589111,False,False
5895-34622-0003_6345-64257-0010:1,6345,13.624120712280273,13.605555534362793,-0.01856517791748047,False,False
2428-83699-0028_6313-76958-0029:0,2428,12.417951583862305,12.37696647644043,-0.040985107421875,False,False
2428-83699-0028_6313-76958-0029:1,6313,16.748897552490234,16.835018157958984,0.08612060546875,False,False
7850-281318-0001_6295-244435-0032:0,7850,17.200536727905273,17.064868927001953,-0.1356678009033203,False,False
7850-281318-0001_6295-244435-0032:1,6295,17.493654251098633,17.637758255004883,0.14410400390625,False,False
2902-9006-0019_6319-275224-0014:0,2902,17.13131332397461,17.08978843688965,-0.04152488708496094,False,False
2902-9006-0019_6319-275224-0014:1,6319,-34.010398864746094,-34.15610122680664,-0.14570236206054688,True,True
1462-170142-0042_2277-149874-0010:0,1462,-0.17967069149017334,-2.546966075897217,-2.3672953844070435,False,False
1462-170142-0042_2277-149874-0010:1,2277,12.812825202941895,12.435882568359375,-0.37694263458251953,False,False
3000-15664-0017_3081-166546-0087:0,3000,7.310235500335693,6.474101543426514,-0.8361339569091797,False,False
3000-15664-0017_3081-166546-0087:1,3081,10.121658325195312,8.988675117492676,-1.1329832077026367,False,False
251-137823-0025_3536-23268-0008:0,251,13.308857917785645,11.45913314819336,-1.8497247695922852,False,False
251-137823-0025_3536-23268-0008:1,3536,13.782235145568848,13.400155067443848,-0.382080078125,False,False
2412-153948-0000_1919-142785-0053:0,2412,12.770242691040039,12.789522171020508,0.01927947998046875,False,False
2412-153948-0000_1919-142785-0053:1,1919,14.176856994628906,14.033084869384766,-0.14377212524414062,False,False
5694-64038-0017_251-136532-0017:0,5694,10.349861145019531,10.638038635253906,0.288177490234375,False,False
5694-64038-0017_251-136532-0017:1,251,9.217707633972168,9.291024208068848,0.07331657409667969,False,False
3853-163249-0025_2902-9006-0002:0,3853,14.336623191833496,14.271085739135742,-0.0655374526977539,False,False
3853-163249-0025_2902-9006-0002:1,2902,11.089868545532227,11.485139846801758,0.39527130126953125,False,False
777-126732-0034_8842-304647-0013:0,777,14.441915512084961,14.494596481323242,0.05268096923828125,False,False
777-126732-0034_8842-304647-0013:1,8842,13.151700973510742,13.134688377380371,-0.017012596130371094,False,False
8842-302201-0011_8297-275154-0012:0,8842,11.727087020874023,11.836196899414062,0.10910987854003906,False,False
8842-302201-0011_8297-275154-0012:1,8297,15.804532051086426,15.298272132873535,-0.5062599182128906,False,False
3752-4944-0031_7850-111771-0005:0,3752,11.590144157409668,11.310824394226074,-0.27931976318359375,False,False
3752-4944-0031_7850-111771-0005:1,7850,17.43167495727539,17.389923095703125,-0.041751861572265625,False,False
84-121550-0018_8297-275156-0012:0,84,11.936225891113281,11.960220336914062,0.02399444580078125,False,False
84-121550-0018_8297-275156-0012:1,8297,18.04025650024414,18.044809341430664,0.0045528411865234375,False,False
5338-284437-0016_2035-147961-0030:0,5338,13.863162994384766,4.804336071014404,-9.058826923370361,False,False
5338-284437-0016_2035-147961-0030:1,2035,15.223723411560059,15.247330665588379,0.023607254028320312,False,False
5694-64038-0020_3000-15664-0022:0,5694,12.99736213684082,13.099788665771484,0.10242652893066406,False,False
5694-64038-0020_3000-15664-0022:1,3000,12.978418350219727,13.06369400024414,0.08527565002441406,False,False
8842-302201-0001_2803-161169-0013:0,8842,16.9218692779541,16.969018936157227,0.047149658203125,False,False
8842-302201-0001_2803-161169-0013:1,2803,12.892108917236328,12.8428955078125,-0.049213409423828125,False,False
652-130737-0010_5338-24615-0001:0,652,13.60610294342041,13.513545989990234,-0.09255695343017578,False,False
652-130737-0010_5338-24615-0001:1,5338,14.428506851196289,14.338396072387695,-0.09011077880859375,False,False
5536-43359-0018_777-126732-0009:0,5536,8.98897647857666,8.974666595458984,-0.014309883117675781,False,False
5536-43359-0018_777-126732-0009:1,777,12.888479232788086,13.546074867248535,0.6575956344604492,False,False
422-122949-0023_6241-61946-0020:0,422,-3.829751968383789,2.5293970108032227,6.359148979187012,True,False
422-122949-0023_6241-61946-0020:1,6241,8.152399063110352,7.432835102081299,-0.7195639610290527,False,False
251-118436-0010_7850-281318-0017:0,251,13.169159889221191,12.958528518676758,-0.2106313705444336,False,False
251-118436-0010_7850-281318-0017:1,7850,15.42927360534668,15.683431625366211,0.25415802001953125,False,False
7850-286674-0007_2086-149220-0021:0,7850,16.196880340576172,16.175607681274414,-0.021272659301757812,False,False
7850-286674-0007_2086-149220-0021:1,2086,13.749641418457031,13.56414794921875,-0.18549346923828125,False,False
3536-8226-0022_652-129742-0018:0,3536,11.641003608703613,11.665448188781738,0.024444580078125,False,False
3536-8226-0022_652-129742-0018:1,652,14.834693908691406,14.737039566040039,-0.09765434265136719,False,False
6295-244435-0038_3752-4944-0032:0,6295,14.239532470703125,13.567184448242188,-0.6723480224609375,False,False
6295-244435-0038_3752-4944-0032:1,3752,12.353697776794434,12.468559265136719,0.11486148834228516,False,False
8297-275156-0005_2428-83705-0040:0,8297,13.725624084472656,13.726409912109375,0.00078582763671875,False,False
8297-275156-0005_2428-83705-0040:1,2428,16.637483596801758,16.694347381591797,0.05686378479003906,False,False
251-137823-0019_174-168635-0013:0,251,12.47484302520752,12.525696754455566,0.050853729248046875,False,False
251-137823-0019_174-168635-0013:1,174,12.237136840820312,14.264202117919922,2.0270652770996094,False,False
2086-149220-0017_1988-147956-0006:0,2086,14.298310279846191,14.078652381896973,-0.21965789794921875,False,False
2086-149220-0017_1988-147956-0006:1,1988,15.318554878234863,15.805575370788574,0.48702049255371094,False,False
652-130726-0026_6241-66616-0021:0,652,8.055273056030273,8.305390357971191,0.25011730194091797,False,False
652-130726-0026_6241-66616-0021:1,6241,12.158544540405273,12.666736602783203,0.5081920623779297,False,False
6313-76958-0025_1272-135031-0010:0,6313,16.520751953125,16.675081253051758,0.1543292999267578,False,False
6313-76958-0025_1272-135031-0010:1,1272,12.849037170410156,12.605518341064453,-0.24351882934570312,False,False
2412-153948-0006_5536-43358-0017:0,2412,14.352375030517578,14.415682792663574,0.0633077621459961,False,False
2412-153948-0006_5536-43358-0017:1,5536,14.117734909057617,14.122552871704102,0.004817962646484375,False,False
5694-64025-0011_3752-4944-0006:0,5694,-19.862018585205078,-21.23671531677246,-1.3746967315673828,True,True
5694-64025-0011_3752-4944-0006:1,3752,16.489980697631836,16.707473754882812,0.21749305725097656,False,False
2035-147961-0039_5694-64029-0004:0,2035,11.54162311553955,11.74242115020752,0.20079803466796875,False,False
2035-147961-0039_5694-64029-0004:1,5694,19.600997924804688,19.682607650756836,0.08160972595214844,False,False
6313-66129-0005_8297-275156-0007:0,6313,16.84250259399414,16.80978012084961,-0.03272247314453125,False,False
6313-66129-0005_8297-275156-0007:1,8297,12.223306655883789,12.173013687133789,-0.05029296875,False,False
8297-275154-0019_5694-64038-0001:0,8297,8.034363746643066,8.00092601776123,-0.03343772888183594,False,False
8297-275154-0019_5694-64038-0001:1,5694,9.041638374328613,9.70145320892334,0.6598148345947266,False,False
7850-73752-0015_3752-4943-0000:0,7850,14.903423309326172,14.517434120178223,-0.3859891891479492,False,False
7850-73752-0015_3752-4943-0000:1,3752,13.683351516723633,13.925409317016602,0.24205780029296875,False,False
8297-275154-0006_2277-149897-0034:0,8297,15.39906120300293,15.321250915527344,-0.07781028747558594,False,False
8297-275154-0006_2277-149897-0034:1,2277,17.37013816833496,17.276052474975586,-0.094085693359375,False,False
5895-34622-0013_7850-111771-0001:0,5895,16.183454513549805,16.300426483154297,0.11697196960449219,False,False
5895-34622-0013_7850-111771-0001:1,7850,11.975811004638672,2.0880370140075684,-9.887773990631104,False,False
2035-147960-0005_2277-149896-0031:0,2035,9.473246574401855,9.732194900512695,0.25894832611083984,False,False
2035-147960-0005_2277-149896-0031:1,2277,12.249857902526855,11.589590072631836,-0.6602678298950195,False,False
5338-284437-0028_3853-163249-0040:0,5338,-12.860551834106445,-6.680622100830078,6.179929733276367,True,False
5338-284437-0028_3853-163249-0040:1,3853,3.5125722885131836,3.2163314819335938,-0.29624080657958984,False,False
3853-163249-0032_8842-302201-0002:0,3853,15.365760803222656,15.404417037963867,0.03865623474121094,False,False
3853-163249-0032_8842-302201-0002:1,8842,10.465738296508789,10.501519203186035,0.035780906677246094,False,False
5338-24615-0003_3752-4944-0042:0,5338,15.081146240234375,15.218677520751953,0.13753128051757812,False,False
5338-24615-0003_3752-4944-0042:1,3752,16.76038932800293,16.790283203125,0.029893875122070312,False,False
6345-64257-0019_1988-147956-0001:0,6345,15.749532699584961,15.871728897094727,0.12219619750976562,False,False
6345-64257-0019_1988-147956-0001:1,1988,17.646135330200195,17.56264305114746,-0.08349227905273438,False,False
1993-147964-0007_7976-110523-0021:0,1993,-2.2986080646514893,-2.362483263015747,-0.06387519836425781,False,False
1993-147964-0007_7976-110523-0021:1,7976,11.931882858276367,12.130205154418945,0.19832229614257812,False,False
6241-66616-0008_777-126732-0055:0,6241,-0.7882561683654785,0.8421220779418945,1.630378246307373,False,False
6241-66616-0008_777-126732-0055:1,777,10.10159683227539,9.144993782043457,-0.9566030502319336,False,False
3536-23268-0012_84-121550-0030:0,3536,14.275379180908203,14.296029090881348,0.02064990997314453,False,False
3536-23268-0012_84-121550-0030:1,84,12.586153984069824,12.697596549987793,0.11144256591796875,False,False
2035-147960-0012_174-168635-0015:0,2035,9.521322250366211,9.045709609985352,-0.4756126403808594,False,False
2035-147960-0012_174-168635-0015:1,174,16.252056121826172,16.317306518554688,0.06525039672851562,False,False
1462-170138-0008_2803-161169-0010:0,1462,15.684745788574219,15.557891845703125,-0.12685394287109375,False,False
1462-170138-0008_2803-161169-0010:1,2803,14.663509368896484,13.94095516204834,-0.7225542068481445,False,False
652-130737-0012_6319-57405-0000:0,652,11.87299633026123,11.931068420410156,0.05807209014892578,False,False
652-130737-0012_6319-57405-0000:1,6319,12.948905944824219,12.934295654296875,-0.01461029052734375,False,False
2277-149897-0028_3000-15664-0019:0,2277,15.779842376708984,15.577425003051758,-0.20241737365722656,False,False
2277-149897-0028_3000-15664-0019:1,3000,13.26430606842041,13.127241134643555,-0.13706493377685547,False,False
3752-4943-0025_6241-66616-0002:0,3752,12.188896179199219,12.187538146972656,-0.0013580322265625,False,False
3752-4943-0025_6241-66616-0002:1,6241,12.668676376342773,13.408907890319824,0.7402315139770508,False,False
6313-76958-0011_5338-24640-0003:0,6313,11.365612030029297,11.503633499145508,0.13802146911621094,False,False
6313-76958-0011_5338-24640-0003:1,5338,13.988043785095215,15.928914070129395,1.9408702850341797,False,False
7850-286674-0010_1993-147965-0005:0,7850,15.743071556091309,15.668961524963379,-0.07411003112792969,False,False
7850-286674-0010_1993-147965-0005:1,1993,16.580379486083984,16.50629425048828,-0.07408523559570312,False,False
1919-142785-0023_5895-34629-0017:0,1919,13.053434371948242,13.307628631591797,0.2541942596435547,False,False
1919-142785-0023_5895-34629-0017:1,5895,18.33476448059082,18.429046630859375,0.09428215026855469,False,False
6313-76958-0022_8842-302203-0007:0,6313,13.216287612915039,13.220470428466797,0.0041828155517578125,False,False
6313-76958-0022_8842-302203-0007:1,8842,11.0431489944458,3.2245635986328125,-7.818585395812988,False,False
2902-9008-0000_6241-61943-0013:0,2902,16.580326080322266,16.832609176635742,0.25228309631347656,False,False
2902-9008-0000_6241-61943-0013:1,6241,13.446744918823242,13.39975357055664,-0.04699134826660156,False,False
251-136532-0012_3000-15664-0008:0,251,-16.755964279174805,-8.19725227355957,8.558712005615234,True,True
251-136532-0012_3000-15664-0008:1,3000,12.629217147827148,12.593332290649414,-0.035884857177734375,False,False
8842-304647-0004_6319-64726-0000:0,8842,14.159045219421387,14.291619300842285,0.13257408142089844,False,False
8842-304647-0004_6319-64726-0000:1,6319,12.616494178771973,12.529829978942871,-0.08666419982910156,False,False
3576-138058-0006_7850-286674-0014:0,3576,10.61611270904541,10.022624015808105,-0.5934886932373047,False,False
3576-138058-0006_7850-286674-0014:1,7850,-20.958221435546875,-27.877899169921875,-6.919677734375,True,True
5338-24640-0007_8297-275154-0020:0,5338,16.40931510925293,16.514293670654297,0.10497856140136719,False,False
5338-24640-0007_8297-275154-0020:1,8297,13.880937576293945,13.895565032958984,0.014627456665039062,False,False
1919-142785-0022_3536-23268-0001:0,1919,15.611721992492676,15.478840827941895,-0.13288116455078125,False,False
1919-142785-0022_3536-23268-0001:1,3536,15.397127151489258,14.706399917602539,-0.6907272338867188,False,False
6345-64257-0003_7976-110124-0012:0,6345,17.862571716308594,17.98114013671875,0.11856842041015625,False,False
6345-64257-0003_7976-110124-0012:1,7976,14.041580200195312,2.8409905433654785,-11.200589656829834,False,False
1919-142785-0014_3536-23268-0021:0,1919,15.737664222717285,15.486889839172363,-0.2507743835449219,False,False
1919-142785-0014_3536-23268-0021:1,3536,16.603002548217773,16.63941764831543,0.03641510009765625,False,False
6345-93306-0022_1272-141231-0002:0,6345,14.110864639282227,14.236408233642578,0.12554359436035156,False,False
6345-93306-0022_1272-141231-0002:1,1272,15.978377342224121,16.11284065246582,0.13446331024169922,False,False
6345-64257-0011_422-122949-0025:0,6345,14.319656372070312,14.274621963500977,-0.04503440856933594,False,False
6345-64257-0011_422-122949-0025:1,422,15.800287246704102,15.753931045532227,-0.046356201171875,False,False
3081-166546-0010_2086-149220-0004:0,3081,13.520366668701172,12.409500122070312,-1.1108665466308594,False,False
3081-166546-0010_2086-149220-0004:1,2086,12.369611740112305,12.167381286621094,-0.20223045349121094,False,False
6295-64301-0000_2277-149896-0014:0,6295,12.7726411819458,12.6166410446167,-0.15600013732910156,False,False
6295-64301-0000_2277-149896-0014:1,2277,18.673656463623047,18.827367782592773,0.15371131896972656,False,False
1988-147956-0020_2428-83705-0006:0,1988,12.569986343383789,12.42856216430664,-0.14142417907714844,False,False
1988-147956-0020_2428-83705-0006:1,2428,17.13644790649414,16.76543617248535,-0.37101173400878906,False,False
5536-43359-0010_2412-153954-0011:0,5536,17.94207191467285,17.8736515045166,-0.06842041015625,False,False
5536-43359-0010_2412-153954-0011:1,2412,17.39149284362793,17.584287643432617,0.1927947998046875,False,False
652-130737-0005_2412-153947-0002:0,652,12.741744995117188,12.658769607543945,-0.08297538757324219,False,False
652-130737-0005_2412-153947-0002:1,2412,9.332419395446777,9.438272476196289,0.10585308074951172,False,False
6345-64257-0014_7976-110124-0014:0,6345,15.387773513793945,15.38819694519043,0.000423431396484375,False,False
6345-64257-0014_7976-110124-0014:1,7976,15.063692092895508,14.966621398925781,-0.09707069396972656,False,False
1673-143396-0019_6295-64301-0012:0,1673,16.28355598449707,16.093324661254883,-0.1902313232421875,False,False
1673-143396-0019_6295-64301-0012:1,6295,19.586397171020508,19.71794319152832,0.1315460205078125,False,False
2803-161169-0005_3853-163249-0048:0,2803,11.902627944946289,11.962034225463867,0.059406280517578125,False,False
2803-161169-0005_3853-163249-0048:1,3853,15.91867446899414,16.10603904724121,0.1873645782470703,False,False
174-84280-0005_3081-166546-0022:0,174,10.298748970031738,11.504363059997559,1.2056140899658203,False,False
174-84280-0005_3081-166546-0022:1,3081,2.4796910285949707,1.2134289741516113,-1.2662620544433594,False,False
1462-170145-0015_2086-149220-0013:0,1462,12.85719108581543,12.905691146850586,0.04850006103515625,False,False
1462-170145-0015_2086-149220-0013:1,2086,17.323471069335938,17.535531997680664,0.21206092834472656,False,False
1462-170138-0013_3536-23268-0016:0,1462,17.402151107788086,17.43029022216797,0.028139114379882812,False,False
1462-170138-0013_3536-23268-0016:1,3536,9.389358520507812,10.8714017868042,1.4820432662963867,False,False
5536-43359-0003_2412-153954-0002:0,5536,14.497859001159668,14.47719669342041,-0.020662307739257812,False,False
5536-43359-0003_2412-153954-0002:1,2412,12.996013641357422,12.901503562927246,-0.09451007843017578,False,False
6345-93302-0016_6313-76958-0019:0,6345,-16.442407608032227,9.366032600402832,25.80844020843506,True,False
6345-93302-0016_6313-76958-0019:1,6313,9.080193519592285,2.569100856781006,-6.511092662811279,False,False
5694-64029-0016_3853-163249-0046:0,5694,12.976932525634766,12.88489818572998,-0.09203433990478516,False,False
5694-64029-0016_3853-163249-0046:1,3853,14.051870346069336,14.135137557983398,0.0832672119140625,False,False
84-121550-0035_5895-34615-0015:0,84,12.52131462097168,12.903249740600586,0.38193511962890625,False,False
84-121550-0035_5895-34615-0015:1,5895,18.710927963256836,18.538848876953125,-0.17207908630371094,False,False
6345-64257-0000_2803-154328-0012:0,6345,11.133829116821289,11.2260103225708,0.09218120574951172,False,False
6345-64257-0000_2803-154328-0012:1,2803,13.189343452453613,13.218249320983887,0.028905868530273438,False,False
3752-4944-0016_2035-152373-0007:0,3752,19.914031982421875,19.992382049560547,0.07835006713867188,False,False
3752-4944-0016_2035-152373-0007:1,2035,14.828664779663086,14.721149444580078,-0.10751533508300781,False,False
652-130726-0016_5338-284437-0029:0,652,10.971229553222656,11.06890869140625,0.09767913818359375,False,False
652-130726-0016_5338-284437-0029:1,5338,16.055713653564453,16.065139770507812,0.009426116943359375,False,False
422-122949-0035_3170-137482-0005:0,422,10.32347297668457,8.069992065429688,-2.253480911254883,False,False
422-122949-0035_3170-137482-0005:1,3170,3.5015487670898438,5.3212738037109375,1.8197250366210938,False,False
777-126732-0029_6345-93306-0002:0,777,13.797836303710938,13.996698379516602,0.19886207580566406,False,False
777-126732-0029_6345-93306-0002:1,6345,16.213205337524414,16.49813461303711,0.2849292755126953,False,False
6345-93302-0017_2428-83705-0014:0,6345,15.917998313903809,15.890948295593262,-0.027050018310546875,False,False
6345-93302-0017_2428-83705-0014:1,2428,19.176753997802734,19.060129165649414,-0.11662483215332031,False,False
3170-137482-0047_8297-275155-0014:0,3170,13.187870025634766,12.960636138916016,-0.22723388671875,False,False
3170-137482-0047_8297-275155-0014:1,8297,13.776453971862793,13.879657745361328,0.10320377349853516,False,False
1919-142785-0054_6313-66125-0017:0,1919,9.79897689819336,9.753665924072266,-0.04531097412109375,False,False
1919-142785-0054_6313-66125-0017:1,6313,-9.138214111328125,17.55044937133789,26.688663482666016,True,False
1462-170138-0024_6319-64726-0019:0,1462,13.745918273925781,14.050567626953125,0.30464935302734375,False,False
1462-170138-0024_6319-64726-0019:1,6319,-27.196523666381836,-26.587675094604492,0.6088485717773438,True,True
2902-9006-0006_5895-34629-0019:0,2902,8.759621620178223,8.851612091064453,0.09199047088623047,False,False
2902-9006-0006_5895-34629-0019:1,5895,15.949784278869629,15.916779518127441,-0.0330047607421875,False,False
1673-143396-0002_777-126732-0069:0,1673,14.578093528747559,14.65739917755127,0.07930564880371094,False,False
1673-143396-0002_777-126732-0069:1,777,13.750782012939453,13.878161430358887,0.1273794174194336,False,False
8842-304647-0003_1462-170138-0022:0,8842,16.092912673950195,16.327829360961914,0.23491668701171875,False,False
8842-304647-0003_1462-170138-0022:1,1462,16.07197380065918,17.075340270996094,1.003366470336914,False,False
2035-147961-0007_6313-66129-0031:0,2035,13.08121109008789,13.316304206848145,0.2350931167602539,False,False
2035-147961-0007_6313-66129-0031:1,6313,12.433093070983887,12.798543930053711,0.3654508590698242,False,False
5338-24640-0004_251-137823-0001:0,5338,14.339181900024414,14.2175931930542,-0.12158870697021484,False,False
5338-24640-0004_251-137823-0001:1,251,13.715157508850098,13.861601829528809,0.14644432067871094,False,False
3170-137482-0045_7976-110124-0011:0,3170,12.678834915161133,12.701784133911133,0.02294921875,False,False
3170-137482-0045_7976-110124-0011:1,7976,17.707923889160156,17.883285522460938,0.17536163330078125,False,False
777-126732-0045_7976-110124-0022:0,777,15.65380573272705,15.824599266052246,0.1707935333251953,False,False
777-126732-0045_7976-110124-0022:1,7976,13.506645202636719,13.439716339111328,-0.06692886352539062,False,False
1919-142785-0025_251-118436-0003:0,1919,8.248885154724121,7.851799011230469,-0.39708614349365234,False,False
1919-142785-0025_251-118436-0003:1,251,9.356062889099121,11.706358909606934,2.3502960205078125,False,False
174-168635-0021_6295-64301-0022:0,174,-3.4790995121002197,-1.1733193397521973,2.3057801723480225,False,False
174-168635-0021_6295-64301-0022:1,6295,10.79302978515625,10.535088539123535,-0.25794124603271484,False,False
1272-141231-0005_2412-153954-0012:0,1272,17.101659774780273,17.368009567260742,0.26634979248046875,False,False
1272-141231-0005_2412-153954-0012:1,2412,16.47492790222168,16.53889274597168,0.06396484375,False,False
777-126732-0019_6241-61943-0012:0,777,11.320074081420898,11.06291389465332,-0.2571601867675781,False,False
777-126732-0019_6241-61943-0012:1,6241,14.982135772705078,15.194906234741211,0.2127704620361328,False,False
6295-244435-0037_7850-281318-0007:0,6295,10.076461791992188,9.947665214538574,-0.12879657745361328,False,False
6295-244435-0037_7850-281318-0007:1,7850,15.809797286987305,15.867280960083008,0.057483673095703125,False,False
5694-64038-0022_2086-149220-0046:0,5694,11.310250282287598,11.046777725219727,-0.2634725570678711,False,False
5694-64038-0022_2086-149220-0046:1,2086,8.40295696258545,8.990281105041504,0.5873241424560547,False,False
777-126732-0079_8297-275154-0024:0,777,14.691190719604492,14.616769790649414,-0.07442092895507812,False,False
777-126732-0079_8297-275154-0024:1,8297,12.455228805541992,5.290486812591553,-7.1647419929504395,False,False
5895-34622-0001_6345-93302-0010:0,5895,13.161548614501953,13.245498657226562,0.08395004272460938,False,False
5895-34622-0001_6345-93302-0010:1,6345,-24.169267654418945,19.960044860839844,44.12931251525879,True,False
5338-24640-0008_2078-142845-0047:0,5338,16.865638732910156,17.072021484375,0.20638275146484375,False,False
5338-24640-0008_2078-142845-0047:1,2078,14.215848922729492,14.727884292602539,0.5120353698730469,False,False
2086-149220-0044_1673-143396-0013:0,2086,13.005516052246094,13.147016525268555,0.14150047302246094,False,False
2086-149220-0044_1673-143396-0013:1,1673,16.667993545532227,16.792848587036133,0.12485504150390625,False,False
2902-9008-0001_1988-147956-0018:0,2902,11.059660911560059,10.97402286529541,-0.08563804626464844,False,False
2902-9008-0001_1988-147956-0018:1,1988,10.65014934539795,10.668496131896973,0.018346786499023438,False,False
2412-153947-0011_2035-147961-0002:0,2412,13.511438369750977,12.034246444702148,-1.4771919250488281,False,False
2412-153947-0011_2035-147961-0002:1,2035,15.289068222045898,15.424487113952637,0.13541889190673828,False,False
1673-143396-0014_1462-170142-0036:0,1673,10.496275901794434,11.403736114501953,0.9074602127075195,False,False
1673-143396-0014_1462-170142-0036:1,1462,10.312783241271973,7.46326208114624,-2.8495211601257324,False,False
1462-170142-0029_6295-64301-0019:0,1462,21.265756607055664,21.51229476928711,0.2465381622314453,False,False
1462-170142-0029_6295-64301-0019:1,6295,13.71279525756836,13.865459442138672,0.1526641845703125,False,False
6313-66125-0010_2035-147961-0022:0,6313,12.800128936767578,12.729273796081543,-0.07085514068603516,False,False
6313-66125-0010_2035-147961-0022:1,2035,9.876920700073242,9.925182342529297,0.04826164245605469,False,False
1919-142785-0047_652-130726-0020:0,1919,11.212806701660156,11.27933120727539,0.06652450561523438,False,False
1919-142785-0047_652-130726-0020:1,652,15.177513122558594,14.80530071258545,-0.37221240997314453,False,False
5895-34622-0015_1272-135031-0003:0,5895,18.875259399414062,19.045194625854492,0.1699352264404297,False,False
5895-34622-0015_1272-135031-0003:1,1272,15.670841217041016,15.515316009521484,-0.15552520751953125,False,False
174-84280-0003_6313-66129-0004:0,174,15.028693199157715,14.846351623535156,-0.1823415756225586,False,False
174-84280-0003_6313-66129-0004:1,6313,12.972325325012207,13.031315803527832,0.058990478515625,False,False
1272-135031-0000_6319-64726-0020:0,1272,11.44717025756836,10.836442947387695,-0.6107273101806641,False,False
1272-135031-0000_6319-64726-0020:1,6319,15.778478622436523,15.528831481933594,-0.2496471405029297,False,False
2078-142845-0042_251-136532-0018:0,2078,13.116257667541504,12.979823112487793,-0.13643455505371094,False,False
2078-142845-0042_251-136532-0018:1,251,16.75362777709961,16.763965606689453,0.01033782958984375,False,False
3081-166546-0013_6345-93306-0013:0,3081,12.38011360168457,12.195068359375,-0.1850452423095703,False,False
3081-166546-0013_6345-93306-0013:1,6345,10.605076789855957,10.822141647338867,0.21706485748291016,False,False
3536-23268-0018_5895-34615-0017:0,3536,3.730046272277832,4.80605411529541,1.0760078430175781,False,False
3536-23268-0018_5895-34615-0017:1,5895,5.323425769805908,4.735811233520508,-0.5876145362854004,False,False
3081-166546-0003_1988-24833-0018:0,3081,11.555732727050781,11.63205623626709,0.0763235092163086,False,False
3081-166546-0003_1988-24833-0018:1,1988,7.720361709594727,7.591833114624023,-0.12852859497070312,False,False
2277-149897-0011_84-121123-0016:0,2277,18.425464630126953,18.434879302978516,0.0094146728515625,False,False
2277-149897-0011_84-121123-0016:1,84,17.37902069091797,17.48617172241211,0.10715103149414062,False,False
174-168635-0004_652-129742-0005:0,174,15.222430229187012,15.24923324584961,0.026803016662597656,False,False
174-168635-0004_652-129742-0005:1,652,9.157546997070312,9.155376434326172,-0.002170562744140625,False,False
1988-24833-0023_777-126732-0066:0,1988,19.356847763061523,19.302658081054688,-0.05418968200683594,False,False
1988-24833-0023_777-126732-0066:1,777,14.644943237304688,14.5301513671875,-0.1147918701171875,False,False
1993-147149-0022_2086-149220-0045:0,1993,12.097299575805664,12.008581161499023,-0.08871841430664062,False,False
1993-147149-0022_2086-149220-0045:1,2086,20.499637603759766,20.708023071289062,0.20838546752929688,False,False
7976-110523-0009_6313-66125-0002:0,7976,-3.7024972438812256,0.09837508201599121,3.800872325897217,True,False
7976-110523-0009_6313-66125-0002:1,6313,15.709695816040039,15.865266799926758,0.15557098388671875,False,False
652-130737-0003_2086-149214-0002:0,652,11.222413063049316,10.742371559143066,-0.48004150390625,False,False
652-130737-0003_2086-149214-0002:1,2086,0.4496119022369385,-2.4976718425750732,-2.9472837448120117,False,False
2078-142845-0009_3081-166546-0040:0,2078,11.438069343566895,12.308149337768555,0.8700799942016602,False,False
2078-142845-0009_3081-166546-0040:1,3081,7.814064979553223,9.97043228149414,2.156367301940918,False,False
2412-153954-0003_5895-34622-0000:0,2412,4.582135200500488,9.431173324584961,4.849038124084473,False,False
2412-153954-0003_5895-34622-0000:1,5895,13.413963317871094,13.15355110168457,-0.26041221618652344,False,False
2277-149896-0022_7976-110124-0018:0,2277,9.630651473999023,10.512669563293457,0.8820180892944336,False,False
2277-149896-0022_7976-110124-0018:1,7976,7.248640060424805,7.533010959625244,0.28437089920043945,False,False
5694-64038-0023_5338-24615-0007:0,5694,14.249078750610352,14.317973136901855,0.0688943862915039,False,False
5694-64038-0023_5338-24615-0007:1,5338,14.760845184326172,14.772318840026855,0.011473655700683594,False,False
3752-4944-0020_6241-66616-0016:0,3752,8.614749908447266,8.663631439208984,0.04888153076171875,False,False
3752-4944-0020_6241-66616-0016:1,6241,14.80627727508545,14.654348373413086,-0.15192890167236328,False,False
5694-64038-0004_1988-148538-0009:0,5694,11.92750358581543,12.047708511352539,0.12020492553710938,False,False
5694-64038-0004_1988-148538-0009:1,1988,17.45304298400879,17.53429412841797,0.08125114440917969,False,False
3000-15664-0011_1988-147956-0002:0,3000,15.44023323059082,15.55520248413086,0.11496925354003906,False,False
3000-15664-0011_1988-147956-0002:1,1988,10.831778526306152,10.98355484008789,0.15177631378173828,False,False
6313-76958-0023_6345-93302-0027:0,6313,-37.47160720825195,-36.670631408691406,0.8009757995605469,True,True
6313-76958-0023_6345-93302-0027:1,6345,13.778050422668457,13.778491020202637,0.0004405975341796875,False,False
1272-135031-0008_6319-57405-0001:0,1272,12.663307189941406,12.515509605407715,-0.1477975845336914,False,False
1272-135031-0008_6319-57405-0001:1,6319,9.772555351257324,10.717828750610352,0.9452733993530273,False,False
7850-73752-0001_3536-23268-0005:0,7850,13.743444442749023,12.828451156616211,-0.9149932861328125,False,False
7850-73752-0001_3536-23268-0005:1,3536,18.979454040527344,17.027973175048828,-1.9514808654785156,False,False
3752-4944-0028_5895-34622-0012:0,3752,11.184314727783203,11.254575729370117,0.07026100158691406,False,False
3752-4944-0028_5895-34622-0012:1,5895,17.348682403564453,17.435855865478516,0.0871734619140625,False,False
1462-170142-0031_1272-141231-0018:0,1462,15.352062225341797,15.376445770263672,0.024383544921875,False,False
1462-170142-0031_1272-141231-0018:1,1272,17.496994018554688,17.193111419677734,-0.3038825988769531,False,False
1993-147149-0029_2803-161169-0015:0,1993,19.64195442199707,19.714855194091797,0.07290077209472656,False,False
1993-147149-0029_2803-161169-0015:1,2803,13.008967399597168,12.961274147033691,-0.04769325256347656,False,False
3081-166546-0049_2428-83705-0039:0,3081,12.477178573608398,12.030569076538086,-0.4466094970703125,False,False
3081-166546-0049_2428-83705-0039:1,2428,10.933904647827148,10.641948699951172,-0.29195594787597656,False,False
1272-128104-0009_7976-110124-0003:0,1272,13.982593536376953,13.836946487426758,-0.1456470489501953,False,False
1272-128104-0009_7976-110124-0003:1,7976,16.15280532836914,15.916353225708008,-0.2364521026611328,False,False
6345-93306-0001_251-118436-0012:0,6345,16.58172035217285,16.603931427001953,0.022211074829101562,False,False
6345-93306-0001_251-118436-0012:1,251,16.614622116088867,16.71952247619629,0.10490036010742188,False,False
1462-170138-0000_652-130726-0018:0,1462,12.019585609436035,12.156785011291504,0.13719940185546875,False,False
1462-170138-0000_652-130726-0018:1,652,17.82154083251953,18.021949768066406,0.200408935546875,False,False
174-50561-0006_1988-24833-0000:0,174,-5.965144634246826,-3.426805019378662,2.538339614868164,True,False
174-50561-0006_1988-24833-0000:1,1988,10.659873962402344,7.785430431365967,-2.874443531036377,False,False
5895-34629-0030_1462-170138-0001:0,5895,15.78225040435791,15.942170143127441,0.15991973876953125,False,False
5895-34629-0030_1462-170138-0001:1,1462,15.945209503173828,16.12818145751953,0.18297195434570312,False,False
1462-170138-0011_1673-143397-0018:0,1462,13.665876388549805,13.857572555541992,0.1916961669921875,False,False
1462-170138-0011_1673-143397-0018:1,1673,16.505643844604492,16.753705978393555,0.2480621337890625,False,False
6345-93302-0000_2277-149897-0036:0,6345,7.517082214355469,8.95667839050293,1.439596176147461,False,False
6345-93302-0000_2277-149897-0036:1,2277,-25.834579467773438,-25.29380989074707,0.5407695770263672,True,True
422-122949-0028_3081-166546-0045:0,422,8.104625701904297,8.55142879486084,0.44680309295654297,False,False
422-122949-0028_3081-166546-0045:1,3081,8.686718940734863,8.58811092376709,-0.09860801696777344,False,False
777-126732-0031_1272-135031-0017:0,777,13.437520980834961,13.626956939697266,0.1894359588623047,False,False
777-126732-0031_1272-135031-0017:1,1272,10.284412384033203,8.236043930053711,-2.048368453979492,False,False
2035-147960-0000_2277-149897-0031:0,2035,11.183150291442871,7.603934288024902,-3.5792160034179688,False,False
2035-147960-0000_2277-149897-0031:1,2277,10.474061965942383,10.21541976928711,-0.25864219665527344,False,False
7976-110523-0015_5694-64025-0013:0,7976,16.636499404907227,16.582399368286133,-0.05410003662109375,False,False
7976-110523-0015_5694-64025-0013:1,5694,16.938291549682617,17.082658767700195,0.14436721801757812,False,False
3170-137482-0016_1462-170142-0021:0,3170,14.209338188171387,14.287484169006348,0.07814598083496094,False,False
3170-137482-0016_1462-170142-0021:1,1462,14.143101692199707,14.275490760803223,0.13238906860351562,False,False
174-168635-0006_3576-138058-0039:0,174,8.109270095825195,-20.936473846435547,-29.045743942260742,False,True
174-168635-0006_3576-138058-0039:1,3576,16.4604434967041,16.720247268676758,0.25980377197265625,False,False
5536-43363-0013_6319-64726-0007:0,5536,16.551481246948242,16.403888702392578,-0.14759254455566406,False,False
5536-43363-0013_6319-64726-0007:1,6319,9.946083068847656,9.980653762817383,0.03457069396972656,False,False
3536-8226-0003_2902-9006-0003:0,3536,14.484901428222656,14.355032920837402,-0.1298685073852539,False,False
3536-8226-0003_2902-9006-0003:1,2902,15.060895919799805,15.067702293395996,0.006806373596191406,False,False
84-121550-0025_3170-137482-0038:0,84,14.322616577148438,14.16073226928711,-0.16188430786132812,False,False
84-121550-0025_3170-137482-0038:1,3170,17.765033721923828,18.036602020263672,0.27156829833984375,False,False
1272-141231-0029_6241-61946-0015:0,1272,10.704504013061523,10.756954193115234,0.05245018005371094,False,False
1272-141231-0029_6241-61946-0015:1,6241,-0.8598065376281738,-6.992871284484863,-6.1330647468566895,False,True
6345-93302-0015_3536-23268-0029:0,6345,12.681160926818848,12.205007553100586,-0.4761533737182617,False,False
6345-93302-0015_3536-23268-0029:1,3536,15.081819534301758,14.455467224121094,-0.6263523101806641,False,False
3536-23268-0023_5895-34622-0007:0,3536,9.782437324523926,10.576627731323242,0.7941904067993164,False,False
3536-23268-0023_5895-34622-0007:1,5895,15.693532943725586,14.717529296875,-0.9760036468505859,False,False
1993-147966-0002_84-121550-0004:0,1993,3.12160062789917,5.197566986083984,2.0759663581848145,False,False
1993-147966-0002_84-121550-0004:1,84,8.459487915039062,7.364798069000244,-1.0946898460388184,False,False
1988-147956-0022_7850-286674-0015:0,1988,11.544113159179688,10.583800315856934,-0.9603128433227539,False,False
1988-147956-0022_7850-286674-0015:1,7850,-1.3455429077148438,2.9123682975769043,4.257911205291748,False,False
6345-93302-0020_2803-154320-0012:0,6345,17.377893447875977,17.29872703552246,-0.07916641235351562,False,False
6345-93302-0020_2803-154320-0012:1,2803,14.912725448608398,14.702178955078125,-0.21054649353027344,False,False
1462-170142-0033_6345-93306-0005:0,1462,16.42699432373047,14.400193214416504,-2.026801109313965,False,False
1462-170142-0033_6345-93306-0005:1,6345,15.764463424682617,16.034074783325195,0.2696113586425781,False,False
1673-143397-0003_3752-4944-0065:0,1673,13.742897987365723,13.780600547790527,0.03770256042480469,False,False
1673-143397-0003_3752-4944-0065:1,3752,20.04296112060547,20.0809268951416,0.03796577453613281,False,False
3752-4944-0051_1919-142785-0050:0,3752,15.928118705749512,15.84262752532959,-0.08549118041992188,False,False
3752-4944-0051_1919-142785-0050:1,1919,17.815940856933594,17.70589256286621,-0.11004829406738281,False,False
1462-170142-0039_3081-166546-0064:0,1462,6.3088788986206055,5.623111724853516,-0.6857671737670898,False,False
1462-170142-0039_3081-166546-0064:1,3081,13.947025299072266,12.874472618103027,-1.0725526809692383,False,False
5536-43358-0001_777-126732-0035:0,5536,10.29404067993164,10.00134563446045,-0.2926950454711914,False,False
5536-43358-0001_777-126732-0035:1,777,8.249894142150879,8.072032928466797,-0.17786121368408203,False,False
251-136532-0011_6241-61943-0009:0,251,13.584117889404297,11.593538284301758,-1.990579605102539,False,False
251-136532-0011_6241-61943-0009:1,6241,10.952041625976562,10.76956558227539,-0.18247604370117188,False,False
6313-66129-0016_1993-147149-0002:0,6313,14.935269355773926,14.90722370147705,-0.028045654296875,False,False
6313-66129-0016_1993-147149-0002:1,1993,16.92599868774414,16.461332321166992,-0.46466636657714844,False,False
5895-34629-0007_1919-142785-0028:0,5895,13.715690612792969,14.230951309204102,0.5152606964111328,False,False
5895-34629-0007_1919-142785-0028:1,1919,20.09457015991211,19.959003448486328,-0.13556671142578125,False,False
3081-166546-0031_6241-66616-0009:0,3081,12.699835777282715,9.907861709594727,-2.7919740676879883,False,False
3081-166546-0031_6241-66616-0009:1,6241,7.059964656829834,6.722580432891846,-0.3373842239379883,False,False
2412-153954-0015_174-168635-0012:0,2412,11.698202133178711,11.776603698730469,0.07840156555175781,False,False
2412-153954-0015_174-168635-0012:1,174,10.973051071166992,10.480265617370605,-0.4927854537963867,False,False
1462-170138-0006_8297-275154-0011:0,1462,14.07821273803711,13.93182373046875,-0.14638900756835938,False,False
1462-170138-0006_8297-275154-0011:1,8297,17.651451110839844,17.531558990478516,-0.11989212036132812,False,False
777-126732-0013_3752-4944-0011:0,777,11.340738296508789,11.283637046813965,-0.05710124969482422,False,False
777-126732-0013_3752-4944-0011:1,3752,11.30391788482666,11.333641052246094,0.029723167419433594,False,False
5338-24615-0013_5694-64029-0021:0,5338,15.141885757446289,14.99166488647461,-0.1502208709716797,False,False
5338-24615-0013_5694-64029-0021:1,5694,15.62169361114502,15.635456085205078,0.013762474060058594,False,False
6241-66616-0010_5694-64038-0015:0,6241,6.948786735534668,-1.551121711730957,-8.499908447265625,False,False
6241-66616-0010_5694-64038-0015:1,5694,10.34130573272705,10.457681655883789,0.11637592315673828,False,False
2086-149220-0006_5338-24640-0000:0,2086,16.984739303588867,16.911731719970703,-0.07300758361816406,False,False
2086-149220-0006_5338-24640-0000:1,5338,19.42100715637207,19.499975204467773,0.07896804809570312,False,False
652-130726-0019_6241-61943-0014:0,652,10.025306701660156,10.6934232711792,0.668116569519043,False,False
652-130726-0019_6241-61943-0014:1,6241,9.796174049377441,10.394513130187988,0.5983390808105469,False,False
8297-275156-0003_251-118436-0019:0,8297,16.57459831237793,16.720172882080078,0.14557456970214844,False,False
8297-275156-0003_251-118436-0019:1,251,-36.30998992919922,-35.55038070678711,0.7596092224121094,True,True
652-129742-0012_1993-147149-0000:0,652,15.12131118774414,15.207125663757324,0.0858144760131836,False,False
652-129742-0012_1993-147149-0000:1,1993,11.05502986907959,10.898393630981445,-0.15663623809814453,False,False
2035-147961-0016_7850-286674-0000:0,2035,14.38900375366211,5.986880302429199,-8.40212345123291,False,False
2035-147961-0016_7850-286674-0000:1,7850,-5.679651260375977,-4.350269794464111,1.3293814659118652,False,False
84-121550-0026_5895-34629-0018:0,84,12.063314437866211,12.386528015136719,0.3232135772705078,False,False
84-121550-0026_5895-34629-0018:1,5895,20.413166046142578,20.60000228881836,0.18683624267578125,False,False
2086-149220-0005_6295-244435-0034:0,2086,19.873762130737305,19.768352508544922,-0.10540962219238281,False,False
2086-149220-0005_6295-244435-0034:1,6295,10.463140487670898,15.184810638427734,4.721670150756836,False,False
6319-64726-0017_251-118436-0009:0,6319,17.114276885986328,17.183753967285156,0.06947708129882812,False,False
6319-64726-0017_251-118436-0009:1,251,12.689579010009766,12.789314270019531,0.09973526000976562,False,False
7850-73752-0007_3752-4944-0035:0,7850,14.978738784790039,14.710783004760742,-0.2679557800292969,False,False
7850-73752-0007_3752-4944-0035:1,3752,19.681726455688477,19.5642032623291,-0.117523193359375,False,False
7850-73752-0012_777-126732-0038:0,7850,16.03966522216797,16.039052963256836,-0.0006122589111328125,False,False
7850-73752-0012_777-126732-0038:1,777,16.836170196533203,16.92160987854004,0.08543968200683594,False,False
777-126732-0036_2428-83705-0015:0,777,16.787076950073242,16.875160217285156,0.08808326721191406,False,False
777-126732-0036_2428-83705-0015:1,2428,12.252172470092773,12.318981170654297,0.06680870056152344,False,False
8297-275154-0004_3536-8226-0012:0,8297,14.61276626586914,14.704277038574219,0.09151077270507812,False,False
8297-275154-0004_3536-8226-0012:1,3536,16.45390510559082,16.47454261779785,0.02063751220703125,False,False
2428-83699-0002_6345-93306-0011:0,2428,13.37138557434082,13.431818008422852,0.06043243408203125,False,False
2428-83699-0002_6345-93306-0011:1,6345,18.470918655395508,18.646446228027344,0.17552757263183594,False,False
1993-147149-0030_2277-149874-0013:0,1993,-25.721525192260742,-19.926416397094727,5.795108795166016,True,True
1993-147149-0030_2277-149874-0013:1,2277,12.509635925292969,9.137157440185547,-3.372478485107422,False,False
6295-64301-0011_5895-34629-0003:0,6295,10.973630905151367,10.948036193847656,-0.025594711303710938,False,False
6295-64301-0011_5895-34629-0003:1,5895,17.449871063232422,17.407461166381836,-0.04240989685058594,False,False
5895-34629-0029_1993-147149-0024:0,5895,13.390191078186035,13.074728965759277,-0.3154621124267578,False,False
5895-34629-0029_1993-147149-0024:1,1993,14.224076271057129,14.362971305847168,0.13889503479003906,False,False
7976-110124-0005_6319-64726-0009:0,7976,7.302644729614258,4.814128875732422,-2.488515853881836,False,False
7976-110124-0005_6319-64726-0009:1,6319,7.369668006896973,8.533907890319824,1.1642398834228516,False,False
2803-154320-0011_6241-61946-0017:0,2803,6.696030616760254,10.404858589172363,3.7088279724121094,False,False
2803-154320-0011_6241-61946-0017:1,6241,1.8236782550811768,-18.18438720703125,-20.008065462112427,False,True
1462-170142-0009_5694-64029-0009:0,1462,17.641185760498047,17.34893798828125,-0.2922477722167969,False,False
1462-170142-0009_5694-64029-0009:1,5694,16.515090942382812,16.411880493164062,-0.10321044921875,False,False
6319-57405-0011_1919-142785-0045:0,6319,-24.056791305541992,-26.868303298950195,-2.811511993408203,True,True
6319-57405-0011_1919-142785-0045:1,1919,15.392297744750977,15.688556671142578,0.29625892639160156,False,False
6295-64301-0007_174-168635-0003:0,6295,15.62680435180664,15.720785140991211,0.09398078918457031,False,False
6295-64301-0007_174-168635-0003:1,174,-15.47429084777832,-10.923553466796875,4.550737380981445,True,True
251-118436-0000_3576-138058-0021:0,251,13.36391544342041,13.533428192138672,0.16951274871826172,False,False
251-118436-0000_3576-138058-0021:1,3576,14.556557655334473,14.4678373336792,-0.08872032165527344,False,False
1272-128104-0006_2428-83699-0030:0,1272,14.80990219116211,14.716890335083008,-0.09301185607910156,False,False
1272-128104-0006_2428-83699-0030:1,2428,12.630334854125977,12.440406799316406,-0.1899280548095703,False,False
7976-110124-0024_2412-153947-0008:0,7976,13.770658493041992,14.19986343383789,0.42920494079589844,False,False
7976-110124-0024_2412-153947-0008:1,2412,11.430788040161133,10.818696975708008,-0.612091064453125,False,False
777-126732-0054_2412-153947-0016:0,777,13.004556655883789,13.072257995605469,0.06770133972167969,False,False
777-126732-0054_2412-153947-0016:1,2412,9.649374008178711,9.426910400390625,-0.22246360778808594,False,False
2277-149896-0034_5895-34615-0020:0,2277,-29.856517791748047,-31.356422424316406,-1.4999046325683594,True,True
2277-149896-0034_5895-34615-0020:1,5895,16.24642562866211,16.405797958374023,0.15937232971191406,False,False
3853-163249-0043_3081-166546-0079:0,3853,11.135580062866211,11.704131126403809,0.5685510635375977,False,False
3853-163249-0043_3081-166546-0079:1,3081,9.024431228637695,8.816731452941895,-0.20769977569580078,False,False
8297-275154-0021_174-84280-0002:0,8297,12.51759147644043,12.578841209411621,0.061249732971191406,False,False
8297-275154-0021_174-84280-0002:1,174,12.182239532470703,12.982341766357422,0.8001022338867188,False,False
251-137823-0021_1462-170142-0018:0,251,19.436664581298828,19.445491790771484,0.00882720947265625,False,False
251-137823-0021_1462-170142-0018:1,1462,14.369369506835938,14.40467643737793,0.03530693054199219,False,False
1988-147956-0019_6345-93302-0023:0,1988,17.130945205688477,17.300621032714844,0.1696758270263672,False,False
1988-147956-0019_6345-93302-0023:1,6345,15.747611045837402,15.767909049987793,0.020298004150390625,False,False
422-122949-0012_2277-149874-0003:0,422,12.413434982299805,12.482370376586914,0.06893539428710938,False,False
422-122949-0012_2277-149874-0003:1,2277,13.476366996765137,13.302407264709473,-0.17395973205566406,False,False
2277-149896-0015_777-126732-0065:0,2277,12.641914367675781,12.639924049377441,-0.0019903182983398438,False,False
2277-149896-0015_777-126732-0065:1,777,12.547542572021484,12.182731628417969,-0.3648109436035156,False,False
6345-93306-0018_6295-244435-0009:0,6345,19.448097229003906,19.38483428955078,-0.063262939453125,False,False
6345-93306-0018_6295-244435-0009:1,6295,14.073022842407227,13.976646423339844,-0.09637641906738281,False,False
2428-83699-0018_7850-286674-0005:0,2428,16.315570831298828,16.906909942626953,0.591339111328125,False,False
2428-83699-0018_7850-286674-0005:1,7850,11.747066497802734,11.92213249206543,0.1750659942626953,False,False
1993-147149-0015_3853-163249-0001:0,1993,14.315760612487793,14.511281967163086,0.19552135467529297,False,False
1993-147149-0015_3853-163249-0001:1,3853,12.790297508239746,11.908097267150879,-0.8822002410888672,False,False
8297-275155-0027_3170-137482-0015:0,8297,12.479944229125977,9.62183666229248,-2.858107566833496,False,False
8297-275155-0027_3170-137482-0015:1,3170,12.870782852172852,15.863597869873047,2.9928150177001953,False,False
1272-141231-0007_1988-147956-0009:0,1272,15.200688362121582,15.2952299118042,0.09454154968261719,False,False
1272-141231-0007_1988-147956-0009:1,1988,15.546501159667969,15.226680755615234,-0.3198204040527344,False,False
2277-149896-0030_251-118436-0021:0,2277,16.95621109008789,16.97724151611328,0.021030426025390625,False,False
2277-149896-0030_251-118436-0021:1,251,16.01283836364746,16.012012481689453,-0.0008258819580078125,False,False
5694-64029-0011_6313-66129-0030:0,5694,17.405559539794922,17.270570755004883,-0.13498878479003906,False,False
5694-64029-0011_6313-66129-0030:1,6313,15.061408996582031,15.123649597167969,0.0622406005859375,False,False
8297-275155-0009_5895-34629-0024:0,8297,12.43007755279541,13.324673652648926,0.8945960998535156,False,False
8297-275155-0009_5895-34629-0024:1,5895,17.70879364013672,17.622940063476562,-0.08585357666015625,False,False
5694-64038-0024_8842-302196-0011:0,5694,13.827813148498535,12.723119735717773,-1.1046934127807617,False,False
5694-64038-0024_8842-302196-0011:1,8842,12.515944480895996,11.696022033691406,-0.8199224472045898,False,False
8297-275154-0008_5895-34622-0017:0,8297,15.487967491149902,15.4673433303833,-0.020624160766601562,False,False
8297-275154-0008_5895-34622-0017:1,5895,14.963807106018066,14.854321479797363,-0.10948562622070312,False,False
5895-34615-0007_3853-163249-0014:0,5895,7.252660751342773,8.840473175048828,1.5878124237060547,False,False
5895-34615-0007_3853-163249-0014:1,3853,-19.260459899902344,-5.24068546295166,14.019774436950684,True,True
1462-170138-0025_7976-110124-0009:0,1462,15.408697128295898,15.373834609985352,-0.034862518310546875,False,False
1462-170138-0025_7976-110124-0009:1,7976,18.045894622802734,18.142696380615234,0.0968017578125,False,False
1673-143396-0007_174-50561-0003:0,1673,11.252731323242188,11.150392532348633,-0.10233879089355469,False,False
1673-143396-0007_174-50561-0003:1,174,13.93624496459961,14.185617446899414,0.2493724822998047,False,False
5694-64038-0021_3536-8226-0030:0,5694,15.294184684753418,14.773945808410645,-0.5202388763427734,False,False
5694-64038-0021_3536-8226-0030:1,3536,17.297143936157227,17.786197662353516,0.48905372619628906,False,False
8297-275154-0017_5536-43358-0018:0,8297,11.711908340454102,13.150123596191406,1.4382152557373047,False,False
8297-275154-0017_5536-43358-0018:1,5536,9.326812744140625,9.417645454406738,0.09083271026611328,False,False
6241-61943-0017_3000-15664-0040:0,6241,11.750886917114258,11.598925590515137,-0.1519613265991211,False,False
6241-61943-0017_3000-15664-0040:1,3000,14.643328666687012,14.885549545288086,0.24222087860107422,False,False
5895-34629-0015_1988-147956-0028:0,5895,10.195501327514648,11.057154655456543,0.8616533279418945,False,False
5895-34629-0015_1988-147956-0028:1,1988,11.51289176940918,14.136192321777344,2.623300552368164,False,False
1673-143397-0000_1988-148538-0000:0,1673,14.345242500305176,14.394373893737793,0.04913139343261719,False,False
1673-143397-0000_1988-148538-0000:1,1988,14.483877182006836,14.466816902160645,-0.017060279846191406,False,False
5338-24640-0002_84-121550-0033:0,5338,-1.2818834781646729,5.478967666625977,6.760851144790649,True,False
5338-24640-0002_84-121550-0033:1,84,5.331271648406982,1.8935751914978027,-3.4376964569091797,False,False
7976-105575-0015_1673-143397-0017:0,7976,15.95628547668457,16.168087005615234,0.21180152893066406,False,False
7976-105575-0015_1673-143397-0017:1,1673,11.975105285644531,12.058395385742188,0.08329010009765625,False,False
3536-8226-0001_8842-304647-0000:0,3536,16.471668243408203,16.458303451538086,-0.013364791870117188,False,False
3536-8226-0001_8842-304647-0000:1,8842,15.883450508117676,15.821209907531738,-0.0622406005859375,False,False
2428-83705-0024_777-126732-0067:0,2428,13.976998329162598,14.075809478759766,0.09881114959716797,False,False
2428-83705-0024_777-126732-0067:1,777,12.256868362426758,12.291049003601074,0.034180641174316406,False,False
3170-137482-0024_7976-110523-0011:0,3170,18.54494857788086,18.56301498413086,0.01806640625,False,False
3170-137482-0024_7976-110523-0011:1,7976,14.095161437988281,14.087699890136719,-0.0074615478515625,False,False
1993-147964-0004_3536-8226-0017:0,1993,14.045059204101562,13.581079483032227,-0.46397972106933594,False,False
1993-147964-0004_3536-8226-0017:1,3536,16.131309509277344,16.06097412109375,-0.07033538818359375,False,False
652-129742-0004_2086-149220-0029:0,652,13.564207077026367,13.622101783752441,0.05789470672607422,False,False
652-129742-0004_2086-149220-0029:1,2086,6.013942241668701,5.894856929779053,-0.11908531188964844,False,False
2035-147960-0003_5895-34622-0004:0,2035,10.429214477539062,10.726131439208984,0.2969169616699219,False,False
2035-147960-0003_5895-34622-0004:1,5895,16.50765609741211,16.416378021240234,-0.091278076171875,False,False
8842-302203-0008_174-168635-0009:0,8842,16.883859634399414,16.8973445892334,0.013484954833984375,False,False
8842-302203-0008_174-168635-0009:1,174,13.421526908874512,13.908371925354004,0.4868450164794922,False,False
5895-34615-0012_8842-302196-0007:0,5895,15.614696502685547,15.665753364562988,0.051056861877441406,False,False
5895-34615-0012_8842-302196-0007:1,8842,10.949783325195312,10.663385391235352,-0.28639793395996094,False,False
8842-302203-0009_3081-166546-0039:0,8842,11.388429641723633,11.758042335510254,0.3696126937866211,False,False
8842-302203-0009_3081-166546-0039:1,3081,13.109203338623047,12.218021392822266,-0.8911819458007812,False,False
422-122949-0018_6345-64257-0009:0,422,13.015868186950684,12.964917182922363,-0.05095100402832031,False,False
422-122949-0018_6345-64257-0009:1,6345,16.313392639160156,16.28076934814453,-0.032623291015625,False,False
6241-61943-0004_5694-64029-0020:0,6241,4.064288139343262,-0.6056361198425293,-4.669924259185791,False,False
6241-61943-0004_5694-64029-0020:1,5694,8.720446586608887,9.714276313781738,0.9938297271728516,False,False
3000-15664-0007_777-126732-0074:0,3000,12.80757999420166,12.750678062438965,-0.05690193176269531,False,False
3000-15664-0007_777-126732-0074:1,777,13.44957160949707,13.585336685180664,0.13576507568359375,False,False
5895-34622-0006_5694-64029-0026:0,5895,13.955583572387695,13.601314544677734,-0.35426902770996094,False,False
5895-34622-0006_5694-64029-0026:1,5694,15.021903038024902,15.021761894226074,-0.000141143798828125,False,False
3752-4943-0007_5694-64025-0009:0,3752,13.831673622131348,14.28390121459961,0.4522275924682617,False,False
3752-4943-0007_5694-64025-0009:1,5694,9.104442596435547,6.356135845184326,-2.7483067512512207,False,False
1272-141231-0010_6345-93306-0010:0,1272,19.973163604736328,19.987443923950195,0.014280319213867188,False,False
1272-141231-0010_6345-93306-0010:1,6345,16.806089401245117,16.90023422241211,0.09414482116699219,False,False
3170-137482-0027_7976-110523-0010:0,3170,15.329367637634277,15.316863059997559,-0.01250457763671875,False,False
3170-137482-0027_7976-110523-0010:1,7976,16.292478561401367,16.23417091369629,-0.058307647705078125,False,False
3081-166546-0043_3752-4943-0011:0,3081,5.591742038726807,4.906126022338867,-0.6856160163879395,False,False
3081-166546-0043_3752-4943-0011:1,3752,8.947404861450195,9.843749046325684,0.8963441848754883,False,False
1462-170145-0008_8297-275156-0011:0,1462,16.62215805053711,16.623336791992188,0.001178741455078125,False,False
1462-170145-0008_8297-275156-0011:1,8297,14.11204719543457,14.096410751342773,-0.015636444091796875,False,False
1988-147956-0007_1673-143397-0005:0,1988,13.015396118164062,13.0499906539917,0.03459453582763672,False,False
1988-147956-0007_1673-143397-0005:1,1673,14.867515563964844,14.664360046386719,-0.203155517578125,False,False
5338-24615-0010_1462-170138-0010:0,5338,15.129590034484863,15.256760597229004,0.12717056274414062,False,False
5338-24615-0010_1462-170138-0010:1,1462,14.068873405456543,14.164111137390137,0.09523773193359375,False,False
6313-66125-0019_777-126732-0024:0,6313,14.230875968933105,14.151949882507324,-0.07892608642578125,False,False
6313-66125-0019_777-126732-0024:1,777,10.012309074401855,10.024005889892578,0.011696815490722656,False,False
6295-64301-0026_251-137823-0016:0,6295,6.666637420654297,9.281124114990234,2.6144866943359375,False,False
6295-64301-0026_251-137823-0016:1,251,12.318314552307129,11.662123680114746,-0.6561908721923828,False,False
2412-153947-0013_8842-302196-0008:0,2412,12.635271072387695,12.80710506439209,0.17183399200439453,False,False
2412-153947-0013_8842-302196-0008:1,8842,9.585272789001465,8.856167793273926,-0.7291049957275391,False,False
5694-64029-0000_84-121550-0016:0,5694,16.960294723510742,17.0694522857666,0.10915756225585938,False,False
5694-64029-0000_84-121550-0016:1,84,13.466085433959961,13.40785026550293,-0.05823516845703125,False,False
6295-64301-0025_3853-163249-0024:0,6295,14.877835273742676,14.984418869018555,0.1065835952758789,False,False
6295-64301-0025_3853-163249-0024:1,3853,14.77916145324707,14.822507858276367,0.043346405029296875,False,False
1462-170142-0027_8297-275154-0027:0,1462,16.78331756591797,16.744218826293945,-0.03909873962402344,False,False
1462-170142-0027_8297-275154-0027:1,8297,9.922863006591797,10.053812026977539,0.1309490203857422,False,False
6345-93306-0006_3081-166546-0006:0,6345,13.842948913574219,14.384212493896484,0.5412635803222656,False,False
6345-93306-0006_3081-166546-0006:1,3081,9.48757553100586,9.226828575134277,-0.26074695587158203,False,False
2078-142845-0045_6345-93302-0006:0,2078,17.21628761291504,17.494844436645508,0.27855682373046875,False,False
2078-142845-0045_6345-93302-0006:1,6345,18.898954391479492,18.85114860534668,-0.0478057861328125,False,False
777-126732-0052_1988-24833-0024:0,777,10.887564659118652,10.929465293884277,0.041900634765625,False,False
777-126732-0052_1988-24833-0024:1,1988,13.78686237335205,13.593839645385742,-0.1930227279663086,False,False
2412-153947-0015_1988-24833-0020:0,2412,14.564786911010742,14.535965919494629,-0.02882099151611328,False,False
2412-153947-0015_1988-24833-0020:1,1988,-29.364355087280273,-20.069683074951172,9.294672012329102,True,True
2078-142845-0050_652-129742-0017:0,2078,12.768895149230957,12.415350914001465,-0.3535442352294922,False,False
2078-142845-0050_652-129742-0017:1,652,13.73037052154541,13.649918556213379,-0.08045196533203125,False,False
6241-66616-0003_5536-43358-0004:0,6241,5.726076126098633,8.419900894165039,2.6938247680664062,False,False
6241-66616-0003_5536-43358-0004:1,5536,12.803617477416992,13.152388572692871,0.3487710952758789,False,False
2428-83705-0020_1462-170138-0002:0,2428,14.314432144165039,14.370443344116211,0.056011199951171875,False,False
2428-83705-0020_1462-170138-0002:1,1462,11.720405578613281,11.850664138793945,0.13025856018066406,False,False
6313-66125-0004_3536-23268-0015:0,6313,16.82136344909668,16.39803695678711,-0.4233264923095703,False,False
6313-66125-0004_3536-23268-0015:1,3536,13.284053802490234,13.229759216308594,-0.054294586181640625,False,False
174-168635-0016_6313-66125-0023:0,174,10.74209213256836,10.736889839172363,-0.005202293395996094,False,False
174-168635-0016_6313-66125-0023:1,6313,13.074201583862305,12.898605346679688,-0.1755962371826172,False,False
6295-244435-0035_2428-83705-0043:0,6295,17.766273498535156,17.8994197845459,0.1331462860107422,False,False
6295-244435-0035_2428-83705-0043:1,2428,16.60129737854004,16.727336883544922,0.1260395050048828,False,False
84-121550-0032_652-130737-0011:0,84,14.287308692932129,13.974987030029297,-0.31232166290283203,False,False
84-121550-0032_652-130737-0011:1,652,15.741454124450684,15.862186431884766,0.12073230743408203,False,False
6241-61943-0005_1462-170138-0019:0,6241,16.02628517150879,15.91651725769043,-0.10976791381835938,False,False
6241-61943-0005_1462-170138-0019:1,1462,13.350764274597168,13.459027290344238,0.10826301574707031,False,False
8842-302196-0003_2086-149220-0016:0,8842,-25.717758178710938,-24.26479721069336,1.4529609680175781,True,True
8842-302196-0003_2086-149220-0016:1,2086,18.17313003540039,18.388465881347656,0.21533584594726562,False,False
1988-147956-0004_1272-128104-0012:0,1988,13.459220886230469,12.511423110961914,-0.9477977752685547,False,False
1988-147956-0004_1272-128104-0012:1,1272,18.03588104248047,17.741994857788086,-0.2938861846923828,False,False
3081-166546-0070_5895-34622-0023:0,3081,2.8790931701660156,5.350787162780762,2.471693992614746,False,False
3081-166546-0070_5895-34622-0023:1,5895,-8.72829532623291,-10.575165748596191,-1.8468704223632812,True,True
2902-9006-0011_3081-166546-0001:0,2902,13.87889289855957,14.72353744506836,0.8446445465087891,False,False
2902-9006-0011_3081-166546-0001:1,3081,13.067940711975098,13.398531913757324,0.33059120178222656,False,False
1462-170145-0017_6345-93306-0021:0,1462,15.32518482208252,15.32266902923584,-0.0025157928466796875,False,False
1462-170145-0017_6345-93306-0021:1,6345,17.339555740356445,17.789838790893555,0.4502830505371094,False,False
2803-154320-0007_6241-66616-0007:0,2803,13.491796493530273,13.565914154052734,0.07411766052246094,False,False
2803-154320-0007_6241-66616-0007:1,6241,-8.477375030517578,-6.444646835327148,2.0327281951904297,False,False
6241-61943-0016_2078-142845-0027:0,6241,14.352588653564453,14.130525588989258,-0.2220630645751953,False,False
6241-61943-0016_2078-142845-0027:1,2078,9.11072063446045,8.954751014709473,-0.15596961975097656,False,False
1462-170142-0012_2902-9006-0010:0,1462,15.227087020874023,15.057289123535156,-0.1697978973388672,False,False
1462-170142-0012_2902-9006-0010:1,2902,18.54374885559082,18.64084243774414,0.09709358215332031,False,False
2412-153954-0010_2277-149897-0027:0,2412,15.310578346252441,15.281643867492676,-0.028934478759765625,False,False
2412-153954-0010_2277-149897-0027:1,2277,-28.987953186035156,-30.953266143798828,-1.9653129577636719,True,True
2086-149220-0026_2902-9006-0020:0,2086,12.15395736694336,12.123783111572266,-0.03017425537109375,False,False
2086-149220-0026_2902-9006-0020:1,2902,17.566261291503906,17.580020904541016,0.013759613037109375,False,False
84-121550-0024_3081-166546-0017:0,84,10.982965469360352,11.118117332458496,0.13515186309814453,False,False
84-121550-0024_3081-166546-0017:1,3081,6.472507953643799,5.624335765838623,-0.8481721878051758,False,False
1919-142785-0033_174-168635-0002:0,1919,11.806703567504883,11.785948753356934,-0.02075481414794922,False,False
1919-142785-0033_174-168635-0002:1,174,-20.338573455810547,12.86449146270752,33.203064918518066,True,False
2428-83705-0035_652-130726-0010:0,2428,15.684098243713379,15.687034606933594,0.0029363632202148438,False,False
2428-83705-0035_652-130726-0010:1,652,10.344724655151367,10.423774719238281,0.07905006408691406,False,False
5694-64025-0021_2902-9008-0005:0,5694,13.423213958740234,13.491273880004883,0.06805992126464844,False,False
5694-64025-0021_2902-9008-0005:1,2902,15.417095184326172,15.616437911987305,0.1993427276611328,False,False
3081-166546-0081_5694-64029-0014:0,3081,9.420693397521973,6.878174304962158,-2.5425190925598145,False,False
3081-166546-0081_5694-64029-0014:1,5694,12.06258773803711,12.037421226501465,-0.02516651153564453,False,False
2803-161169-0001_7976-110523-0004:0,2803,13.812654495239258,13.593587875366211,-0.21906661987304688,False,False
2803-161169-0001_7976-110523-0004:1,7976,18.99254608154297,19.125764846801758,0.13321876525878906,False,False
2277-149896-0027_251-118436-0016:0,2277,15.117294311523438,15.188790321350098,0.07149600982666016,False,False
2277-149896-0027_251-118436-0016:1,251,15.207406997680664,15.473928451538086,0.2665214538574219,False,False
2803-161169-0002_6313-76958-0018:0,2803,12.363765716552734,12.363641738891602,-0.0001239776611328125,False,False
2803-161169-0002_6313-76958-0018:1,6313,16.20913314819336,16.166519165039062,-0.042613983154296875,False,False
6313-76958-0028_2078-142845-0029:0,6313,-28.51877784729004,-22.728771209716797,5.790006637573242,True,True
6313-76958-0028_2078-142845-0029:1,2078,14.958192825317383,14.566896438598633,-0.39129638671875,False,False
251-137823-0004_8297-275154-0002:0,251,4.852159023284912,7.739926338195801,2.8877673149108887,False,False
251-137823-0004_8297-275154-0002:1,8297,8.416439056396484,8.52606201171875,0.10962295532226562,False,False
2035-152373-0002_1919-142785-0017:0,2035,18.52947998046875,18.439037322998047,-0.09044265747070312,False,False
2035-152373-0002_1919-142785-0017:1,1919,14.466163635253906,14.13679313659668,-0.32937049865722656,False,False
652-130726-0008_1988-24833-0017:0,652,13.45364761352539,13.323413848876953,-0.1302337646484375,False,False
652-130726-0008_1988-24833-0017:1,1988,15.251017570495605,15.567171096801758,0.31615352630615234,False,False
3752-4944-0043_6319-64726-0008:0,3752,14.886871337890625,14.928733825683594,0.04186248779296875,False,False
3752-4944-0043_6319-64726-0008:1,6319,15.685140609741211,15.734687805175781,0.04954719543457031,False,False
3853-163249-0016_2428-83705-0001:0,3853,19.694103240966797,19.732006072998047,0.03790283203125,False,False
3853-163249-0016_2428-83705-0001:1,2428,12.029266357421875,11.890188217163086,-0.13907814025878906,False,False
3081-166546-0080_5895-34629-0002:0,3081,-0.5668578147888184,-0.9120259284973145,-0.3451681137084961,False,False
3081-166546-0080_5895-34629-0002:1,5895,5.083147048950195,5.5362372398376465,0.45309019088745117,False,False
1272-135031-0015_6313-66125-0022:0,1272,16.0465145111084,16.14633560180664,0.09982109069824219,False,False
1272-135031-0015_6313-66125-0022:1,6313,17.252344131469727,17.178369522094727,-0.073974609375,False,False
2277-149896-0002_6319-275224-0017:0,2277,-29.801870346069336,-27.818456649780273,1.9834136962890625,True,True
2277-149896-0002_6319-275224-0017:1,6319,14.244179725646973,-0.5068295001983643,-14.751009225845337,False,False
2035-147961-0037_652-130737-0007:0,2035,12.753814697265625,12.762197494506836,0.008382797241210938,False,False
2035-147961-0037_652-130737-0007:1,652,14.712814331054688,14.563291549682617,-0.1495227813720703,False,False
174-84280-0006_3536-23268-0011:0,174,12.43804931640625,12.371702194213867,-0.06634712219238281,False,False
174-84280-0006_3536-23268-0011:1,3536,14.083609580993652,13.961954116821289,-0.12165546417236328,False,False
3081-166546-0007_3752-4944-0066:0,3081,8.333081245422363,8.18329906463623,-0.1497821807861328,False,False
3081-166546-0007_3752-4944-0066:1,3752,12.285423278808594,12.578943252563477,0.2935199737548828,False,False
6313-66129-0029_3170-137482-0006:0,6313,15.11003303527832,15.350895881652832,0.24086284637451172,False,False
6313-66129-0029_3170-137482-0006:1,3170,11.992783546447754,12.294225692749023,0.30144214630126953,False,False
6241-61943-0001_2277-149897-0005:0,6241,15.59370231628418,15.247138977050781,-0.34656333923339844,False,False
6241-61943-0001_2277-149897-0005:1,2277,9.9534912109375,9.83515739440918,-0.11833381652832031,False,False
251-136532-0021_5694-64029-0030:0,251,17.30296516418457,16.96535873413086,-0.33760643005371094,False,False
251-136532-0021_5694-64029-0030:1,5694,13.541993141174316,13.324538230895996,-0.2174549102783203,False,False
777-126732-0018_1272-141231-0015:0,777,8.631420135498047,8.51607894897461,-0.1153411865234375,False,False
777-126732-0018_1272-141231-0015:1,1272,13.774266242980957,13.758528709411621,-0.015737533569335938,False,False
84-121550-0021_2412-153954-0014:0,84,10.677549362182617,10.528387069702148,-0.14916229248046875,False,False
84-121550-0021_2412-153954-0014:1,2412,16.930255889892578,16.881868362426758,-0.04838752746582031,False,False
6319-275224-0005_3081-166546-0067:0,6319,-24.460521697998047,-13.31761360168457,11.142908096313477,True,True
6319-275224-0005_3081-166546-0067:1,3081,9.16905689239502,10.051072120666504,0.8820152282714844,False,False
3000-15664-0005_6295-64301-0024:0,3000,14.563634872436523,14.673879623413086,0.1102447509765625,False,False
3000-15664-0005_6295-64301-0024:1,6295,-4.84865140914917,-0.9262657165527344,3.9223856925964355,False,False
1462-170138-0027_6319-275224-0009:0,1462,6.059730052947998,12.287752151489258,6.22802209854126,False,False
1462-170138-0027_6319-275224-0009:1,6319,18.257638931274414,19.573518753051758,1.3158798217773438,False,False
1993-147965-0003_7976-110124-0010:0,1993,17.09770965576172,17.120628356933594,0.022918701171875,False,False
1993-147965-0003_7976-110124-0010:1,7976,17.869556427001953,17.878149032592773,0.008592605590820312,False,False
5536-43363-0015_2277-149874-0019:0,5536,13.777379989624023,13.669445037841797,-0.10793495178222656,False,False
5536-43363-0015_2277-149874-0019:1,2277,16.063201904296875,16.025959014892578,-0.037242889404296875,False,False
3081-166546-0056_5694-64025-0020:0,3081,3.0925111770629883,3.456521987915039,0.3640108108520508,False,False
3081-166546-0056_5694-64025-0020:1,5694,12.926395416259766,13.313312530517578,0.3869171142578125,False,False
2428-83699-0042_7976-105575-0016:0,2428,11.035045623779297,11.274396896362305,0.2393512725830078,False,False
2428-83699-0042_7976-105575-0016:1,7976,15.108078002929688,14.748340606689453,-0.3597373962402344,False,False
5536-43363-0008_3170-137482-0022:0,5536,10.966644287109375,10.818782806396484,-0.14786148071289062,False,False
5536-43363-0008_3170-137482-0022:1,3170,13.928935050964355,14.12509822845459,0.19616317749023438,False,False
8297-275155-0015_2902-9008-0014:0,8297,17.725128173828125,17.76508331298828,0.03995513916015625,False,False
8297-275155-0015_2902-9008-0014:1,2902,12.940593719482422,13.03741455078125,0.09682083129882812,False,False
2428-83705-0022_1673-143396-0003:0,2428,20.32019805908203,20.358516693115234,0.038318634033203125,False,False
2428-83705-0022_1673-143396-0003:1,1673,12.824552536010742,12.751504898071289,-0.07304763793945312,False,False
1673-143396-0018_1462-170138-0005:0,1673,12.820801734924316,12.89171314239502,0.07091140747070312,False,False
1673-143396-0018_1462-170138-0005:1,1462,17.877017974853516,17.73780059814453,-0.13921737670898438,False,False
1272-128104-0000_2035-147961-0014:0,1272,13.192209243774414,13.291231155395508,0.09902191162109375,False,False
1272-128104-0000_2035-147961-0014:1,2035,15.600275993347168,15.720263481140137,0.11998748779296875,False,False
8297-275155-0004_777-126732-0021:0,8297,11.805033683776855,11.554028511047363,-0.2510051727294922,False,False
8297-275155-0004_777-126732-0021:1,777,12.758465766906738,12.597638130187988,-0.16082763671875,False,False
6241-66616-0000_2277-149897-0032:0,6241,12.959250450134277,12.88322925567627,-0.07602119445800781,False,False
6241-66616-0000_2277-149897-0032:1,2277,15.026552200317383,15.04440975189209,0.01785755157470703,False,False
3853-163249-0017_8842-302203-0010:0,3853,-20.65233612060547,-21.288616180419922,-0.6362800598144531,True,True
3853-163249-0017_8842-302203-0010:1,8842,-30.21500015258789,-31.42133331298828,-1.2063331604003906,True,True
1919-142785-0020_2277-149896-0000:0,1919,13.021681785583496,13.038661003112793,0.016979217529296875,False,False
1919-142785-0020_2277-149896-0000:1,2277,-25.40753173828125,-23.09090805053711,2.3166236877441406,True,True
6295-244435-0036_2803-154320-0001:0,6295,7.853594779968262,7.686007499694824,-0.1675872802734375,False,False
6295-244435-0036_2803-154320-0001:1,2803,1.0038847923278809,-6.980643272399902,-7.984528064727783,True,True
2428-83699-0012_2035-147961-0038:0,2428,10.869291305541992,10.944620132446289,0.07532882690429688,False,False
2428-83699-0012_2035-147961-0038:1,2035,16.901885986328125,16.594402313232422,-0.3074836730957031,False,False
3081-166546-0051_5338-284437-0007:0,3081,3.2080085277557373,3.182314157485962,-0.02569437026977539,False,False
3081-166546-0051_5338-284437-0007:1,5338,13.345582008361816,13.733108520507812,0.3875265121459961,False,False
2078-142845-0021_84-121550-0014:0,2078,12.996142387390137,14.410904884338379,1.4147624969482422,False,False
2078-142845-0021_84-121550-0014:1,84,11.20025634765625,11.379165649414062,0.1789093017578125,False,False
8297-275155-0016_6313-66129-0023:0,8297,14.081884384155273,14.046632766723633,-0.035251617431640625,False,False
8297-275155-0016_6313-66129-0023:1,6313,18.04900550842285,17.962324142456055,-0.08668136596679688,False,False
5694-64025-0001_251-118436-0013:0,5694,13.814380645751953,13.233777046203613,-0.5806035995483398,False,False
5694-64025-0001_251-118436-0013:1,251,7.867122650146484,8.343107223510742,0.4759845733642578,False,False
1272-128104-0008_1919-142785-0031:0,1272,12.196067810058594,10.591279983520508,-1.604787826538086,False,False
1272-128104-0008_1919-142785-0031:1,1919,8.986198425292969,10.156452178955078,1.1702537536621094,False,False
5895-34629-0025_6319-275224-0000:0,5895,13.967228889465332,13.905476570129395,-0.0617523193359375,False,False
5895-34629-0025_6319-275224-0000:1,6319,17.346683502197266,17.380834579467773,0.03415107727050781,False,False
6319-57405-0007_1462-170145-0022:0,6319,8.013713836669922,12.198591232299805,4.184877395629883,False,False
6319-57405-0007_1462-170145-0022:1,1462,11.428779602050781,11.691280364990234,0.2625007629394531,False,False
5536-43358-0006_2428-83699-0016:0,5536,11.48421859741211,11.627740859985352,0.1435222625732422,False,False
5536-43358-0006_2428-83699-0016:1,2428,13.278759002685547,13.49936294555664,0.22060394287109375,False,False
1673-143397-0014_2803-154320-0014:0,1673,16.070707321166992,16.02585792541504,-0.044849395751953125,False,False
1673-143397-0014_2803-154320-0014:1,2803,16.204301834106445,16.136356353759766,-0.06794548034667969,False,False
1462-170142-0005_6295-244435-0029:0,1462,13.250835418701172,13.150052070617676,-0.1007833480834961,False,False
1462-170142-0005_6295-244435-0029:1,6295,14.85662841796875,14.549643516540527,-0.30698490142822266,False,False
8297-275155-0008_2277-149897-0017:0,8297,17.713003158569336,17.810665130615234,0.09766197204589844,False,False
8297-275155-0008_2277-149897-0017:1,2277,17.560346603393555,17.563934326171875,0.0035877227783203125,False,False
1272-141231-0019_2412-153947-0009:0,1272,15.198220252990723,15.721881866455078,0.5236616134643555,False,False
1272-141231-0019_2412-153947-0009:1,2412,14.799753189086914,14.877734184265137,0.07798099517822266,False,False
6313-76958-0010_1673-143396-0000:0,6313,-12.69568920135498,-15.4501371383667,-2.7544479370117188,True,True
6313-76958-0010_1673-143396-0000:1,1673,7.847795009613037,7.788125514984131,-0.05966949462890625,False,False
6241-61946-0021_1272-141231-0017:0,6241,13.012272834777832,12.905471801757812,-0.10680103302001953,False,False
6241-61946-0021_1272-141231-0017:1,1272,13.075861930847168,13.076818466186523,0.0009565353393554688,False,False
7976-110523-0017_1993-147149-0008:0,7976,14.194561958312988,13.836753845214844,-0.35780811309814453,False,False
7976-110523-0017_1993-147149-0008:1,1993,-26.836795806884766,-19.666629791259766,7.170166015625,True,True
5536-43359-0006_3081-166546-0084:0,5536,11.039525985717773,11.33757209777832,0.2980461120605469,False,False
5536-43359-0006_3081-166546-0084:1,3081,12.651751518249512,12.85754108428955,0.20578956604003906,False,False
3853-163249-0031_2428-83705-0011:0,3853,14.674623489379883,14.634397506713867,-0.040225982666015625,False,False
3853-163249-0031_2428-83705-0011:1,2428,10.812782287597656,10.957870483398438,0.14508819580078125,False,False
2086-149220-0031_2035-152373-0016:0,2086,15.045297622680664,15.083395004272461,0.038097381591796875,False,False
2086-149220-0031_2035-152373-0016:1,2035,16.357728958129883,16.50263023376465,0.14490127563476562,False,False
1462-170138-0018_1988-24833-0012:0,1462,14.266063690185547,14.059799194335938,-0.20626449584960938,False,False
1462-170138-0018_1988-24833-0012:1,1988,9.73861312866211,12.127118110656738,2.388504981994629,False,False
2428-83699-0008_2277-149897-0016:0,2428,12.824285507202148,12.830698013305664,0.006412506103515625,False,False
2428-83699-0008_2277-149897-0016:1,2277,12.713052749633789,12.596174240112305,-0.11687850952148438,False,False
6345-64257-0004_3853-163249-0006:0,6345,13.540313720703125,13.650679588317871,0.1103658676147461,False,False
6345-64257-0004_3853-163249-0006:1,3853,-29.963207244873047,-29.893293380737305,0.06991386413574219,True,True
1462-170142-0038_3536-8226-0002:0,1462,15.565716743469238,15.538453102111816,-0.027263641357421875,False,False
1462-170142-0038_3536-8226-0002:1,3536,16.175859451293945,15.63145637512207,-0.544403076171875,False,False
2086-149220-0002_5895-34615-0000:0,2086,11.74634838104248,11.922747611999512,0.17639923095703125,False,False
2086-149220-0002_5895-34615-0000:1,5895,14.232870101928711,14.228815078735352,-0.004055023193359375,False,False
652-130726-0003_1272-141231-0018:0,652,10.704316139221191,10.702428817749023,-0.0018873214721679688,False,False
652-130726-0003_1272-141231-0018:1,1272,14.04718017578125,13.878637313842773,-0.16854286193847656,False,False
1988-24833-0003_251-137823-0003:0,1988,14.150891304016113,14.282055854797363,0.13116455078125,False,False
1988-24833-0003_251-137823-0003:1,251,13.564654350280762,13.51348876953125,-0.05116558074951172,False,False
1988-147956-0009_2035-147960-0010:0,1988,16.331640243530273,16.255311965942383,-0.07632827758789062,False,False
1988-147956-0009_2035-147960-0010:1,2035,17.14305305480957,17.33946990966797,0.19641685485839844,False,False
2078-142845-0045_777-126732-0063:0,2078,11.343618392944336,11.26673698425293,-0.07688140869140625,False,False
2078-142845-0045_777-126732-0063:1,777,11.849109649658203,11.768756866455078,-0.080352783203125,False,False
3170-137482-0046_6313-66125-0002:0,3170,11.516851425170898,11.537269592285156,0.020418167114257812,False,False
3170-137482-0046_6313-66125-0002:1,6313,19.86351776123047,19.783239364624023,-0.08027839660644531,False,False
84-121550-0032_422-122949-0008:0,84,13.547347068786621,13.8564453125,0.3090982437133789,False,False
84-121550-0032_422-122949-0008:1,422,10.344799041748047,10.41139030456543,0.06659126281738281,False,False
5895-34629-0017_3081-166546-0070:0,5895,10.843592643737793,11.261771202087402,0.4181785583496094,False,False
5895-34629-0017_3081-166546-0070:1,3081,6.917665958404541,6.05172061920166,-0.8659453392028809,False,False
251-137823-0016_3752-4944-0059:0,251,10.174455642700195,10.852581977844238,0.678126335144043,False,False
251-137823-0016_3752-4944-0059:1,3752,14.325117111206055,14.471083641052246,0.1459665298461914,False,False
6295-244435-0001_3536-23268-0015:0,6295,13.817501068115234,13.886280059814453,0.06877899169921875,False,False
6295-244435-0001_3536-23268-0015:1,3536,17.69513511657715,17.758975982666016,0.06384086608886719,False,False
5895-34622-0010_2428-83699-0019:0,5895,13.528838157653809,13.559328079223633,0.03048992156982422,False,False
5895-34622-0010_2428-83699-0019:1,2428,14.572164535522461,14.513858795166016,-0.05830574035644531,False,False
7850-286674-0000_652-130737-0007:0,7850,12.214662551879883,12.103231430053711,-0.11143112182617188,False,False
7850-286674-0000_652-130737-0007:1,652,11.90636157989502,11.848732948303223,-0.057628631591796875,False,False
2078-142845-0018_2412-153947-0014:0,2078,10.42127799987793,10.452892303466797,0.03161430358886719,False,False
2078-142845-0018_2412-153947-0014:1,2412,14.897201538085938,14.726991653442383,-0.1702098846435547,False,False
7850-281318-0003_652-129742-0012:0,7850,14.413818359375,14.37736701965332,-0.03645133972167969,False,False
7850-281318-0003_652-129742-0012:1,652,18.41415023803711,18.30512809753418,-0.10902214050292969,False,False
2428-83705-0032_2277-149896-0025:0,2428,15.190536499023438,15.13306999206543,-0.05746650695800781,False,False
2428-83705-0032_2277-149896-0025:1,2277,15.148934364318848,15.184049606323242,0.03511524200439453,False,False
5694-64038-0001_1462-170142-0042:0,5694,16.49391746520996,15.628937721252441,-0.8649797439575195,False,False
5694-64038-0001_1462-170142-0042:1,1462,10.753475189208984,7.099094867706299,-3.6543803215026855,False,False
2428-83699-0006_1988-148538-0001:0,2428,13.519047737121582,13.814310073852539,0.29526233673095703,False,False
2428-83699-0006_1988-148538-0001:1,1988,12.226147651672363,11.613402366638184,-0.6127452850341797,False,False
2078-142845-0019_2803-154328-0000:0,2078,13.82674503326416,14.22816276550293,0.40141773223876953,False,False
2078-142845-0019_2803-154328-0000:1,2803,10.829851150512695,10.7133207321167,-0.1165304183959961,False,False
8297-275155-0007_1272-141231-0000:0,8297,13.305818557739258,12.939537048339844,-0.36628150939941406,False,False
8297-275155-0007_1272-141231-0000:1,1272,9.962541580200195,10.814563751220703,0.8520221710205078,False,False
84-121550-0010_5536-43363-0014:0,84,13.55225944519043,13.545185089111328,-0.0070743560791015625,False,False
84-121550-0010_5536-43363-0014:1,5536,13.853644371032715,13.939099311828613,0.08545494079589844,False,False
2412-153954-0001_1919-142785-0031:0,2412,9.214746475219727,9.471524238586426,0.2567777633666992,False,False
2412-153954-0001_1919-142785-0031:1,1919,15.051658630371094,14.974653244018555,-0.07700538635253906,False,False
6295-64301-0025_7850-286674-0002:0,6295,16.79716682434082,16.86526870727539,0.06810188293457031,False,False
6295-64301-0025_7850-286674-0002:1,7850,11.35335922241211,11.39739990234375,0.044040679931640625,False,False
1673-143396-0011_6295-64301-0026:0,1673,12.890792846679688,12.948944091796875,0.0581512451171875,False,False
1673-143396-0011_6295-64301-0026:1,6295,18.7960147857666,18.777772903442383,-0.01824188232421875,False,False
5895-34615-0012_1462-170142-0020:0,5895,19.80139923095703,19.14620590209961,-0.6551933288574219,False,False
5895-34615-0012_1462-170142-0020:1,1462,11.246119499206543,10.857399940490723,-0.3887195587158203,False,False
777-126732-0018_1988-24833-0002:0,777,14.968413352966309,14.63119125366211,-0.3372220993041992,False,False
777-126732-0018_1988-24833-0002:1,1988,12.694005966186523,12.104179382324219,-0.5898265838623047,False,False
1993-147149-0016_777-126732-0036:0,1993,13.590574264526367,13.529151916503906,-0.06142234802246094,False,False
1993-147149-0016_777-126732-0036:1,777,12.883920669555664,12.809150695800781,-0.07476997375488281,False,False
5895-34615-0007_8297-275155-0006:0,5895,19.499067306518555,19.48586654663086,-0.013200759887695312,False,False
5895-34615-0007_8297-275155-0006:1,8297,13.86452865600586,13.987987518310547,0.1234588623046875,False,False
6241-61943-0006_5694-64029-0001:0,6241,12.673653602600098,12.013236999511719,-0.6604166030883789,False,False
6241-61943-0006_5694-64029-0001:1,5694,12.743404388427734,12.846699714660645,0.10329532623291016,False,False
7976-110124-0018_251-137823-0020:0,7976,11.578128814697266,11.678089141845703,0.0999603271484375,False,False
7976-110124-0018_251-137823-0020:1,251,17.230091094970703,17.26506805419922,0.034976959228515625,False,False
3853-163249-0021_6319-57405-0002:0,3853,10.506896018981934,10.37759017944336,-0.12930583953857422,False,False
3853-163249-0021_6319-57405-0002:1,6319,13.889062881469727,13.277446746826172,-0.6116161346435547,False,False
3000-15664-0032_8297-275155-0005:0,3000,14.797390937805176,14.994667053222656,0.19727611541748047,False,False
3000-15664-0032_8297-275155-0005:1,8297,13.989164352416992,14.032994270324707,0.043829917907714844,False,False
6319-275224-0004_7976-110523-0006:0,6319,3.7538094520568848,-22.5920352935791,-26.345844745635986,False,True
6319-275224-0004_7976-110523-0006:1,7976,13.182713508605957,14.949088096618652,1.7663745880126953,False,False
5536-43363-0016_2277-149874-0002:0,5536,12.456283569335938,12.414176940917969,-0.04210662841796875,False,False
5536-43363-0016_2277-149874-0002:1,2277,15.590046882629395,15.578340530395508,-0.011706352233886719,False,False
2412-153948-0015_2803-161169-0002:0,2412,15.840827941894531,15.975473403930664,0.1346454620361328,False,False
2412-153948-0015_2803-161169-0002:1,2803,14.725393295288086,14.921016693115234,0.19562339782714844,False,False
5694-64038-0002_6313-66129-0020:0,5694,14.473116874694824,15.027140617370605,0.5540237426757812,False,False
5694-64038-0002_6313-66129-0020:1,6313,13.754568099975586,13.77325439453125,0.018686294555664062,False,False
84-121123-0026_7850-281318-0019:0,84,18.46707534790039,18.45132064819336,-0.01575469970703125,False,False
84-121123-0026_7850-281318-0019:1,7850,16.061193466186523,16.11029052734375,0.04909706115722656,False,False
2428-83699-0003_777-126732-0019:0,2428,14.766020774841309,14.67014217376709,-0.09587860107421875,False,False
2428-83699-0003_777-126732-0019:1,777,11.753276824951172,11.700654983520508,-0.05262184143066406,False,False
2277-149874-0015_1673-143397-0013:0,2277,-20.45052146911621,-20.40373992919922,0.04678153991699219,True,True
2277-149874-0015_1673-143397-0013:1,1673,11.418891906738281,11.547423362731934,0.12853145599365234,False,False
5338-24615-0006_3576-138058-0032:0,5338,16.114944458007812,16.048648834228516,-0.06629562377929688,False,False
5338-24615-0006_3576-138058-0032:1,3576,13.539295196533203,13.10004711151123,-0.43924808502197266,False,False
1272-141231-0023_8842-304647-0011:0,1272,21.106868743896484,21.048606872558594,-0.058261871337890625,False,False
1272-141231-0023_8842-304647-0011:1,8842,14.128156661987305,14.149938583374023,0.02178192138671875,False,False
6313-76958-0004_1919-142785-0049:0,6313,14.443052291870117,14.386242866516113,-0.056809425354003906,False,False
6313-76958-0004_1919-142785-0049:1,1919,12.414554595947266,12.386978149414062,-0.027576446533203125,False,False
2035-147961-0038_6295-244435-0017:0,2035,15.711294174194336,15.662347793579102,-0.048946380615234375,False,False
2035-147961-0038_6295-244435-0017:1,6295,14.168209075927734,14.271903991699219,0.10369491577148438,False,False
1272-135031-0002_84-121550-0000:0,1272,12.386140823364258,12.354988098144531,-0.031152725219726562,False,False
1272-135031-0002_84-121550-0000:1,84,15.827351570129395,15.541106224060059,-0.28624534606933594,False,False
8842-304647-0012_3081-166546-0089:0,8842,8.163074493408203,6.769581317901611,-1.3934931755065918,False,False
8842-304647-0012_3081-166546-0089:1,3081,8.751826286315918,6.795327663421631,-1.956498622894287,False,False
652-130726-0008_5694-64038-0010:0,652,13.36705207824707,13.267467498779297,-0.09958457946777344,False,False
652-130726-0008_5694-64038-0010:1,5694,8.8750638961792,8.75560474395752,-0.11945915222167969,False,False
2277-149874-0012_3081-166546-0022:0,2277,9.372824668884277,9.52810287475586,0.15527820587158203,False,False
2277-149874-0012_3081-166546-0022:1,3081,5.516754627227783,3.161590814590454,-2.355163812637329,False,False
2412-153954-0017_6313-76958-0013:0,2412,12.09296989440918,10.976927757263184,-1.116042137145996,False,False
2412-153954-0017_6313-76958-0013:1,6313,12.0911865234375,11.92493724822998,-0.16624927520751953,False,False
5694-64025-0007_5895-34615-0000:0,5694,13.704900741577148,13.922956466674805,0.21805572509765625,False,False
5694-64025-0007_5895-34615-0000:1,5895,20.172636032104492,20.395645141601562,0.2230091094970703,False,False
5536-43358-0013_6345-93302-0015:0,5536,16.309247970581055,16.211647033691406,-0.09760093688964844,False,False
5536-43358-0013_6345-93302-0015:1,6345,13.238004684448242,13.20833969116211,-0.029664993286132812,False,False
5895-34629-0031_3576-138058-0019:0,5895,13.817008972167969,14.02191162109375,0.20490264892578125,False,False
5895-34629-0031_3576-138058-0019:1,3576,13.434286117553711,13.93751335144043,0.5032272338867188,False,False
7976-110523-0001_6345-64257-0019:0,7976,-10.14349365234375,-19.564178466796875,-9.420684814453125,True,True
7976-110523-0001_6345-64257-0019:1,6345,14.036349296569824,13.891290664672852,-0.14505863189697266,False,False
652-130726-0010_2902-9008-0014:0,652,14.903619766235352,14.89493465423584,-0.008685111999511719,False,False
652-130726-0010_2902-9008-0014:1,2902,11.662637710571289,13.43744945526123,1.7748117446899414,False,False
2086-149220-0047_1272-141231-0004:0,2086,17.712196350097656,17.50600814819336,-0.20618820190429688,False,False
2086-149220-0047_1272-141231-0004:1,1272,18.970155715942383,19.113019943237305,0.14286422729492188,False,False
6345-93302-0003_8297-275155-0000:0,6345,13.759675025939941,13.799517631530762,0.03984260559082031,False,False
6345-93302-0003_8297-275155-0000:1,8297,16.503568649291992,16.720455169677734,0.2168865203857422,False,False
3081-166546-0039_6295-244435-0037:0,3081,11.971993446350098,11.9373197555542,-0.03467369079589844,False,False
3081-166546-0039_6295-244435-0037:1,6295,4.154016494750977,3.0258607864379883,-1.1281557083129883,False,False
2078-142845-0030_6241-61946-0013:0,2078,8.661208152770996,8.604520797729492,-0.056687355041503906,False,False
2078-142845-0030_6241-61946-0013:1,6241,9.36818790435791,9.51930046081543,0.15111255645751953,False,False
3853-163249-0002_251-137823-0004:0,3853,12.875860214233398,12.037168502807617,-0.8386917114257812,False,False
3853-163249-0002_251-137823-0004:1,251,12.322202682495117,12.327224731445312,0.0050220489501953125,False,False
5536-43359-0018_1673-143397-0018:0,5536,12.825040817260742,12.822013854980469,-0.0030269622802734375,False,False
5536-43359-0018_1673-143397-0018:1,1673,15.153190612792969,15.160907745361328,0.007717132568359375,False,False
2277-149897-0002_8842-302196-0012:0,2277,13.90854263305664,14.116952896118164,0.20841026306152344,False,False
2277-149897-0002_8842-302196-0012:1,8842,10.834156036376953,9.74373722076416,-1.090418815612793,False,False
777-126732-0069_3853-163249-0041:0,777,15.307961463928223,15.503731727600098,0.195770263671875,False,False
777-126732-0069_3853-163249-0041:1,3853,13.81045150756836,13.758759498596191,-0.05169200897216797,False,False
3000-15664-0010_8842-302203-0004:0,3000,15.533623695373535,15.531551361083984,-0.0020723342895507812,False,False
3000-15664-0010_8842-302203-0004:1,8842,14.181009292602539,14.099067687988281,-0.08194160461425781,False,False
3081-166546-0055_2412-153947-0004:0,3081,12.715607643127441,12.28851318359375,-0.4270944595336914,False,False
3081-166546-0055_2412-153947-0004:1,2412,8.354536056518555,10.166568756103516,1.812032699584961,False,False
3170-137482-0024_7850-73752-0008:0,3170,9.780684471130371,9.666394233703613,-0.11429023742675781,False,False
3170-137482-0024_7850-73752-0008:1,7850,16.11224937438965,15.90955638885498,-0.20269298553466797,False,False
8842-302196-0003_6313-76958-0022:0,8842,13.839227676391602,13.890485763549805,0.051258087158203125,False,False
8842-302196-0003_6313-76958-0022:1,6313,14.985726356506348,14.908377647399902,-0.07734870910644531,False,False
2277-149897-0023_84-121550-0029:0,2277,-28.948549270629883,-31.827375411987305,-2.878826141357422,True,True
2277-149897-0023_84-121550-0029:1,84,13.554238319396973,13.730875968933105,0.1766376495361328,False,False
1462-170142-0029_777-126732-0055:0,1462,16.719432830810547,16.712989807128906,-0.006443023681640625,False,False
1462-170142-0029_777-126732-0055:1,777,12.286269187927246,12.327475547790527,0.04120635986328125,False,False
2035-147961-0031_3081-166546-0030:0,2035,11.028690338134766,11.227472305297852,0.19878196716308594,False,False
2035-147961-0031_3081-166546-0030:1,3081,9.357319831848145,9.149456024169922,-0.20786380767822266,False,False
2277-149897-0012_3576-138058-0016:0,2277,15.109197616577148,15.389997482299805,0.28079986572265625,False,False
2277-149897-0012_3576-138058-0016:1,3576,13.411643981933594,13.508646011352539,0.09700202941894531,False,False
5895-34629-0013_3536-23268-0017:0,5895,15.484694480895996,15.311975479125977,-0.17271900177001953,False,False
5895-34629-0013_3536-23268-0017:1,3536,12.824963569641113,12.299872398376465,-0.5250911712646484,False,False
777-126732-0057_3536-8226-0006:0,777,16.544326782226562,16.60767936706543,0.06335258483886719,False,False
777-126732-0057_3536-8226-0006:1,3536,13.948858261108398,13.875696182250977,-0.07316207885742188,False,False
3536-8226-0002_2277-149897-0019:0,3536,18.234474182128906,17.640459060668945,-0.5940151214599609,False,False
3536-8226-0002_2277-149897-0019:1,2277,-36.9193229675293,-16.77295684814453,20.146366119384766,True,True
1673-143397-0015_1988-148538-0009:0,1673,15.395261764526367,15.687416076660156,0.29215431213378906,False,False
1673-143397-0015_1988-148538-0009:1,1988,14.814665794372559,14.244379997253418,-0.5702857971191406,False,False
2078-142845-0029_251-136532-0015:0,2078,-6.833571434020996,-21.528644561767578,-14.695073127746582,True,True
2078-142845-0029_251-136532-0015:1,251,15.612133026123047,16.563190460205078,0.9510574340820312,False,False
8297-275154-0004_5694-64025-0016:0,8297,15.045989990234375,14.850370407104492,-0.1956195831298828,False,False
8297-275154-0004_5694-64025-0016:1,5694,9.706798553466797,3.8426384925842285,-5.864160060882568,False,False
2902-9006-0002_2086-149220-0016:0,2902,12.506975173950195,12.50474739074707,-0.002227783203125,False,False
2902-9006-0002_2086-149220-0016:1,2086,15.202177047729492,15.395345687866211,0.19316864013671875,False,False
8297-275154-0010_8842-302201-0009:0,8297,14.02659797668457,14.033514976501465,0.006916999816894531,False,False
8297-275154-0010_8842-302201-0009:1,8842,14.654592514038086,14.77081298828125,0.11622047424316406,False,False
3081-166546-0040_5694-64025-0022:0,3081,16.711326599121094,16.882495880126953,0.17116928100585938,False,False
3081-166546-0040_5694-64025-0022:1,5694,11.293946266174316,10.952305793762207,-0.3416404724121094,False,False
1272-128104-0003_2803-154320-0000:0,1272,11.595711708068848,12.46274185180664,0.867030143737793,False,False
1272-128104-0003_2803-154320-0000:1,2803,9.334671020507812,11.6709623336792,2.3362913131713867,False,False
5536-43358-0012_8297-275155-0029:0,5536,14.093777656555176,14.157623291015625,0.06384563446044922,False,False
5536-43358-0012_8297-275155-0029:1,8297,12.2505521774292,12.28891658782959,0.038364410400390625,False,False
5338-24640-0002_3081-166546-0003:0,5338,13.104381561279297,13.524188995361328,0.41980743408203125,False,False
5338-24640-0002_3081-166546-0003:1,3081,6.261411190032959,6.462320804595947,0.20090961456298828,False,False
5895-34629-0022_5338-284437-0030:0,5895,15.235790252685547,16.164003372192383,0.9282131195068359,False,False
5895-34629-0022_5338-284437-0030:1,5338,11.473840713500977,11.485910415649414,0.0120697021484375,False,False
1673-143396-0012_3536-23268-0024:0,1673,11.096458435058594,10.95364761352539,-0.14281082153320312,False,False
1673-143396-0012_3536-23268-0024:1,3536,19.391197204589844,19.620891571044922,0.22969436645507812,False,False
3170-137482-0006_1272-141231-0032:0,3170,8.267274856567383,7.833791732788086,-0.4334831237792969,False,False
3170-137482-0006_1272-141231-0032:1,1272,13.413082122802734,12.225809097290039,-1.1872730255126953,False,False
652-130726-0005_1988-147956-0026:0,652,13.049978256225586,13.139501571655273,0.0895233154296875,False,False
652-130726-0005_1988-147956-0026:1,1988,12.079001426696777,12.09315013885498,0.014148712158203125,False,False
1462-170138-0008_422-122949-0028:0,1462,11.651683807373047,11.488921165466309,-0.16276264190673828,False,False
1462-170138-0008_422-122949-0028:1,422,11.440315246582031,11.371454238891602,-0.06886100769042969,False,False
3081-166546-0050_1272-141231-0011:0,3081,10.985833168029785,10.670930862426758,-0.31490230560302734,False,False
3081-166546-0050_1272-141231-0011:1,1272,9.632270812988281,9.267488479614258,-0.36478233337402344,False,False
1993-147149-0029_2428-83705-0039:0,1993,13.97349739074707,14.372936248779297,0.39943885803222656,False,False
1993-147149-0029_2428-83705-0039:1,2428,14.231236457824707,14.243165969848633,0.011929512023925781,False,False
2412-153948-0008_1993-147966-0002:0,2412,11.910209655761719,11.895198822021484,-0.015010833740234375,False,False
2412-153948-0008_1993-147966-0002:1,1993,14.857841491699219,15.296159744262695,0.43831825256347656,False,False
2035-147961-0025_2428-83699-0030:0,2035,15.876728057861328,15.986335754394531,0.10960769653320312,False,False
2035-147961-0025_2428-83699-0030:1,2428,16.302797317504883,16.3603515625,0.05755424499511719,False,False
1462-170145-0003_5895-34615-0013:0,1462,15.119733810424805,15.206367492675781,0.08663368225097656,False,False
1462-170145-0003_5895-34615-0013:1,5895,18.709569931030273,18.358083724975586,-0.3514862060546875,False,False
174-50561-0015_2078-142845-0040:0,174,-18.841678619384766,-13.543548583984375,5.298130035400391,True,True
174-50561-0015_2078-142845-0040:1,2078,8.519586563110352,1.7982048988342285,-6.721381664276123,False,False
8297-275156-0008_84-121550-0031:0,8297,15.125219345092773,15.135007858276367,0.00978851318359375,False,False
8297-275156-0008_84-121550-0031:1,84,13.5889310836792,13.686434745788574,0.097503662109375,False,False
7976-110124-0006_6319-275224-0020:0,7976,9.673799514770508,13.017717361450195,3.3439178466796875,False,False
7976-110124-0006_6319-275224-0020:1,6319,6.105410099029541,5.911019802093506,-0.19439029693603516,False,False
2412-153954-0016_8297-275155-0001:0,2412,17.88418960571289,17.812665939331055,-0.07152366638183594,False,False
2412-153954-0016_8297-275155-0001:1,8297,14.983267784118652,15.005661964416504,0.022394180297851562,False,False
5536-43358-0011_1988-147956-0022:0,5536,16.648759841918945,17.016841888427734,0.36808204650878906,False,False
5536-43358-0011_1988-147956-0022:1,1988,13.018332481384277,12.658407211303711,-0.3599252700805664,False,False
3752-4944-0031_84-121123-0006:0,3752,13.829183578491211,13.902812957763672,0.07362937927246094,False,False
3752-4944-0031_84-121123-0006:1,84,13.574578285217285,13.667130470275879,0.09255218505859375,False,False
1272-141231-0009_652-130726-0015:0,1272,11.014287948608398,10.897089958190918,-0.11719799041748047,False,False
1272-141231-0009_652-130726-0015:1,652,9.520052909851074,10.180747032165527,0.6606941223144531,False,False
652-130737-0005_422-122949-0002:0,652,10.037419319152832,10.200510025024414,0.16309070587158203,False,False
652-130737-0005_422-122949-0002:1,422,4.868890762329102,6.37100887298584,1.5021181106567383,False,False
6241-61943-0017_3536-8226-0029:0,6241,12.029195785522461,10.653047561645508,-1.3761482238769531,False,False
6241-61943-0017_3536-8226-0029:1,3536,16.13389778137207,13.906902313232422,-2.2269954681396484,False,False
8297-275154-0003_2277-149874-0008:0,8297,12.564079284667969,12.649621963500977,0.08554267883300781,False,False
8297-275154-0003_2277-149874-0008:1,2277,15.857587814331055,15.775202751159668,-0.08238506317138672,False,False
6313-66125-0007_3536-8226-0028:0,6313,11.650738716125488,11.935785293579102,0.2850465774536133,False,False
6313-66125-0007_3536-8226-0028:1,3536,11.500362396240234,12.188430786132812,0.6880683898925781,False,False
777-126732-0059_2277-149874-0019:0,777,11.80976676940918,11.839956283569336,0.03018951416015625,False,False
777-126732-0059_2277-149874-0019:1,2277,15.267805099487305,15.151144027709961,-0.11666107177734375,False,False
7850-281318-0014_6313-76958-0024:0,7850,16.578622817993164,16.223920822143555,-0.3547019958496094,False,False
7850-281318-0014_6313-76958-0024:1,6313,14.236787796020508,14.476095199584961,0.23930740356445312,False,False
2035-147961-0004_6313-66129-0029:0,2035,14.566024780273438,14.679924011230469,0.11389923095703125,False,False
2035-147961-0004_6313-66129-0029:1,6313,11.695056915283203,11.82020378112793,0.12514686584472656,False,False
6241-66616-0004_2277-149874-0020:0,6241,16.05918312072754,14.058937072753906,-2.000246047973633,False,False
6241-66616-0004_2277-149874-0020:1,2277,13.028116226196289,12.79156494140625,-0.23655128479003906,False,False
652-130726-0031_2035-152373-0001:0,652,12.05291748046875,11.661750793457031,-0.39116668701171875,False,False
652-130726-0031_2035-152373-0001:1,2035,14.988032341003418,14.906085968017578,-0.08194637298583984,False,False
3170-137482-0034_1462-170138-0006:0,3170,18.92395782470703,18.963035583496094,0.0390777587890625,False,False
3170-137482-0034_1462-170138-0006:1,1462,10.805112838745117,10.747074127197266,-0.05803871154785156,False,False
5895-34629-0006_2277-149897-0029:0,5895,11.337926864624023,11.432441711425781,0.09451484680175781,False,False
5895-34629-0006_2277-149897-0029:1,2277,-21.290550231933594,9.583547592163086,30.87409782409668,True,False
1462-170138-0010_2803-154320-0012:0,1462,15.604957580566406,15.583057403564453,-0.021900177001953125,False,False
1462-170138-0010_2803-154320-0012:1,2803,17.197710037231445,17.10175132751465,-0.09595870971679688,False,False
1673-143396-0003_6313-66125-0005:0,1673,10.25499439239502,13.698465347290039,3.4434709548950195,False,False
1673-143396-0003_6313-66125-0005:1,6313,-25.451040267944336,-26.532848358154297,-1.081808090209961,True,True
5895-34622-0012_777-126732-0040:0,5895,18.191654205322266,18.18124771118164,-0.010406494140625,False,False
5895-34622-0012_777-126732-0040:1,777,10.587002754211426,10.538155555725098,-0.048847198486328125,False,False
2803-161169-0017_174-50561-0016:0,2803,10.14033317565918,10.239572525024414,0.09923934936523438,False,False
2803-161169-0017_174-50561-0016:1,174,16.8121337890625,17.597200393676758,0.7850666046142578,False,False
84-121550-0017_1673-143397-0010:0,84,14.308834075927734,14.265390396118164,-0.04344367980957031,False,False
84-121550-0017_1673-143397-0010:1,1673,14.111553192138672,13.93555736541748,-0.1759958267211914,False,False
2412-153954-0000_5694-64038-0020:0,2412,12.732928276062012,12.935301780700684,0.20237350463867188,False,False
2412-153954-0000_5694-64038-0020:1,5694,16.405147552490234,16.568368911743164,0.1632213592529297,False,False
5895-34615-0002_1673-143397-0016:0,5895,17.711505889892578,17.841630935668945,0.1301250457763672,False,False
5895-34615-0002_1673-143397-0016:1,1673,10.517070770263672,10.70732307434082,0.19025230407714844,False,False
7976-110523-0000_3752-4944-0052:0,7976,15.976396560668945,16.139909744262695,0.16351318359375,False,False
7976-110523-0000_3752-4944-0052:1,3752,16.377199172973633,16.330120086669922,-0.04707908630371094,False,False
1462-170142-0040_1272-128104-0008:0,1462,15.105093002319336,15.13531494140625,0.030221939086914062,False,False
1462-170142-0040_1272-128104-0008:1,1272,16.992908477783203,17.151498794555664,0.15859031677246094,False,False
8297-275156-0011_1919-142785-0034:0,8297,12.473644256591797,11.884580612182617,-0.5890636444091797,False,False
8297-275156-0011_1919-142785-0034:1,1919,16.351882934570312,15.777996063232422,-0.5738868713378906,False,False
1272-135031-0015_7976-110523-0009:0,1272,11.38697624206543,11.370279312133789,-0.016696929931640625,False,False
1272-135031-0015_7976-110523-0009:1,7976,16.74009895324707,16.795188903808594,0.05508995056152344,False,False
3853-163249-0014_2412-153948-0005:0,3853,10.74884033203125,10.143158912658691,-0.6056814193725586,False,False
3853-163249-0014_2412-153948-0005:1,2412,-13.297395706176758,-14.517757415771484,-1.2203617095947266,True,True
2086-149220-0024_6241-66616-0018:0,2086,11.677371978759766,11.883736610412598,0.20636463165283203,False,False
2086-149220-0024_6241-66616-0018:1,6241,4.117351055145264,1.6553796529769897,-2.461971402168274,False,False
7976-110523-0020_2086-149220-0007:0,7976,16.334012985229492,16.328407287597656,-0.0056056976318359375,False,False
7976-110523-0020_2086-149220-0007:1,2086,16.203567504882812,16.21485710144043,0.011289596557617188,False,False
2078-142845-0042_2428-83705-0041:0,2078,8.796521186828613,-4.688076972961426,-13.484598159790039,False,True
2078-142845-0042_2428-83705-0041:1,2428,5.496024131774902,2.236646890640259,-3.2593772411346436,False,False
8297-275156-0006_251-136532-0012:0,8297,11.733381271362305,11.783601760864258,0.050220489501953125,False,False
8297-275156-0006_251-136532-0012:1,251,2.1262714862823486,8.083113670349121,5.9568421840667725,False,False
777-126732-0004_174-50561-0005:0,777,12.622485160827637,12.543173789978027,-0.07931137084960938,False,False
777-126732-0004_174-50561-0005:1,174,11.6248779296875,11.597490310668945,-0.027387619018554688,False,False
6319-57405-0007_7976-110523-0011:0,6319,13.186521530151367,-11.382719039916992,-24.56924057006836,False,True
6319-57405-0007_7976-110523-0011:1,7976,11.799590110778809,17.740432739257812,5.940842628479004,False,False
7976-105575-0011_7850-281318-0011:0,7976,14.525078773498535,14.671887397766113,0.14680862426757812,False,False
7976-105575-0011_7850-281318-0011:1,7850,13.416176795959473,13.531099319458008,0.11492252349853516,False,False
1272-141231-0005_1993-147965-0003:0,1272,16.30929946899414,16.25543975830078,-0.053859710693359375,False,False
1272-141231-0005_1993-147965-0003:1,1993,22.339330673217773,22.498046875,0.15871620178222656,False,False
1919-142785-0052_1462-170142-0026:0,1919,11.726786613464355,14.321748733520508,2.5949621200561523,False,False
1919-142785-0052_1462-170142-0026:1,1462,14.424517631530762,11.479178428649902,-2.9453392028808594,False,False
7976-105575-0014_3081-166546-0054:0,7976,3.635152816772461,8.256204605102539,4.621051788330078,False,False
7976-105575-0014_3081-166546-0054:1,3081,7.664655685424805,8.581781387329102,0.9171257019042969,False,False
6241-66616-0003_1272-135031-0010:0,6241,6.205432415008545,6.637182235717773,0.4317498207092285,False,False
6241-66616-0003_1272-135031-0010:1,1272,8.604399681091309,8.890682220458984,0.2862825393676758,False,False
3536-8226-0012_1462-170142-0013:0,3536,18.23955726623535,18.119359970092773,-0.12019729614257812,False,False
3536-8226-0012_1462-170142-0013:1,1462,18.882347106933594,18.931926727294922,0.049579620361328125,False,False
3853-163249-0013_5536-43358-0003:0,3853,10.849309921264648,10.996536254882812,0.14722633361816406,False,False
3853-163249-0013_5536-43358-0003:1,5536,15.058765411376953,15.0264892578125,-0.032276153564453125,False,False
6313-66125-0025_1462-170145-0001:0,6313,18.223772048950195,18.29901885986328,0.07524681091308594,False,False
6313-66125-0025_1462-170145-0001:1,1462,13.95893669128418,14.02025032043457,0.061313629150390625,False,False
251-118436-0014_3170-137482-0028:0,251,11.373517036437988,12.313400268554688,0.9398832321166992,False,False
251-118436-0014_3170-137482-0028:1,3170,9.915925025939941,10.292536735534668,0.37661170959472656,False,False
5895-34622-0000_2428-83705-0013:0,5895,17.05364227294922,17.07088851928711,0.017246246337890625,False,False
5895-34622-0000_2428-83705-0013:1,2428,8.413530349731445,8.758415222167969,0.34488487243652344,False,False
7850-73752-0004_2035-147960-0006:0,7850,12.41734790802002,12.51155948638916,0.09421157836914062,False,False
7850-73752-0004_2035-147960-0006:1,2035,16.060115814208984,15.974573135375977,-0.08554267883300781,False,False
5895-34622-0015_1988-24833-0011:0,5895,17.661521911621094,17.544889450073242,-0.11663246154785156,False,False
5895-34622-0015_1988-24833-0011:1,1988,-31.259300231933594,-18.98632049560547,12.272979736328125,True,True
2277-149897-0026_174-168635-0011:0,2277,11.856658935546875,11.852938652038574,-0.0037202835083007812,False,False
2277-149897-0026_174-168635-0011:1,174,14.17343521118164,13.338235855102539,-0.8351993560791016,False,False
3752-4944-0056_3081-166546-0016:0,3752,12.408153533935547,12.528142929077148,0.11998939514160156,False,False
3752-4944-0056_3081-166546-0016:1,3081,13.33441162109375,13.638867378234863,0.3044557571411133,False,False
8297-275155-0020_3752-4944-0062:0,8297,-7.518827438354492,-20.824806213378906,-13.305978775024414,True,True
8297-275155-0020_3752-4944-0062:1,3752,1.5321731567382812,9.158418655395508,7.626245498657227,False,False
3536-23268-0021_777-126732-0023:0,3536,17.058303833007812,17.123849868774414,0.06554603576660156,False,False
3536-23268-0021_777-126732-0023:1,777,14.667728424072266,14.873014450073242,0.20528602600097656,False,False
251-136532-0023_5536-43363-0007:0,251,12.568609237670898,12.435686111450195,-0.13292312622070312,False,False
251-136532-0023_5536-43363-0007:1,5536,11.485675811767578,11.324052810668945,-0.1616230010986328,False,False
1272-141231-0017_6319-64726-0010:0,1272,17.421154022216797,16.122047424316406,-1.2991065979003906,False,False
1272-141231-0017_6319-64726-0010:1,6319,14.214982986450195,13.663162231445312,-0.5518207550048828,False,False
2277-149897-0031_3081-166546-0013:0,2277,8.377845764160156,10.045560836791992,1.667715072631836,False,False
2277-149897-0031_3081-166546-0013:1,3081,10.798279762268066,10.6502103805542,-0.1480693817138672,False,False
6313-76958-0015_3170-137482-0042:0,6313,13.783283233642578,13.30035400390625,-0.4829292297363281,False,False
6313-76958-0015_3170-137482-0042:1,3170,16.588733673095703,16.55952262878418,-0.029211044311523438,False,False
1919-142785-0023_2086-149220-0005:0,1919,13.055078506469727,13.138484954833984,0.08340644836425781,False,False
1919-142785-0023_2086-149220-0005:1,2086,15.434789657592773,15.157758712768555,-0.27703094482421875,False,False
777-126732-0058_1988-147956-0018:0,777,15.798795700073242,15.854301452636719,0.05550575256347656,False,False
777-126732-0058_1988-147956-0018:1,1988,10.37518310546875,10.468400955200195,0.09321784973144531,False,False
3000-15664-0009_1673-143396-0016:0,3000,15.011493682861328,15.047351837158203,0.035858154296875,False,False
3000-15664-0009_1673-143396-0016:1,1673,15.12540054321289,15.147638320922852,0.022237777709960938,False,False
652-130726-0018_3536-8226-0001:0,652,7.899524688720703,7.433560371398926,-0.46596431732177734,False,False
652-130726-0018_3536-8226-0001:1,3536,6.390032768249512,6.2326154708862305,-0.15741729736328125,False,False
3576-138058-0028_2277-149874-0010:0,3576,11.758496284484863,10.058086395263672,-1.7004098892211914,False,False
3576-138058-0028_2277-149874-0010:1,2277,9.13797378540039,4.552302837371826,-4.5856709480285645,False,False
422-122949-0001_3853-163249-0007:0,422,14.483525276184082,14.558520317077637,0.07499504089355469,False,False
422-122949-0001_3853-163249-0007:1,3853,10.757820129394531,10.637234687805176,-0.12058544158935547,False,False
6295-244435-0009_3853-163249-0016:0,6295,9.389900207519531,9.360692977905273,-0.029207229614257812,False,False
6295-244435-0009_3853-163249-0016:1,3853,17.573116302490234,17.56686019897461,-0.006256103515625,False,False
3081-166546-0080_6241-61946-0016:0,3081,10.57590103149414,10.34321403503418,-0.23268699645996094,False,False
3081-166546-0080_6241-61946-0016:1,6241,6.598635673522949,6.06919527053833,-0.5294404029846191,False,False
652-129742-0010_2277-149897-0015:0,652,16.27495002746582,16.09865951538086,-0.17629051208496094,False,False
652-129742-0010_2277-149897-0015:1,2277,12.61142349243164,12.626140594482422,0.01471710205078125,False,False
1272-141231-0020_2803-154328-0019:0,1272,14.105547904968262,14.352333068847656,0.24678516387939453,False,False
1272-141231-0020_2803-154328-0019:1,2803,13.112540245056152,13.005492210388184,-0.10704803466796875,False,False
84-121550-0033_2277-149897-0018:0,84,16.105257034301758,16.02134895324707,-0.0839080810546875,False,False
84-121550-0033_2277-149897-0018:1,2277,16.258075714111328,16.0621337890625,-0.19594192504882812,False,False
7850-111771-0005_251-136532-0000:0,7850,11.045074462890625,10.95452880859375,-0.090545654296875,False,False
7850-111771-0005_251-136532-0000:1,251,18.417587280273438,18.455097198486328,0.037509918212890625,False,False
1993-147149-0022_5895-34629-0033:0,1993,16.939741134643555,17.48297882080078,0.5432376861572266,False,False
1993-147149-0022_5895-34629-0033:1,5895,12.222212791442871,12.447232246398926,0.2250194549560547,False,False
2086-149220-0012_6319-275224-0013:0,2086,13.473746299743652,13.495652198791504,0.021905899047851562,False,False
2086-149220-0012_6319-275224-0013:1,6319,15.580678939819336,15.82969856262207,0.24901962280273438,False,False
6313-66125-0024_6319-57405-0011:0,6313,8.8655366897583,17.864397048950195,8.998860359191895,False,False
6313-66125-0024_6319-57405-0011:1,6319,13.638174057006836,13.624616622924805,-0.01355743408203125,False,False
251-137823-0001_2078-142845-0028:0,251,13.928390502929688,13.477851867675781,-0.45053863525390625,False,False
251-137823-0001_2078-142845-0028:1,2078,5.133963584899902,5.0882415771484375,-0.045722007751464844,False,False
5694-64029-0031_84-121550-0027:0,5694,13.071179389953613,14.56047534942627,1.4892959594726562,False,False
5694-64029-0031_84-121550-0027:1,84,11.64345645904541,13.301161766052246,1.657705307006836,False,False
3752-4943-0021_5536-43363-0001:0,3752,6.529129505157471,6.059659481048584,-0.4694700241088867,False,False
3752-4943-0021_5536-43363-0001:1,5536,9.088590621948242,9.473322868347168,0.3847322463989258,False,False
6241-66616-0000_5895-34622-0011:0,6241,14.083118438720703,13.770322799682617,-0.31279563903808594,False,False
6241-66616-0000_5895-34622-0011:1,5895,15.584551811218262,15.581153869628906,-0.0033979415893554688,False,False
5694-64025-0009_2428-83705-0033:0,5694,13.721677780151367,13.857834815979004,0.13615703582763672,False,False
5694-64025-0009_2428-83705-0033:1,2428,14.451738357543945,14.564348220825195,0.11260986328125,False,False
84-121550-0026_174-50561-0019:0,84,12.436262130737305,13.052286148071289,0.6160240173339844,False,False
84-121550-0026_174-50561-0019:1,174,17.077512741088867,17.269493103027344,0.19198036193847656,False,False
6241-61946-0004_84-121123-0023:0,6241,16.607681274414062,16.805286407470703,0.19760513305664062,False,False
6241-61946-0004_84-121123-0023:1,84,14.072793006896973,14.143413543701172,0.07062053680419922,False,False
5536-43358-0017_5694-64025-0019:0,5536,14.618741989135742,14.583263397216797,-0.03547859191894531,False,False
5536-43358-0017_5694-64025-0019:1,5694,9.099409103393555,9.01526165008545,-0.08414745330810547,False,False
7850-281318-0018_1988-147956-0020:0,7850,-23.206579208374023,-21.295034408569336,1.9115447998046875,True,True
7850-281318-0018_1988-147956-0020:1,1988,12.272201538085938,12.890508651733398,0.6183071136474609,False,False
251-137823-0017_1993-147964-0002:0,251,9.95175552368164,9.892753601074219,-0.059001922607421875,False,False
251-137823-0017_1993-147964-0002:1,1993,16.854021072387695,16.83245849609375,-0.021562576293945312,False,False
5694-64038-0019_251-118436-0010:0,5694,8.10445499420166,-5.4229912757873535,-13.527446269989014,False,False
5694-64038-0019_251-118436-0010:1,251,13.684683799743652,13.95827579498291,0.2735919952392578,False,False
1673-143396-0005_6241-61943-0009:0,1673,11.62506103515625,11.809652328491211,0.18459129333496094,False,False
1673-143396-0005_6241-61943-0009:1,6241,14.11851692199707,14.30880355834961,0.19028663635253906,False,False
1988-148538-0014_6345-93302-0014:0,1988,17.30353355407715,17.32194709777832,0.018413543701171875,False,False
1988-148538-0014_6345-93302-0014:1,6345,12.290409088134766,12.435413360595703,0.1450042724609375,False,False
2412-153947-0015_251-137823-0008:0,2412,17.741954803466797,17.815717697143555,0.07376289367675781,False,False
2412-153947-0015_251-137823-0008:1,251,12.595763206481934,12.37993335723877,-0.21582984924316406,False,False
6295-64301-0030_2428-83705-0026:0,6295,14.258767127990723,14.361028671264648,0.10226154327392578,False,False
6295-64301-0030_2428-83705-0026:1,2428,14.184566497802734,14.382267951965332,0.19770145416259766,False,False
422-122949-0024_1988-148538-0011:0,422,14.645064353942871,14.950841903686523,0.30577754974365234,False,False
422-122949-0024_1988-148538-0011:1,1988,11.987838745117188,12.04990005493164,0.062061309814453125,False,False
5895-34629-0015_8842-304647-0004:0,5895,17.24746322631836,17.368579864501953,0.12111663818359375,False,False
5895-34629-0015_8842-304647-0004:1,8842,14.37856674194336,14.653873443603516,0.27530670166015625,False,False
2035-147960-0016_1272-128104-0012:0,2035,15.39096450805664,15.257625579833984,-0.13333892822265625,False,False
2035-147960-0016_1272-128104-0012:1,1272,16.08271598815918,15.838960647583008,-0.24375534057617188,False,False
251-118436-0019_3576-138058-0029:0,251,14.903879165649414,15.592021942138672,0.6881427764892578,False,False
251-118436-0019_3576-138058-0029:1,3576,8.974212646484375,9.340564727783203,0.3663520812988281,False,False
3170-137482-0036_1993-147966-0006:0,3170,12.975914001464844,12.77015495300293,-0.20575904846191406,False,False
3170-137482-0036_1993-147966-0006:1,1993,17.80512046813965,17.261629104614258,-0.5434913635253906,False,False
3752-4944-0006_1993-147149-0002:0,3752,16.639123916625977,16.6256046295166,-0.013519287109375,False,False
3752-4944-0006_1993-147149-0002:1,1993,15.870813369750977,16.24066734313965,0.3698539733886719,False,False
2035-147961-0012_2086-149220-0041:0,2035,13.362622261047363,13.242664337158203,-0.11995792388916016,False,False
2035-147961-0012_2086-149220-0041:1,2086,12.932476997375488,12.904783248901367,-0.027693748474121094,False,False
2078-142845-0033_2277-149896-0000:0,2078,11.83420181274414,11.686134338378906,-0.14806747436523438,False,False
2078-142845-0033_2277-149896-0000:1,2277,-8.137286186218262,6.668643474578857,14.80592966079712,True,False
3081-166546-0084_84-121550-0003:0,3081,7.091657638549805,5.994930744171143,-1.096726894378662,False,False
3081-166546-0084_84-121550-0003:1,84,5.970830917358398,3.5753517150878906,-2.395479202270508,False,False
2428-83699-0025_2902-9008-0013:0,2428,15.928433418273926,15.93230152130127,0.00386810302734375,False,False
2428-83699-0025_2902-9008-0013:1,2902,11.871400833129883,11.794113159179688,-0.07728767395019531,False,False
1673-143397-0006_3576-138058-0009:0,1673,15.710464477539062,15.802756309509277,0.09229183197021484,False,False
1673-143397-0006_3576-138058-0009:1,3576,15.66676139831543,15.671319961547852,0.004558563232421875,False,False
2428-83705-0030_1673-143397-0017:0,2428,15.359865188598633,15.360156059265137,0.00029087066650390625,False,False
2428-83705-0030_1673-143397-0017:1,1673,14.471029281616211,14.497932434082031,0.026903152465820312,False,False
251-118436-0009_1993-147149-0004:0,251,16.132034301757812,16.03980827331543,-0.09222602844238281,False,False
251-118436-0009_1993-147149-0004:1,1993,13.519708633422852,13.688344955444336,0.16863632202148438,False,False
652-130726-0017_7850-286674-0016:0,652,11.94247055053711,12.111729621887207,0.16925907135009766,False,False
652-130726-0017_7850-286674-0016:1,7850,15.158607482910156,15.302340507507324,0.14373302459716797,False,False
2277-149897-0006_6313-66125-0015:0,2277,11.562986373901367,11.436984062194824,-0.12600231170654297,False,False
2277-149897-0006_6313-66125-0015:1,6313,12.984294891357422,13.730433464050293,0.7461385726928711,False,False
3081-166546-0069_2078-142845-0038:0,3081,13.501222610473633,13.56280517578125,0.06158256530761719,False,False
3081-166546-0069_2078-142845-0038:1,2078,7.307406425476074,7.108189582824707,-0.1992168426513672,False,False
6319-64726-0017_652-129742-0018:0,6319,13.308505058288574,13.355062484741211,0.04655742645263672,False,False
6319-64726-0017_652-129742-0018:1,652,13.408990859985352,13.52566909790039,0.11667823791503906,False,False
8842-302203-0007_7850-73752-0000:0,8842,11.195249557495117,11.340091705322266,0.14484214782714844,False,False
8842-302203-0007_7850-73752-0000:1,7850,17.315643310546875,17.373241424560547,0.057598114013671875,False,False
6319-64726-0015_1272-135031-0003:0,6319,15.919329643249512,16.02218246459961,0.10285282135009766,False,False
6319-64726-0015_1272-135031-0003:1,1272,13.545965194702148,13.379961967468262,-0.16600322723388672,False,False
3853-163249-0022_6345-93306-0013:0,3853,-19.654644012451172,-16.419841766357422,3.23480224609375,True,True
3853-163249-0022_6345-93306-0013:1,6345,10.140482902526855,10.323498725891113,0.1830158233642578,False,False
3081-166546-0014_8297-275154-0024:0,3081,7.983926773071289,7.505762100219727,-0.4781646728515625,False,False
3081-166546-0014_8297-275154-0024:1,8297,11.420610427856445,11.359960556030273,-0.060649871826171875,False,False
3576-138058-0037_2078-142845-0032:0,3576,10.062919616699219,7.014571189880371,-3.0483484268188477,False,False
3576-138058-0037_2078-142845-0032:1,2078,16.764305114746094,16.427120208740234,-0.3371849060058594,False,False
777-126732-0073_2412-153947-0005:0,777,13.509700775146484,13.671697616577148,0.16199684143066406,False,False
777-126732-0073_2412-153947-0005:1,2412,17.906665802001953,17.86427116394043,-0.04239463806152344,False,False
5895-34629-0007_2086-149220-0038:0,5895,15.862580299377441,15.712029457092285,-0.15055084228515625,False,False
5895-34629-0007_2086-149220-0038:1,2086,20.856168746948242,21.06779670715332,0.21162796020507812,False,False
2078-142845-0036_7850-73752-0002:0,2078,15.213722229003906,17.572738647460938,2.3590164184570312,False,False
2078-142845-0036_7850-73752-0002:1,7850,-3.6083145141601562,-15.371886253356934,-11.763571739196777,False,True
3752-4944-0010_1919-142785-0061:0,3752,14.440524101257324,14.447541236877441,0.0070171356201171875,False,False
3752-4944-0010_1919-142785-0061:1,1919,15.348793983459473,15.30296802520752,-0.045825958251953125,False,False
5895-34622-0003_6345-93302-0027:0,5895,18.183948516845703,18.134437561035156,-0.049510955810546875,False,False
5895-34622-0003_6345-93302-0027:1,6345,10.757305145263672,10.75733757019043,3.24249267578125e-05,False,False
2277-149896-0014_1673-143397-0005:0,2277,14.1500244140625,14.082182884216309,-0.0678415298461914,False,False
2277-149896-0014_1673-143397-0005:1,1673,15.130682945251465,14.962544441223145,-0.1681385040283203,False,False
1919-142785-0050_2086-149220-0032:0,1919,13.042970657348633,13.337445259094238,0.29447460174560547,False,False
1919-142785-0050_2086-149220-0032:1,2086,12.698746681213379,12.247950553894043,-0.45079612731933594,False,False
6241-61943-0011_1993-147966-0005:0,6241,15.585917472839355,15.42484188079834,-0.16107559204101562,False,False
6241-61943-0011_1993-147966-0005:1,1993,16.320571899414062,16.198734283447266,-0.12183761596679688,False,False
2803-154328-0010_8842-304647-0000:0,2803,15.263723373413086,15.286502838134766,0.022779464721679688,False,False
2803-154328-0010_8842-304647-0000:1,8842,14.446266174316406,14.4993257522583,0.05305957794189453,False,False
652-130737-0012_5536-43358-0009:0,652,10.185462951660156,10.166797637939453,-0.018665313720703125,False,False
652-130737-0012_5536-43358-0009:1,5536,11.775846481323242,11.794368743896484,0.018522262573242188,False,False
652-130737-0000_2035-147961-0037:0,652,13.940359115600586,13.991111755371094,0.05075263977050781,False,False
652-130737-0000_2035-147961-0037:1,2035,10.464268684387207,10.68802547454834,0.2237567901611328,False,False
2078-142845-0015_777-126732-0079:0,2078,10.334362030029297,9.989107131958008,-0.34525489807128906,False,False
2078-142845-0015_777-126732-0079:1,777,13.129264831542969,13.175477981567383,0.04621315002441406,False,False
3000-15664-0037_2803-154328-0005:0,3000,11.878841400146484,11.6455078125,-0.23333358764648438,False,False
3000-15664-0037_2803-154328-0005:1,2803,17.293167114257812,17.357990264892578,0.06482315063476562,False,False
2902-9008-0003_1919-142785-0062:0,2902,14.807001113891602,14.789373397827148,-0.017627716064453125,False,False
2902-9008-0003_1919-142785-0062:1,1919,15.916807174682617,15.999860763549805,0.0830535888671875,False,False
84-121550-0024_6241-61946-0015:0,84,11.243576049804688,11.197271347045898,-0.04630470275878906,False,False
84-121550-0024_6241-61946-0015:1,6241,16.88516616821289,17.03955078125,0.15438461303710938,False,False
6295-244435-0019_3170-137482-0016:0,6295,14.130548477172852,14.060506820678711,-0.07004165649414062,False,False
6295-244435-0019_3170-137482-0016:1,3170,10.882076263427734,10.738033294677734,-0.14404296875,False,False
3536-8226-0017_2902-9008-0001:0,3536,15.14373779296875,15.019065856933594,-0.12467193603515625,False,False
3536-8226-0017_2902-9008-0001:1,2902,16.32170867919922,17.073631286621094,0.751922607421875,False,False
251-136532-0018_6319-275224-0000:0,251,12.098353385925293,12.266776084899902,0.16842269897460938,False,False
251-136532-0018_6319-275224-0000:1,6319,14.286412239074707,14.235855102539062,-0.05055713653564453,False,False
3536-8226-0011_2803-154328-0003:0,3536,12.12289810180664,12.442252159118652,0.3193540573120117,False,False
3536-8226-0011_2803-154328-0003:1,2803,13.763517379760742,15.945549964904785,2.182032585144043,False,False
1673-143397-0003_6313-66125-0006:0,1673,-0.8813114166259766,-16.57887840270996,-15.697566986083984,False,True
1673-143397-0003_6313-66125-0006:1,6313,-5.336751461029053,3.6551260948181152,8.991877555847168,True,True
6313-66129-0035_3536-23268-0025:0,6313,10.270451545715332,9.53318977355957,-0.7372617721557617,False,False
6313-66129-0035_3536-23268-0025:1,3536,9.965871810913086,10.535177230834961,0.569305419921875,False,False
7976-105575-0005_5536-43358-0004:0,7976,11.943916320800781,11.717668533325195,-0.22624778747558594,False,False
7976-105575-0005_5536-43358-0004:1,5536,16.76734161376953,16.78348159790039,0.016139984130859375,False,False
5338-284437-0000_3536-8226-0008:0,5338,-0.3725292682647705,10.882330894470215,11.254860162734985,False,False
5338-284437-0000_3536-8226-0008:1,3536,8.783059120178223,6.639087677001953,-2.1439714431762695,False,False
7976-110124-0021_5536-43358-0018:0,7976,18.659343719482422,18.714126586914062,0.054782867431640625,False,False
7976-110124-0021_5536-43358-0018:1,5536,9.06247329711914,9.429004669189453,0.3665313720703125,False,False
652-129742-0016_6345-93306-0020:0,652,13.17741870880127,12.901110649108887,-0.2763080596923828,False,False
652-129742-0016_6345-93306-0020:1,6345,17.569114685058594,17.67534637451172,0.106231689453125,False,False
2412-153954-0003_652-130726-0009:0,2412,11.681924819946289,10.989377975463867,-0.6925468444824219,False,False
2412-153954-0003_652-130726-0009:1,652,16.543657302856445,16.91562271118164,0.3719654083251953,False,False
7976-110523-0021_5536-43359-0015:0,7976,12.258755683898926,12.186768531799316,-0.07198715209960938,False,False
7976-110523-0021_5536-43359-0015:1,5536,13.160341262817383,13.289291381835938,0.1289501190185547,False,False
6241-66616-0017_84-121123-0004:0,6241,14.84604549407959,14.307642936706543,-0.5384025573730469,False,False
6241-66616-0017_84-121123-0004:1,84,12.633609771728516,12.249776840209961,-0.3838329315185547,False,False
6319-275224-0014_174-168635-0008:0,6319,8.60893440246582,9.636441230773926,1.0275068283081055,False,False
6319-275224-0014_174-168635-0008:1,174,13.283881187438965,13.332533836364746,0.04865264892578125,False,False
5338-284437-0026_5536-43358-0001:0,5338,14.62027359008789,14.68498706817627,0.0647134780883789,False,False
5338-284437-0026_5536-43358-0001:1,5536,13.450519561767578,13.525650024414062,0.07513046264648438,False,False
5694-64029-0028_84-121550-0015:0,5694,15.413530349731445,15.666356086730957,0.2528257369995117,False,False
5694-64029-0028_84-121550-0015:1,84,15.154546737670898,15.359026908874512,0.20448017120361328,False,False
84-121123-0027_6319-57405-0001:0,84,17.605756759643555,17.640933990478516,0.03517723083496094,False,False
84-121123-0027_6319-57405-0001:1,6319,12.44955825805664,12.838285446166992,0.38872718811035156,False,False
2078-142845-0009_2412-153947-0010:0,2078,14.360235214233398,14.297992706298828,-0.06224250793457031,False,False
2078-142845-0009_2412-153947-0010:1,2412,13.092429161071777,13.001046180725098,-0.09138298034667969,False,False
6295-244435-0024_2428-83705-0023:0,6295,10.655394554138184,11.181640625,0.5262460708618164,False,False
6295-244435-0024_2428-83705-0023:1,2428,15.927845001220703,16.154071807861328,0.226226806640625,False,False
2086-149220-0035_1919-142785-0013:0,2086,11.264747619628906,11.072582244873047,-0.19216537475585938,False,False
2086-149220-0035_1919-142785-0013:1,1919,16.4864501953125,16.804367065429688,0.3179168701171875,False,False
1462-170138-0021_7850-111771-0001:0,1462,14.447364807128906,14.610909461975098,0.1635446548461914,False,False
1462-170138-0021_7850-111771-0001:1,7850,-27.34251594543457,-27.819486618041992,-0.4769706726074219,True,True
6313-76958-0028_251-118436-0003:0,6313,15.330676078796387,15.48184585571289,0.1511697769165039,False,False
6313-76958-0028_251-118436-0003:1,251,11.964308738708496,11.943988800048828,-0.02031993865966797,False,False
6313-76958-0005_7976-110124-0008:0,6313,13.162174224853516,12.81063461303711,-0.35153961181640625,False,False
6313-76958-0005_7976-110124-0008:1,7976,11.274459838867188,14.226388931274414,2.9519290924072266,False,False
6319-275224-0017_5895-34615-0004:0,6319,13.464296340942383,13.427621841430664,-0.03667449951171875,False,False
6319-275224-0017_5895-34615-0004:1,5895,19.068025588989258,19.01565170288086,-0.05237388610839844,False,False
2412-153948-0003_3000-15664-0028:0,2412,15.889677047729492,15.920995712280273,0.03131866455078125,False,False
2412-153948-0003_3000-15664-0028:1,3000,10.567699432373047,10.579278945922852,0.011579513549804688,False,False
2086-149220-0018_8297-275155-0027:0,2086,13.832164764404297,13.91579818725586,0.0836334228515625,False,False
2086-149220-0018_8297-275155-0027:1,8297,12.259834289550781,11.542119979858398,-0.7177143096923828,False,False
5694-64025-0004_6295-244435-0040:0,5694,13.529815673828125,13.538864135742188,0.0090484619140625,False,False
5694-64025-0004_6295-244435-0040:1,6295,3.7599472999572754,10.092248916625977,6.332301616668701,False,False
2803-161169-0005_1673-143396-0019:0,2803,16.125656127929688,16.240066528320312,0.114410400390625,False,False
2803-161169-0005_1673-143396-0019:1,1673,12.814596176147461,12.777471542358398,-0.0371246337890625,False,False
5895-34622-0022_7850-286674-0003:0,5895,18.71084976196289,18.75046730041504,0.03961753845214844,False,False
5895-34622-0022_7850-286674-0003:1,7850,20.32350730895996,20.667943954467773,0.3444366455078125,False,False
5895-34629-0019_3752-4944-0013:0,5895,16.099891662597656,15.89960765838623,-0.20028400421142578,False,False
5895-34629-0019_3752-4944-0013:1,3752,16.340225219726562,16.36536979675293,0.025144577026367188,False,False
84-121123-0017_7976-105575-0022:0,84,16.516651153564453,16.957414627075195,0.4407634735107422,False,False
84-121123-0017_7976-105575-0022:1,7976,-21.858766555786133,-26.85559844970703,-4.996831893920898,True,True
6313-76958-0010_1988-147956-0002:0,6313,-2.178590774536133,-4.542847156524658,-2.3642563819885254,True,True
6313-76958-0010_1988-147956-0002:1,1988,12.529925346374512,12.646832466125488,0.11690711975097656,False,False
3000-15664-0036_7850-281318-0009:0,3000,17.084125518798828,17.359081268310547,0.27495574951171875,False,False
3000-15664-0036_7850-281318-0009:1,7850,11.235218048095703,12.88762092590332,1.6524028778076172,False,False
5338-284437-0015_3536-23268-0029:0,5338,-29.43812370300293,-28.926843643188477,0.5112800598144531,True,True
5338-284437-0015_3536-23268-0029:1,3536,13.56779670715332,12.949865341186523,-0.6179313659667969,False,False
1272-141231-0030_5895-34622-0023:0,1272,13.366218566894531,13.311731338500977,-0.05448722839355469,False,False
1272-141231-0030_5895-34622-0023:1,5895,19.089284896850586,19.339609146118164,0.2503242492675781,False,False
1462-170142-0006_3752-4944-0018:0,1462,17.81746482849121,17.814647674560547,-0.0028171539306640625,False,False
1462-170142-0006_3752-4944-0018:1,3752,12.79549789428711,12.705093383789062,-0.09040451049804688,False,False
777-126732-0014_6313-66129-0009:0,777,11.906750679016113,11.867101669311523,-0.039649009704589844,False,False
777-126732-0014_6313-66129-0009:1,6313,15.302058219909668,15.260339736938477,-0.041718482971191406,False,False
6345-93302-0010_6313-66129-0012:0,6345,-1.3008006811141968,6.083232402801514,7.3840330839157104,False,False
6345-93302-0010_6313-66129-0012:1,6313,14.922219276428223,14.833209037780762,-0.08901023864746094,False,False
1988-148538-0010_2277-149897-0033:0,1988,15.530503273010254,15.457322120666504,-0.07318115234375,False,False
1988-148538-0010_2277-149897-0033:1,2277,17.614551544189453,17.57246971130371,-0.04208183288574219,False,False
2086-149214-0003_777-126732-0052:0,2086,-6.8727922439575195,-14.179988861083984,-7.307196617126465,True,True
2086-149214-0003_777-126732-0052:1,777,7.920188903808594,8.24330997467041,0.3231210708618164,False,False
5338-24615-0013_2803-154320-0013:0,5338,13.59395980834961,13.701078414916992,0.10711860656738281,False,False
5338-24615-0013_2803-154320-0013:1,2803,15.970409393310547,15.913515090942383,-0.05689430236816406,False,False
2086-149220-0019_1919-142785-0040:0,2086,11.920358657836914,11.94978141784668,0.029422760009765625,False,False
2086-149220-0019_1919-142785-0040:1,1919,16.223342895507812,16.268936157226562,0.04559326171875,False,False
6313-66129-0008_6241-61943-0013:0,6313,17.043689727783203,16.8845157623291,-0.15917396545410156,False,False
6313-66129-0008_6241-61943-0013:1,6241,10.397783279418945,10.348310470581055,-0.049472808837890625,False,False
5338-284437-0010_5694-64029-0020:0,5338,17.1466121673584,17.177762985229492,0.03115081787109375,False,False
5338-284437-0010_5694-64029-0020:1,5694,13.253680229187012,13.238648414611816,-0.015031814575195312,False,False
2277-149896-0009_1673-143396-0013:0,2277,10.430977821350098,-28.89717674255371,-39.32815456390381,False,True
2277-149896-0009_1673-143396-0013:1,1673,15.856546401977539,15.981719970703125,0.12517356872558594,False,False
3081-166546-0006_6345-93306-0019:0,3081,14.969207763671875,13.931468963623047,-1.0377388000488281,False,False
3081-166546-0006_6345-93306-0019:1,6345,11.765987396240234,11.672460556030273,-0.09352684020996094,False,False
2078-142845-0034_6241-61946-0003:0,2078,7.107295513153076,7.044509410858154,-0.06278610229492188,False,False
2078-142845-0034_6241-61946-0003:1,6241,11.060358047485352,10.815688133239746,-0.24466991424560547,False,False
2277-149896-0017_3576-138058-0012:0,2277,15.732683181762695,15.646240234375,-0.08644294738769531,False,False
2277-149896-0017_3576-138058-0012:1,3576,11.934791564941406,11.516799926757812,-0.41799163818359375,False,False
652-130726-0007_6295-244435-0002:0,652,7.960140228271484,6.534947395324707,-1.4251928329467773,False,False
652-130726-0007_6295-244435-0002:1,6295,-15.4589204788208,-10.847433090209961,4.61148738861084,True,True
3081-166546-0077_5694-64025-0005:0,3081,1.8900667428970337,1.6467047929763794,-0.2433619499206543,False,False
3081-166546-0077_5694-64025-0005:1,5694,11.503524780273438,11.596071243286133,0.09254646301269531,False,False
1462-170138-0022_3752-4943-0026:0,1462,15.324434280395508,15.413875579833984,0.08944129943847656,False,False
1462-170138-0022_3752-4943-0026:1,3752,12.839195251464844,13.028909683227539,0.1897144317626953,False,False
3853-163249-0018_1272-135031-0004:0,3853,7.334114074707031,6.581628799438477,-0.7524852752685547,False,False
3853-163249-0018_1272-135031-0004:1,1272,16.228357315063477,15.350372314453125,-0.8779850006103516,False,False
7976-105575-0019_2428-83699-0042:0,7976,14.059270858764648,14.101722717285156,0.04245185852050781,False,False
7976-105575-0019_2428-83699-0042:1,2428,15.016918182373047,15.177937507629395,0.16101932525634766,False,False
174-50561-0000_5895-34629-0023:0,174,12.276971817016602,12.347999572753906,0.07102775573730469,False,False
174-50561-0000_5895-34629-0023:1,5895,12.966792106628418,13.096946716308594,0.13015460968017578,False,False
6241-61943-0010_1993-147149-0025:0,6241,14.446640014648438,14.35624885559082,-0.09039115905761719,False,False
6241-61943-0010_1993-147149-0025:1,1993,14.490424156188965,14.551178932189941,0.06075477600097656,False,False
2428-83699-0000_251-136532-0009:0,2428,13.249537467956543,13.576939582824707,0.32740211486816406,False,False
2428-83699-0000_251-136532-0009:1,251,11.529582977294922,12.273677825927734,0.7440948486328125,False,False
2803-154320-0003_2086-149220-0017:0,2803,14.196139335632324,13.84292984008789,-0.3532094955444336,False,False
2803-154320-0003_2086-149220-0017:1,2086,12.85677719116211,13.335521697998047,0.4787445068359375,False,False
3853-163249-0037_2803-161169-0004:0,3853,12.839580535888672,12.944129943847656,0.10454940795898438,False,False
3853-163249-0037_2803-161169-0004:1,2803,12.978226661682129,13.10489559173584,0.12666893005371094,False,False
3536-23268-0019_1462-170142-0012:0,3536,12.037731170654297,12.047685623168945,0.009954452514648438,False,False
3536-23268-0019_1462-170142-0012:1,1462,15.074739456176758,15.138277053833008,0.06353759765625,False,False
7850-73752-0001_84-121123-0002:0,7850,16.82981300354004,15.12635612487793,-1.7034568786621094,False,False
7850-73752-0001_84-121123-0002:1,84,16.664093017578125,16.37702751159668,-0.2870655059814453,False,False
7850-281318-0000_2803-161169-0015:0,7850,13.234084129333496,13.016399383544922,-0.21768474578857422,False,False
7850-281318-0000_2803-161169-0015:1,2803,16.093786239624023,15.85287094116211,-0.24091529846191406,False,False
5338-284437-0012_3752-4944-0042:0,5338,16.03917694091797,15.962369918823242,-0.07680702209472656,False,False
5338-284437-0012_3752-4944-0042:1,3752,17.11039924621582,17.31658935546875,0.2061901092529297,False,False
8842-302203-0008_6313-66125-0001:0,8842,12.342121124267578,12.295162200927734,-0.04695892333984375,False,False
8842-302203-0008_6313-66125-0001:1,6313,1.9341015815734863,13.69028091430664,11.756179332733154,False,False
6345-64257-0010_6313-66125-0027:0,6345,9.826499938964844,8.174844741821289,-1.6516551971435547,False,False
6345-64257-0010_6313-66125-0027:1,6313,-16.63876724243164,-12.744386672973633,3.894380569458008,True,True
1993-147149-0015_174-168635-0021:0,1993,10.847860336303711,11.05275821685791,0.20489788055419922,False,False
1993-147149-0015_174-168635-0021:1,174,12.251472473144531,11.882214546203613,-0.36925792694091797,False,False
1462-170145-0016_6313-66129-0030:0,1462,18.723485946655273,18.46921157836914,-0.2542743682861328,False,False
1462-170145-0016_6313-66129-0030:1,6313,14.2901029586792,14.203051567077637,-0.0870513916015625,False,False
174-84280-0015_7976-105575-0024:0,174,13.644197463989258,13.583514213562012,-0.060683250427246094,False,False
174-84280-0015_7976-105575-0024:1,7976,13.073575973510742,12.754199981689453,-0.31937599182128906,False,False
3752-4943-0008_1919-142785-0009:0,3752,17.832496643066406,17.879589080810547,0.047092437744140625,False,False
3752-4943-0008_1919-142785-0009:1,1919,16.270225524902344,16.271642684936523,0.0014171600341796875,False,False
6319-275224-0012_84-121123-0003:0,6319,7.549559593200684,-11.57342529296875,-19.122984886169434,False,True
6319-275224-0012_84-121123-0003:1,84,18.6926212310791,19.292709350585938,0.6000881195068359,False,False
6345-93302-0019_1993-147149-0008:0,6345,13.054975509643555,16.886920928955078,3.8319454193115234,False,False
6345-93302-0019_1993-147149-0008:1,1993,2.9702658653259277,-32.6490478515625,-35.61931371688843,False,True
6295-244435-0034_8842-304647-0013:0,6295,12.707269668579102,12.815216064453125,0.10794639587402344,False,False
6295-244435-0034_8842-304647-0013:1,8842,18.12952995300293,18.409624099731445,0.2800941467285156,False,False
6313-76958-0012_2035-147960-0001:0,6313,9.581550598144531,9.62016487121582,0.03861427307128906,False,False
6313-76958-0012_2035-147960-0001:1,2035,15.861611366271973,16.151288986206055,0.28967761993408203,False,False
8297-275155-0009_5694-64025-0013:0,8297,10.775422096252441,5.497420787811279,-5.278001308441162,False,False
8297-275155-0009_5694-64025-0013:1,5694,12.408820152282715,11.992318153381348,-0.4165019989013672,False,False
5338-284437-0020_84-121550-0021:0,5338,7.462170600891113,10.005542755126953,2.54337215423584,False,False
5338-284437-0020_84-121550-0021:1,84,8.266714096069336,4.022820949554443,-4.243893146514893,False,False
1272-128104-0013_6313-66125-0016:0,1272,13.395454406738281,13.48751449584961,0.09206008911132812,False,False
1272-128104-0013_6313-66125-0016:1,6313,14.643101692199707,14.466327667236328,-0.1767740249633789,False,False
3576-138058-0007_3170-137482-0015:0,3576,12.194512367248535,12.408716201782227,0.2142038345336914,False,False
3576-138058-0007_3170-137482-0015:1,3170,12.769251823425293,12.781167030334473,0.011915206909179688,False,False
3536-23268-0030_1462-170142-0037:0,3536,4.420441150665283,2.6923532485961914,-1.7280879020690918,False,False
3536-23268-0030_1462-170142-0037:1,1462,11.531099319458008,10.549391746520996,-0.9817075729370117,False,False
1462-170138-0007_3853-163249-0031:0,1462,14.539450645446777,14.721992492675781,0.1825418472290039,False,False
1462-170138-0007_3853-163249-0031:1,3853,14.39877986907959,14.546284675598145,0.1475048065185547,False,False
8297-275155-0032_6345-93306-0025:0,8297,16.79315185546875,16.81267547607422,0.01952362060546875,False,False
8297-275155-0032_6345-93306-0025:1,6345,13.62668228149414,13.664474487304688,0.037792205810546875,False,False
3752-4944-0016_3000-15664-0017:0,3752,10.91702651977539,10.369405746459961,-0.5476207733154297,False,False
3752-4944-0016_3000-15664-0017:1,3000,15.354745864868164,15.281669616699219,-0.07307624816894531,False,False
2412-153954-0022_1993-147149-0018:0,2412,18.441143035888672,18.13429069519043,-0.3068523406982422,False,False
2412-153954-0022_1993-147149-0018:1,1993,10.96524429321289,10.95330810546875,-0.011936187744140625,False,False
1993-147965-0005_6295-64301-0013:0,1993,15.889482498168945,16.00090789794922,0.11142539978027344,False,False
1993-147965-0005_6295-64301-0013:1,6295,18.997888565063477,18.898338317871094,-0.09955024719238281,False,False
5338-24615-0000_251-118436-0021:0,5338,17.56282615661621,17.791412353515625,0.22858619689941406,False,False
5338-24615-0000_251-118436-0021:1,251,15.853672981262207,16.05605697631836,0.20238399505615234,False,False
652-129742-0004_3752-4944-0064:0,652,14.977778434753418,14.407631874084473,-0.5701465606689453,False,False
652-129742-0004_3752-4944-0064:1,3752,11.781383514404297,11.9094820022583,0.1280984878540039,False,False
8842-302203-0005_652-130737-0002:0,8842,13.454568862915039,13.50970458984375,0.05513572692871094,False,False
8842-302203-0005_652-130737-0002:1,652,11.820307731628418,11.883746147155762,0.06343841552734375,False,False
5338-24615-0012_5895-34615-0001:0,5338,10.628963470458984,10.747949600219727,0.11898612976074219,False,False
5338-24615-0012_5895-34615-0001:1,5895,14.00224494934082,14.032024383544922,0.029779434204101562,False,False
3752-4943-0020_1462-170145-0017:0,3752,16.775066375732422,16.73596954345703,-0.039096832275390625,False,False
3752-4943-0020_1462-170145-0017:1,1462,14.876557350158691,14.88231372833252,0.005756378173828125,False,False
2277-149896-0019_2035-147961-0007:0,2277,11.581640243530273,-0.6438059210777283,-12.225446164608002,False,False
2277-149896-0019_2035-147961-0007:1,2035,13.768030166625977,9.592538833618164,-4.1754913330078125,False,False
6345-93302-0012_3170-137482-0041:0,6345,18.499412536621094,18.441694259643555,-0.05771827697753906,False,False
6345-93302-0012_3170-137482-0041:1,3170,12.577592849731445,12.700960159301758,0.1233673095703125,False,False
84-121550-0007_2035-147960-0002:0,84,12.314249038696289,12.836172103881836,0.5219230651855469,False,False
84-121550-0007_2035-147960-0002:1,2035,17.390369415283203,17.35736846923828,-0.033000946044921875,False,False
1272-141231-0006_3853-163249-0008:0,1272,13.948144912719727,13.606856346130371,-0.34128856658935547,False,False
1272-141231-0006_3853-163249-0008:1,3853,12.877076148986816,12.80504322052002,-0.07203292846679688,False,False
1993-147149-0009_84-121123-0028:0,1993,-28.37005043029785,-30.49224281311035,-2.1221923828125,True,True
1993-147149-0009_84-121123-0028:1,84,16.17902374267578,16.968416213989258,0.7893924713134766,False,False
7850-111771-0006_2803-154320-0005:0,7850,15.182882308959961,14.932659149169922,-0.25022315979003906,False,False
7850-111771-0006_2803-154320-0005:1,2803,14.269708633422852,14.295758247375488,0.02604961395263672,False,False
8297-275155-0023_1993-147965-0000:0,8297,14.700859069824219,14.588781356811523,-0.11207771301269531,False,False
8297-275155-0023_1993-147965-0000:1,1993,10.54846477508545,10.137744903564453,-0.4107198715209961,False,False
5536-43363-0002_652-129742-0006:0,5536,10.604792594909668,10.909486770629883,0.30469417572021484,False,False
5536-43363-0002_652-129742-0006:1,652,11.696144104003906,11.831001281738281,0.134857177734375,False,False
3081-166546-0052_6295-244435-0004:0,3081,12.664076805114746,12.584607124328613,-0.07946968078613281,False,False
3081-166546-0052_6295-244435-0004:1,6295,6.933454990386963,6.911619663238525,-0.0218353271484375,False,False
2086-149214-0002_7976-110124-0023:0,2086,15.22823715209961,14.995230674743652,-0.23300647735595703,False,False
2086-149214-0002_7976-110124-0023:1,7976,14.422143936157227,14.459352493286133,0.03720855712890625,False,False
6345-64257-0003_84-121550-0014:0,6345,-9.175589561462402,-12.082439422607422,-2.9068498611450195,False,True
6345-64257-0003_84-121550-0014:1,84,14.487504959106445,13.269457817077637,-1.2180471420288086,False,False
3081-166546-0051_1919-142785-0030:0,3081,11.623249053955078,9.378847122192383,-2.2444019317626953,False,False
3081-166546-0051_1919-142785-0030:1,1919,7.097094535827637,6.925691604614258,-0.1714029312133789,False,False
652-130726-0006_5895-34622-0017:0,652,11.768287658691406,11.753307342529297,-0.014980316162109375,False,False
652-130726-0006_5895-34622-0017:1,5895,14.71533203125,14.883377075195312,0.1680450439453125,False,False
3081-166546-0056_6295-244435-0022:0,3081,8.510112762451172,8.255891799926758,-0.25422096252441406,False,False
3081-166546-0056_6295-244435-0022:1,6295,8.423175811767578,7.565637111663818,-0.8575387001037598,False,False
6313-66129-0010_1462-170142-0019:0,6313,16.091962814331055,16.261520385742188,0.1695575714111328,False,False
6313-66129-0010_1462-170142-0019:1,1462,16.563535690307617,16.566415786743164,0.002880096435546875,False,False
1988-147956-0001_3853-163249-0050:0,1988,18.229257583618164,18.29961585998535,0.0703582763671875,False,False
1988-147956-0001_3853-163249-0050:1,3853,16.89073371887207,16.939559936523438,0.04882621765136719,False,False
6295-244435-0023_5536-43359-0016:0,6295,3.9942479133605957,5.3288116455078125,1.3345637321472168,False,False
6295-244435-0023_5536-43359-0016:1,5536,6.885317325592041,4.894232273101807,-1.9910850524902344,False,False
6295-244435-0032_7976-105575-0025:0,6295,17.518962860107422,17.55072021484375,0.031757354736328125,False,False
6295-244435-0032_7976-105575-0025:1,7976,12.607295989990234,12.540899276733398,-0.06639671325683594,False,False
3853-163249-0025_6241-61943-0004:0,3853,14.524436950683594,14.640151977539062,0.11571502685546875,False,False
3853-163249-0025_6241-61943-0004:1,6241,14.776381492614746,14.525691986083984,-0.2506895065307617,False,False
3170-137482-0044_1988-147956-0023:0,3170,12.80526065826416,12.92016887664795,0.11490821838378906,False,False
3170-137482-0044_1988-147956-0023:1,1988,14.931440353393555,14.447049140930176,-0.4843912124633789,False,False
2803-154328-0006_84-121550-0006:0,2803,17.247695922851562,17.025060653686523,-0.22263526916503906,False,False
2803-154328-0006_84-121550-0006:1,84,14.728702545166016,14.760238647460938,0.031536102294921875,False,False
5694-64029-0006_1462-170142-0038:0,5694,12.393914222717285,12.43231201171875,0.038397789001464844,False,False
5694-64029-0006_1462-170142-0038:1,1462,11.49204158782959,12.247066497802734,0.7550249099731445,False,False
7976-110523-0010_6319-57405-0010:0,7976,6.407567501068115,5.608334064483643,-0.7992334365844727,False,False
7976-110523-0010_6319-57405-0010:1,6319,5.338303565979004,9.802172660827637,4.463869094848633,False,False
6345-93302-0002_1919-142785-0012:0,6345,17.451217651367188,17.46786117553711,0.016643524169921875,False,False
6345-93302-0002_1919-142785-0012:1,1919,16.50851821899414,16.44582176208496,-0.06269645690917969,False,False
8842-302196-0000_251-137823-0002:0,8842,8.376168251037598,8.451955795288086,0.07578754425048828,False,False
8842-302196-0000_251-137823-0002:1,251,12.199743270874023,12.148943901062012,-0.05079936981201172,False,False
5338-284437-0018_251-137823-0014:0,5338,11.108003616333008,11.029375076293945,-0.0786285400390625,False,False
5338-284437-0018_251-137823-0014:1,251,17.04203224182129,17.085100173950195,0.04306793212890625,False,False
3752-4944-0015_6313-66125-0008:0,3752,15.435871124267578,15.04220199584961,-0.39366912841796875,False,False
3752-4944-0015_6313-66125-0008:1,6313,15.226485252380371,15.2144136428833,-0.012071609497070312,False,False
2035-147960-0003_2803-161169-0008:0,2035,12.898157119750977,13.187963485717773,0.2898063659667969,False,False
2035-147960-0003_2803-161169-0008:1,2803,16.183971405029297,16.254919052124023,0.07094764709472656,False,False
6295-244435-0033_5694-64029-0021:0,6295,3.0371084213256836,10.109610557556152,7.072502136230469,False,False
6295-244435-0033_5694-64029-0021:1,5694,17.622831344604492,18.24343490600586,0.6206035614013672,False,False
251-137823-0009_2078-142845-0006:0,251,14.770000457763672,14.811956405639648,0.04195594787597656,False,False
251-137823-0009_2078-142845-0006:1,2078,13.096027374267578,13.082468032836914,-0.013559341430664062,False,False
2412-153954-0020_7976-105575-0027:0,2412,13.615303993225098,14.035529136657715,0.4202251434326172,False,False
2412-153954-0020_7976-105575-0027:1,7976,14.761359214782715,14.93002986907959,0.168670654296875,False,False
2277-149896-0006_1919-142785-0059:0,2277,18.046754837036133,18.01654624938965,-0.030208587646484375,False,False
2277-149896-0006_1919-142785-0059:1,1919,14.4652738571167,14.46894359588623,0.00366973876953125,False,False
2803-161169-0003_3000-15664-0029:0,2803,13.333477020263672,12.35232925415039,-0.9811477661132812,False,False
2803-161169-0003_3000-15664-0029:1,3000,11.183028221130371,10.662026405334473,-0.5210018157958984,False,False
3000-15664-0003_3536-8226-0005:0,3000,17.756147384643555,18.00398826599121,0.24784088134765625,False,False
3000-15664-0003_3536-8226-0005:1,3536,10.5735445022583,10.869885444641113,0.2963409423828125,False,False
652-130726-0032_3752-4943-0003:0,652,10.55320930480957,10.300322532653809,-0.2528867721557617,False,False
652-130726-0032_3752-4943-0003:1,3752,11.309455871582031,11.837125778198242,0.5276699066162109,False,False
2086-149220-0027_3536-23268-0002:0,2086,17.441394805908203,17.508756637573242,0.06736183166503906,False,False
2086-149220-0027_3536-23268-0002:1,3536,16.018821716308594,16.236080169677734,0.21725845336914062,False,False
2803-154328-0009_2902-9008-0012:0,2803,10.239161491394043,13.113740921020508,2.874579429626465,False,False
2803-154328-0009_2902-9008-0012:1,2902,15.149477005004883,14.954690933227539,-0.19478607177734375,False,False
2078-142845-0027_5895-34622-0019:0,2078,15.411494255065918,14.84618854522705,-0.5653057098388672,False,False
2078-142845-0027_5895-34622-0019:1,5895,13.145803451538086,13.22465705871582,0.07885360717773438,False,False
6241-61943-0022_5694-64038-0005:0,6241,9.532901763916016,9.52497386932373,-0.007927894592285156,False,False
6241-61943-0022_5694-64038-0005:1,5694,13.56694221496582,13.963314056396484,0.39637184143066406,False,False
6241-61946-0001_84-121123-0005:0,6241,14.75012493133545,14.746134757995605,-0.00399017333984375,False,False
6241-61946-0001_84-121123-0005:1,84,12.550658226013184,12.554656982421875,0.003998756408691406,False,False
2277-149874-0001_7850-281318-0012:0,2277,13.57217025756836,13.470200538635254,-0.10196971893310547,False,False
2277-149874-0001_7850-281318-0012:1,7850,10.086620330810547,12.165189743041992,2.0785694122314453,False,False
5895-34622-0008_7850-281318-0013:0,5895,11.73969554901123,11.529723167419434,-0.20997238159179688,False,False
5895-34622-0008_7850-281318-0013:1,7850,9.809614181518555,10.329568862915039,0.5199546813964844,False,False
2412-153948-0012_251-118436-0015:0,2412,15.382610321044922,15.015615463256836,-0.36699485778808594,False,False
2412-153948-0012_251-118436-0015:1,251,19.181360244750977,19.168031692504883,-0.01332855224609375,False,False
5694-64038-0003_2277-149896-0002:0,5694,11.592975616455078,11.491836547851562,-0.10113906860351562,False,False
5694-64038-0003_2277-149896-0002:1,2277,15.523519515991211,15.96887493133545,0.4453554153442383,False,False
8842-304647-0010_5338-284437-0031:0,8842,13.992380142211914,14.56103801727295,0.5686578750610352,False,False
8842-304647-0010_5338-284437-0031:1,5338,11.806236267089844,12.376754760742188,0.5705184936523438,False,False
2277-149874-0013_2035-147961-0016:0,2277,12.64055061340332,11.74176025390625,-0.8987903594970703,False,False
2277-149874-0013_2035-147961-0016:1,2035,16.131534576416016,16.306901931762695,0.1753673553466797,False,False
1462-170142-0002_5895-34622-0009:0,1462,17.353824615478516,17.218175888061523,-0.1356487274169922,False,False
1462-170142-0002_5895-34622-0009:1,5895,17.341272354125977,17.292749404907227,-0.04852294921875,False,False
3170-137482-0019_3000-15664-0040:0,3170,14.135417938232422,14.275195121765137,0.13977718353271484,False,False
3170-137482-0019_3000-15664-0040:1,3000,10.883657455444336,10.92542552947998,0.04176807403564453,False,False
3853-163249-0051_251-118436-0000:0,3853,16.553491592407227,16.51847267150879,-0.0350189208984375,False,False
3853-163249-0051_251-118436-0000:1,251,20.30655288696289,20.171585083007812,-0.13496780395507812,False,False
2803-154320-0011_5338-284437-0029:0,2803,14.7551851272583,14.858146667480469,0.10296154022216797,False,False
2803-154320-0011_5338-284437-0029:1,5338,15.572200775146484,15.419142723083496,-0.15305805206298828,False,False
2803-154328-0017_1272-141231-0026:0,2803,17.418386459350586,15.867212295532227,-1.5511741638183594,False,False
2803-154328-0017_1272-141231-0026:1,1272,12.699581146240234,12.827075958251953,0.12749481201171875,False,False
6241-66616-0021_5694-64029-0011:0,6241,-7.582711696624756,-7.244365215301514,0.3383464813232422,True,True
6241-66616-0021_5694-64029-0011:1,5694,7.303643226623535,7.532440185546875,0.22879695892333984,False,False
3170-137482-0032_6319-275224-0015:0,3170,17.29781723022461,16.99454116821289,-0.30327606201171875,False,False
3170-137482-0032_6319-275224-0015:1,6319,12.464753150939941,11.965378761291504,-0.4993743896484375,False,False
5536-43358-0002_7976-105575-0013:0,5536,17.503341674804688,17.48660659790039,-0.016735076904296875,False,False
5536-43358-0002_7976-105575-0013:1,7976,13.159867286682129,13.220551490783691,0.0606842041015625,False,False
6345-93306-0024_251-118436-0012:0,6345,16.12012481689453,16.11417007446289,-0.005954742431640625,False,False
6345-93306-0024_251-118436-0012:1,251,18.532258987426758,18.603307723999023,0.07104873657226562,False,False
1919-142785-0015_3000-15664-0045:0,1919,11.364145278930664,11.420684814453125,0.05653953552246094,False,False
1919-142785-0015_3000-15664-0045:1,3000,13.828118324279785,13.587395668029785,-0.24072265625,False,False
1673-143396-0001_422-122949-0023:0,1673,13.763614654541016,13.85895824432373,0.09534358978271484,False,False
1673-143396-0001_422-122949-0023:1,422,15.871559143066406,15.782121658325195,-0.08943748474121094,False,False
6345-93306-0021_3170-137482-0030:0,6345,15.797122955322266,15.830191612243652,0.03306865692138672,False,False
6345-93306-0021_3170-137482-0030:1,3170,13.42885971069336,12.999401092529297,-0.4294586181640625,False,False
2902-9006-0020_2277-149874-0005:0,2902,14.668839454650879,14.721169471740723,0.05233001708984375,False,False
2902-9006-0020_2277-149874-0005:1,2277,14.53492259979248,14.459922790527344,-0.07499980926513672,False,False
2277-149896-0020_3752-4943-0018:0,2277,16.430234909057617,16.38367462158203,-0.04656028747558594,False,False
2277-149896-0020_3752-4943-0018:1,3752,16.56766128540039,16.46704864501953,-0.10061264038085938,False,False
652-129742-0008_6319-57405-0012:0,652,9.871131896972656,9.772992134094238,-0.09813976287841797,False,False
652-129742-0008_6319-57405-0012:1,6319,12.28680419921875,12.112760543823242,-0.1740436553955078,False,False
2277-149897-0021_5694-64025-0002:0,2277,16.996883392333984,16.939136505126953,-0.05774688720703125,False,False
2277-149897-0021_5694-64025-0002:1,5694,14.36703872680664,14.40948486328125,0.042446136474609375,False,False
5338-24640-0001_5694-64029-0023:0,5338,15.291017532348633,15.389387130737305,0.09836959838867188,False,False
5338-24640-0001_5694-64029-0023:1,5694,14.634514808654785,14.669363975524902,0.03484916687011719,False,False
3000-15664-0025_1919-142785-0036:0,3000,12.887799263000488,12.843853950500488,-0.0439453125,False,False
3000-15664-0025_1919-142785-0036:1,1919,15.460298538208008,15.418453216552734,-0.04184532165527344,False,False
1673-143396-0009_1272-135031-0005:0,1673,18.098876953125,18.23503875732422,0.13616180419921875,False,False
1673-143396-0009_1272-135031-0005:1,1272,13.114025115966797,13.017763137817383,-0.09626197814941406,False,False
5694-64025-0014_6319-275224-0018:0,5694,11.225830078125,11.065255165100098,-0.16057491302490234,False,False
5694-64025-0014_6319-275224-0018:1,6319,15.8998441696167,15.921286582946777,0.021442413330078125,False,False
3853-163249-0009_5338-24615-0011:0,3853,16.106977462768555,16.1784610748291,0.07148361206054688,False,False
3853-163249-0009_5338-24615-0011:1,5338,10.971464157104492,10.984317779541016,0.012853622436523438,False,False
652-130726-0035_2412-153954-0004:0,652,11.369199752807617,11.36030101776123,-0.008898735046386719,False,False
652-130726-0035_2412-153954-0004:1,2412,13.13979721069336,13.0062255859375,-0.13357162475585938,False,False
3081-166546-0037_5536-43358-0007:0,3081,9.279282569885254,7.905796051025391,-1.3734865188598633,False,False
3081-166546-0037_5536-43358-0007:1,5536,10.678668975830078,10.489306449890137,-0.1893625259399414,False,False
3536-23268-0005_3170-137482-0017:0,3536,16.94059181213379,16.9989070892334,0.058315277099609375,False,False
3536-23268-0005_3170-137482-0017:1,3170,13.82506275177002,13.760247230529785,-0.06481552124023438,False,False
1919-142785-0055_2412-153954-0015:0,1919,15.679048538208008,15.712686538696289,0.03363800048828125,False,False
1919-142785-0055_2412-153954-0015:1,2412,11.880586624145508,11.994293212890625,0.11370658874511719,False,False
1993-147964-0008_2902-9006-0010:0,1993,15.307079315185547,15.370353698730469,0.06327438354492188,False,False
1993-147964-0008_2902-9006-0010:1,2902,11.409646034240723,11.346834182739258,-0.06281185150146484,False,False
1272-141231-0012_2803-154328-0020:0,1272,12.32325553894043,9.82408332824707,-2.4991722106933594,False,False
1272-141231-0012_2803-154328-0020:1,2803,9.148459434509277,2.4742395877838135,-6.674219846725464,False,False
7850-111771-0002_3000-15664-0039:0,7850,11.91645336151123,11.562485694885254,-0.35396766662597656,False,False
7850-111771-0002_3000-15664-0039:1,3000,13.684473991394043,14.063775062561035,0.3793010711669922,False,False
3853-163249-0030_8297-275156-0005:0,3853,16.817718505859375,16.874881744384766,0.057163238525390625,False,False
3853-163249-0030_8297-275156-0005:1,8297,12.78098201751709,12.840176582336426,0.05919456481933594,False,False
6241-61943-0025_6295-64301-0027:0,6241,13.907416343688965,13.977542877197266,0.07012653350830078,False,False
6241-61943-0025_6295-64301-0027:1,6295,12.732305526733398,12.652610778808594,-0.07969474792480469,False,False
5694-64029-0027_7976-110124-0004:0,5694,22.347660064697266,22.665512084960938,0.3178520202636719,False,False
5694-64029-0027_7976-110124-0004:1,7976,15.913122177124023,15.822822570800781,-0.09029960632324219,False,False
3000-15664-0007_6295-64301-0014:0,3000,10.63344955444336,10.906160354614258,0.27271080017089844,False,False
3000-15664-0007_6295-64301-0014:1,6295,-20.82638931274414,-21.702810287475586,-0.8764209747314453,True,True
1462-170142-0027_1272-128104-0011:0,1462,14.721400260925293,14.350157737731934,-0.3712425231933594,False,False
1462-170142-0027_1272-128104-0011:1,1272,10.106922149658203,10.065206527709961,-0.04171562194824219,False,False
3576-138058-0026_6313-76958-0027:0,3576,15.278081893920898,14.943038940429688,-0.33504295349121094,False,False
3576-138058-0026_6313-76958-0027:1,6313,18.574636459350586,18.446884155273438,-0.12775230407714844,False,False
3752-4943-0025_8297-275155-0031:0,3752,11.748234748840332,11.697959899902344,-0.05027484893798828,False,False
3752-4943-0025_8297-275155-0031:1,8297,4.606383800506592,-6.637337684631348,-11.24372148513794,False,True
7976-105575-0004_174-168635-0020:0,7976,12.43061637878418,12.368302345275879,-0.06231403350830078,False,False
7976-105575-0004_174-168635-0020:1,174,11.302149772644043,11.194060325622559,-0.10808944702148438,False,False
5694-64029-0032_1272-135031-0013:0,5694,15.135069847106934,15.182757377624512,0.047687530517578125,False,False
5694-64029-0032_1272-135031-0013:1,1272,13.183762550354004,13.083159446716309,-0.10060310363769531,False,False
777-126732-0048_3536-23268-0027:0,777,12.956659317016602,12.72220230102539,-0.23445701599121094,False,False
777-126732-0048_3536-23268-0027:1,3536,12.455156326293945,12.002349853515625,-0.4528064727783203,False,False
2035-152373-0007_1988-147956-0010:0,2035,6.796475410461426,-1.4486429691314697,-8.245118379592896,False,False
2035-152373-0007_1988-147956-0010:1,1988,16.627670288085938,16.55501365661621,-0.07265663146972656,False,False
6295-64301-0018_3081-166546-0067:0,6295,11.951034545898438,10.242286682128906,-1.7087478637695312,False,False
6295-64301-0018_3081-166546-0067:1,3081,1.8002737760543823,2.391913414001465,0.5916396379470825,False,False
2902-9008-0007_777-126732-0070:0,2902,-1.7771315574645996,-1.7596287727355957,0.017502784729003906,False,False
2902-9008-0007_777-126732-0070:1,777,6.777165412902832,5.609078407287598,-1.1680870056152344,False,False
6345-93302-0004_1272-128104-0000:0,6345,13.671928405761719,13.798068046569824,0.12613964080810547,False,False
6345-93302-0004_1272-128104-0000:1,1272,14.564224243164062,14.613283157348633,0.04905891418457031,False,False
5694-64029-0004_1462-170138-0024:0,5694,15.247452735900879,16.44249725341797,1.1950445175170898,False,False
5694-64029-0004_1462-170138-0024:1,1462,11.519450187683105,11.533818244934082,0.014368057250976562,False,False
3170-137482-0022_6241-61943-0018:0,3170,12.377067565917969,12.498769760131836,0.12170219421386719,False,False
3170-137482-0022_6241-61943-0018:1,6241,14.310088157653809,14.721456527709961,0.41136837005615234,False,False
2412-153948-0013_5536-43363-0018:0,2412,15.837926864624023,15.874942779541016,0.03701591491699219,False,False
2412-153948-0013_5536-43363-0018:1,5536,16.929353713989258,16.858444213867188,-0.07090950012207031,False,False
6241-61946-0009_2035-147961-0002:0,6241,16.15234375,16.105283737182617,-0.04706001281738281,False,False
6241-61946-0009_2035-147961-0002:1,2035,10.765419006347656,11.439106941223145,0.6736879348754883,False,False
5338-24640-0003_6313-66129-0017:0,5338,8.282316207885742,8.82023811340332,0.5379219055175781,False,False
5338-24640-0003_6313-66129-0017:1,6313,13.240713119506836,14.40599250793457,1.1652793884277344,False,False
1988-148538-0000_3536-8226-0018:0,1988,8.482736587524414,4.297445297241211,-4.185291290283203,False,False
1988-148538-0000_3536-8226-0018:1,3536,10.138832092285156,10.401820182800293,0.2629880905151367,False,False
2277-149897-0032_1919-142785-0004:0,2277,13.705336570739746,13.88510513305664,0.17976856231689453,False,False
2277-149897-0032_1919-142785-0004:1,1919,15.855927467346191,15.72182559967041,-0.13410186767578125,False,False
2428-83699-0017_2277-149897-0037:0,2428,14.318273544311523,14.244203567504883,-0.07406997680664062,False,False
2428-83699-0017_2277-149897-0037:1,2277,10.413022994995117,10.226170539855957,-0.18685245513916016,False,False
7976-105575-0006_6345-93302-0006:0,7976,-11.59509563446045,-33.619232177734375,-22.024136543273926,True,True
7976-105575-0006_6345-93302-0006:1,6345,16.3024959564209,16.5701904296875,0.26769447326660156,False,False
2035-152373-0012_2277-149897-0004:0,2035,11.402848243713379,10.746496200561523,-0.6563520431518555,False,False
2035-152373-0012_2277-149897-0004:1,2277,11.699847221374512,7.496516227722168,-4.203330993652344,False,False
251-136532-0019_3081-166546-0042:0,251,12.125625610351562,12.38920783996582,0.2635822296142578,False,False
251-136532-0019_3081-166546-0042:1,3081,10.896536827087402,10.112661361694336,-0.7838754653930664,False,False
3576-138058-0004_2412-153948-0014:0,3576,11.042797088623047,9.281572341918945,-1.7612247467041016,False,False
3576-138058-0004_2412-153948-0014:1,2412,16.981653213500977,16.989105224609375,0.0074520111083984375,False,False
8297-275154-0008_1272-141231-0003:0,8297,9.622493743896484,7.967451095581055,-1.6550426483154297,False,False
8297-275154-0008_1272-141231-0003:1,1272,12.020706176757812,11.134071350097656,-0.8866348266601562,False,False
2428-83705-0042_2412-153947-0008:0,2428,12.582420349121094,12.580673217773438,-0.00174713134765625,False,False
2428-83705-0042_2412-153947-0008:1,2412,14.205384254455566,14.145257949829102,-0.060126304626464844,False,False
5338-284437-0032_3853-163249-0056:0,5338,12.23451042175293,12.436641693115234,0.2021312713623047,False,False
5338-284437-0032_3853-163249-0056:1,3853,15.140782356262207,15.263212203979492,0.12242984771728516,False,False
3000-15664-0020_6241-66616-0002:0,3000,3.5983848571777344,10.26291561126709,6.6645307540893555,False,False
3000-15664-0020_6241-66616-0002:1,6241,-0.6738102436065674,1.1557035446166992,1.8295137882232666,False,False
2277-149896-0027_2086-149214-0004:0,2277,13.882529258728027,14.01517391204834,0.1326446533203125,False,False
2277-149896-0027_2086-149214-0004:1,2086,15.718153953552246,16.013622283935547,0.2954683303833008,False,False
777-126732-0044_2902-9008-0009:0,777,13.117755889892578,13.350881576538086,0.2331256866455078,False,False
777-126732-0044_2902-9008-0009:1,2902,9.719650268554688,13.390088081359863,3.670437812805176,False,False
174-168635-0014_3752-4944-0030:0,174,15.299415588378906,15.401135444641113,0.10171985626220703,False,False
174-168635-0014_3752-4944-0030:1,3752,14.79708194732666,14.61319637298584,-0.1838855743408203,False,False
777-126732-0003_6241-61943-0016:0,777,9.892156600952148,7.703452110290527,-2.188704490661621,False,False
777-126732-0003_6241-61943-0016:1,6241,7.155120849609375,7.218714714050293,0.06359386444091797,False,False
3536-23268-0010_3081-166546-0020:0,3536,7.89265251159668,7.6750078201293945,-0.21764469146728516,False,False
3536-23268-0010_3081-166546-0020:1,3081,7.757592678070068,7.319426536560059,-0.43816614151000977,False,False
2277-149897-0017_5338-24640-0008:0,2277,12.539186477661133,12.757098197937012,0.2179117202758789,False,False
2277-149897-0017_5338-24640-0008:1,5338,14.045406341552734,13.813629150390625,-0.23177719116210938,False,False
8842-302201-0004_3000-15664-0014:0,8842,17.931011199951172,17.893733978271484,-0.0372772216796875,False,False
8842-302201-0004_3000-15664-0014:1,3000,15.55067253112793,15.654617309570312,0.10394477844238281,False,False
6241-66616-0007_3853-163249-0027:0,6241,12.997344017028809,13.010899543762207,0.013555526733398438,False,False
6241-66616-0007_3853-163249-0027:1,3853,13.557234764099121,13.569439888000488,0.012205123901367188,False,False
7850-281318-0007_5694-64029-0000:0,7850,12.271402359008789,12.08969497680664,-0.18170738220214844,False,False
7850-281318-0007_5694-64029-0000:1,5694,15.96480655670166,16.14373016357422,0.1789236068725586,False,False
3081-166546-0009_2412-153947-0001:0,3081,8.644649505615234,8.527754783630371,-0.11689472198486328,False,False
3081-166546-0009_2412-153947-0001:1,2412,9.000876426696777,6.495815277099609,-2.505061149597168,False,False
6313-66129-0033_3853-163249-0048:0,6313,-19.13416862487793,-26.2153263092041,-7.081157684326172,True,True
6313-66129-0033_3853-163249-0048:1,3853,-23.831741333007812,-22.571544647216797,1.2601966857910156,True,True
8842-302201-0013_6345-64257-0007:0,8842,12.54351806640625,11.514951705932617,-1.0285663604736328,False,False
8842-302201-0013_6345-64257-0007:1,6345,-15.890981674194336,-3.2314136028289795,12.659568071365356,True,True
174-84280-0007_1988-24833-0007:0,174,12.954832077026367,10.630536079406738,-2.324295997619629,False,False
174-84280-0007_1988-24833-0007:1,1988,-17.928760528564453,-9.43388843536377,8.494872093200684,True,False
6313-66129-0027_8842-302203-0010:0,6313,3.2769758701324463,14.186092376708984,10.909116506576538,False,False
6313-66129-0027_8842-302203-0010:1,8842,11.480936050415039,11.402141571044922,-0.07879447937011719,False,False
8842-302203-0009_6295-244435-0000:0,8842,23.399629592895508,23.352033615112305,-0.047595977783203125,False,False
8842-302203-0009_6295-244435-0000:1,6295,15.26042366027832,13.74251651763916,-1.5179071426391602,False,False
3081-166546-0029_174-84280-0011:0,3081,1.1474785804748535,0.6045594215393066,-0.5429191589355469,False,False
3081-166546-0029_174-84280-0011:1,174,14.07994270324707,14.440723419189453,0.3607807159423828,False,False
1462-170142-0018_3853-163249-0020:0,1462,17.069669723510742,19.00326919555664,1.9335994720458984,False,False
1462-170142-0018_3853-163249-0020:1,3853,16.488056182861328,16.548234939575195,0.06017875671386719,False,False
84-121123-0001_5895-34629-0002:0,84,8.44283676147461,8.225406646728516,-0.21743011474609375,False,False
84-121123-0001_5895-34629-0002:1,5895,15.353588104248047,15.460636138916016,0.10704803466796875,False,False
5895-34615-0016_422-122949-0026:0,5895,16.37289810180664,16.316707611083984,-0.05619049072265625,False,False
5895-34615-0016_422-122949-0026:1,422,13.327068328857422,13.394668579101562,0.06760025024414062,False,False
1673-143397-0007_174-50561-0003:0,1673,12.585614204406738,12.4074068069458,-0.1782073974609375,False,False
1673-143397-0007_174-50561-0003:1,174,13.643126487731934,13.414497375488281,-0.22862911224365234,False,False
5895-34615-0021_5694-64025-0021:0,5895,17.32274055480957,17.529016494750977,0.20627593994140625,False,False
5895-34615-0021_5694-64025-0021:1,5694,14.45231819152832,14.611753463745117,0.15943527221679688,False,False
3000-15664-0005_777-126732-0028:0,3000,11.783041954040527,11.97138786315918,0.18834590911865234,False,False
3000-15664-0005_777-126732-0028:1,777,9.211286544799805,9.26711654663086,0.05583000183105469,False,False
3000-15664-0031_2412-153947-0007:0,3000,14.188612937927246,14.23559856414795,0.046985626220703125,False,False
3000-15664-0031_2412-153947-0007:1,2412,15.464131355285645,15.325109481811523,-0.1390218734741211,False,False
6313-66125-0014_2277-149897-0020:0,6313,15.352362632751465,15.31275463104248,-0.039608001708984375,False,False
6313-66125-0014_2277-149897-0020:1,2277,-29.80706787109375,-29.36874008178711,0.4383277893066406,True,True
6313-66129-0034_6345-93306-0018:0,6313,0.8042274713516235,-1.7977213859558105,-2.601948857307434,False,True
6313-66129-0034_6345-93306-0018:1,6345,13.142498970031738,13.340324401855469,0.19782543182373047,False,False
5895-34622-0018_6241-66616-0025:0,5895,17.293779373168945,17.19017791748047,-0.10360145568847656,False,False
5895-34622-0018_6241-66616-0025:1,6241,13.324736595153809,13.35752010345459,0.03278350830078125,False,False
1988-24833-0017_8842-304647-0008:0,1988,6.527727127075195,3.1830878257751465,-3.344639301300049,False,False
1988-24833-0017_8842-304647-0008:1,8842,-13.905035972595215,6.167789459228516,20.07282543182373,True,False
5694-64029-0029_8842-302201-0014:0,5694,13.260404586791992,13.261331558227539,0.000926971435546875,False,False
5694-64029-0029_8842-302201-0014:1,8842,15.013792037963867,15.360299110412598,0.34650707244873047,False,False
251-118436-0006_1993-147965-0008:0,251,16.40789031982422,16.3208065032959,-0.08708381652832031,False,False
251-118436-0006_1993-147965-0008:1,1993,13.5743408203125,13.598167419433594,0.02382659912109375,False,False
5536-43358-0006_3752-4943-0029:0,5536,10.840221405029297,10.671083450317383,-0.16913795471191406,False,False
5536-43358-0006_3752-4943-0029:1,3752,10.169763565063477,9.939268112182617,-0.23049545288085938,False,False
3752-4943-0005_8297-275154-0006:0,3752,3.279637336730957,4.531883239746094,1.2522459030151367,False,False
3752-4943-0005_8297-275154-0006:1,8297,4.486939907073975,0.4307211637496948,-4.05621874332428,False,False
1988-24833-0004_5895-34615-0019:0,1988,14.910140991210938,14.849672317504883,-0.06046867370605469,False,False
1988-24833-0004_5895-34615-0019:1,5895,15.284619331359863,15.256253242492676,-0.0283660888671875,False,False
174-84280-0003_652-130726-0020:0,174,15.881690979003906,15.844263076782227,-0.03742790222167969,False,False
174-84280-0003_652-130726-0020:1,652,9.292718887329102,9.28106689453125,-0.011651992797851562,False,False
3752-4944-0011_1993-147149-0019:0,3752,15.16254711151123,15.027052879333496,-0.13549423217773438,False,False
3752-4944-0011_1993-147149-0019:1,1993,16.812721252441406,16.679960250854492,-0.13276100158691406,False,False
1272-135031-0011_84-121550-0019:0,1272,13.196352005004883,13.120575904846191,-0.0757761001586914,False,False
1272-135031-0011_84-121550-0019:1,84,11.56446361541748,11.624384880065918,0.0599212646484375,False,False
6345-93306-0023_7850-286674-0012:0,6345,14.31092643737793,15.235888481140137,0.924962043762207,False,False
6345-93306-0023_7850-286674-0012:1,7850,2.1035327911376953,5.7792649269104,3.675732135772705,False,False
5895-34615-0017_3081-166546-0004:0,5895,13.83154010772705,13.62531566619873,-0.2062244415283203,False,False
5895-34615-0017_3081-166546-0004:1,3081,9.693467140197754,10.082990646362305,0.3895235061645508,False,False
7850-286674-0006_6295-244435-0013:0,7850,17.89201545715332,17.65603256225586,-0.23598289489746094,False,False
7850-286674-0006_6295-244435-0013:1,6295,14.002355575561523,13.713483810424805,-0.28887176513671875,False,False
2035-147961-0030_6313-76958-0002:0,2035,14.431453704833984,15.062384605407715,0.6309309005737305,False,False
2035-147961-0030_6313-76958-0002:1,6313,6.5398430824279785,4.774916172027588,-1.7649269104003906,False,False
3853-163249-0019_6319-64726-0020:0,3853,11.478201866149902,10.587122917175293,-0.8910789489746094,False,False
3853-163249-0019_6319-64726-0020:1,6319,13.400992393493652,13.740378379821777,0.339385986328125,False,False
3081-166546-0011_5895-34629-0009:0,3081,10.114095687866211,9.814958572387695,-0.2991371154785156,False,False
3081-166546-0011_5895-34629-0009:1,5895,9.419893264770508,10.02203369140625,0.6021404266357422,False,False
1272-141231-0015_6241-61943-0020:0,1272,10.71296501159668,10.647098541259766,-0.06586647033691406,False,False
1272-141231-0015_6241-61943-0020:1,6241,16.450361251831055,16.473325729370117,0.0229644775390625,False,False
1988-24833-0000_1919-142785-0011:0,1988,12.187565803527832,12.301180839538574,0.11361503601074219,False,False
1988-24833-0000_1919-142785-0011:1,1919,16.855497360229492,17.17694854736328,0.32145118713378906,False,False
2277-149897-0016_174-50561-0006:0,2277,16.327674865722656,16.494380950927734,0.16670608520507812,False,False
2277-149897-0016_174-50561-0006:1,174,10.208320617675781,10.390199661254883,0.18187904357910156,False,False
6345-93302-0020_1462-170142-0016:0,6345,17.577146530151367,16.33196258544922,-1.2451839447021484,False,False
6345-93302-0020_1462-170142-0016:1,1462,15.35546875,15.524702072143555,0.1692333221435547,False,False
5694-64038-0024_7850-281318-0022:0,5694,16.293516159057617,16.241350173950195,-0.052165985107421875,False,False
5694-64038-0024_7850-281318-0022:1,7850,13.22443962097168,13.186420440673828,-0.03801918029785156,False,False
6345-93302-0008_3752-4944-0053:0,6345,15.060630798339844,15.496622085571289,0.4359912872314453,False,False
6345-93302-0008_3752-4944-0053:1,3752,16.1547908782959,16.611900329589844,0.4571094512939453,False,False
3000-15664-0018_8297-275154-0021:0,3000,14.980384826660156,14.8720064163208,-0.10837841033935547,False,False
3000-15664-0018_8297-275154-0021:1,8297,11.702646255493164,11.575899124145508,-0.12674713134765625,False,False
6313-76958-0019_6295-64301-0009:0,6313,14.994698524475098,14.657121658325195,-0.33757686614990234,False,False
6313-76958-0019_6295-64301-0009:1,6295,12.63430404663086,13.159401893615723,0.5250978469848633,False,False
6313-66129-0018_1462-170142-0001:0,6313,17.995655059814453,18.168895721435547,0.17324066162109375,False,False
6313-66129-0018_1462-170142-0001:1,1462,13.519344329833984,13.751932144165039,0.2325878143310547,False,False
2803-154328-0011_7850-73752-0017:0,2803,15.820987701416016,15.547179222106934,-0.27380847930908203,False,False
2803-154328-0011_7850-73752-0017:1,7850,11.512510299682617,11.080015182495117,-0.4324951171875,False,False
3853-163249-0049_6295-64301-0024:0,3853,13.097272872924805,13.143210411071777,0.045937538146972656,False,False
3853-163249-0049_6295-64301-0024:1,6295,14.376097679138184,14.393000602722168,0.016902923583984375,False,False
5694-64029-0012_6313-76958-0029:0,5694,13.570160865783691,13.55990982055664,-0.010251045227050781,False,False
5694-64029-0012_6313-76958-0029:1,6313,14.390104293823242,14.476116180419922,0.08601188659667969,False,False
1673-143396-0020_2086-149220-0015:0,1673,16.5216007232666,16.721471786499023,0.19987106323242188,False,False
1673-143396-0020_2086-149220-0015:1,2086,12.159444808959961,12.274835586547852,0.11539077758789062,False,False
6319-64726-0001_3536-23268-0006:0,6319,12.059806823730469,11.693897247314453,-0.3659095764160156,False,False
6319-64726-0001_3536-23268-0006:1,3536,16.667205810546875,16.684589385986328,0.017383575439453125,False,False
6319-64726-0002_3000-15664-0016:0,6319,13.686354637145996,13.766460418701172,0.08010578155517578,False,False
6319-64726-0002_3000-15664-0016:1,3000,15.36986255645752,15.520301818847656,0.15043926239013672,False,False
3081-166546-0074_84-121550-0023:0,3081,4.169224739074707,3.250810384750366,-0.9184143543243408,False,False
3081-166546-0074_84-121550-0023:1,84,11.689739227294922,11.671407699584961,-0.018331527709960938,False,False
3081-166546-0088_7850-286674-0011:0,3081,13.92359447479248,13.843653678894043,-0.0799407958984375,False,False
3081-166546-0088_7850-286674-0011:1,7850,10.260496139526367,5.146814346313477,-5.113681793212891,False,False
1919-142785-0028_3536-8226-0023:0,1919,18.49947166442871,15.859272956848145,-2.6401987075805664,False,False
1919-142785-0028_3536-8226-0023:1,3536,13.567550659179688,12.670426368713379,-0.8971242904663086,False,False
2428-83705-0011_3853-163249-0040:0,2428,16.034523010253906,16.071840286254883,0.03731727600097656,False,False
2428-83705-0011_3853-163249-0040:1,3853,18.165424346923828,18.14986228942871,-0.015562057495117188,False,False
422-122949-0022_7976-105575-0003:0,422,8.527175903320312,8.646234512329102,0.11905860900878906,False,False
422-122949-0022_7976-105575-0003:1,7976,16.228851318359375,16.377918243408203,0.14906692504882812,False,False
2078-142845-0013_8297-275155-0013:0,2078,15.432161331176758,14.87276840209961,-0.5593929290771484,False,False
2078-142845-0013_8297-275155-0013:1,8297,13.14647388458252,12.933521270751953,-0.2129526138305664,False,False
84-121550-0018_1988-147956-0024:0,84,15.948090553283691,15.583475112915039,-0.36461544036865234,False,False
84-121550-0018_1988-147956-0024:1,1988,14.37145709991455,14.568910598754883,0.19745349884033203,False,False
5536-43363-0017_1988-147956-0028:0,5536,11.441884994506836,11.312650680541992,-0.12923431396484375,False,False
5536-43363-0017_1988-147956-0028:1,1988,12.374496459960938,12.228553771972656,-0.14594268798828125,False,False
1462-170138-0001_6345-64257-0013:0,1462,15.754059791564941,15.556245803833008,-0.1978139877319336,False,False
1462-170138-0001_6345-64257-0013:1,6345,14.437923431396484,14.22763442993164,-0.21028900146484375,False,False
652-130726-0033_7976-105575-0023:0,652,14.963334083557129,15.07504653930664,0.11171245574951172,False,False
652-130726-0033_7976-105575-0023:1,7976,15.258829116821289,15.26598072052002,0.007151603698730469,False,False
7976-110124-0005_2412-153954-0006:0,7976,12.968231201171875,12.942049026489258,-0.026182174682617188,False,False
7976-110124-0005_2412-153954-0006:1,2412,15.622041702270508,14.083823204040527,-1.5382184982299805,False,False
6241-66616-0024_1462-170145-0000:0,6241,15.857965469360352,15.809653282165527,-0.04831218719482422,False,False
6241-66616-0024_1462-170145-0000:1,1462,14.681608200073242,14.55802059173584,-0.12358760833740234,False,False
3536-8226-0004_3000-15664-0034:0,3536,15.017723083496094,15.183320999145508,0.16559791564941406,False,False
3536-8226-0004_3000-15664-0034:1,3000,13.919880867004395,13.96328353881836,0.043402671813964844,False,False
84-121550-0025_3853-163249-0033:0,84,-0.8401439189910889,6.997061729431152,7.837205648422241,False,False
84-121550-0025_3853-163249-0033:1,3853,18.70850372314453,18.81334686279297,0.1048431396484375,False,False
3081-166546-0048_8297-275154-0017:0,3081,14.909412384033203,14.105066299438477,-0.8043460845947266,False,False
3081-166546-0048_8297-275154-0017:1,8297,10.62688159942627,10.710601806640625,0.08372020721435547,False,False
5895-34622-0014_5338-24615-0009:0,5895,13.970413208007812,14.046913146972656,0.07649993896484375,False,False
5895-34622-0014_5338-24615-0009:1,5338,11.978531837463379,11.984201431274414,0.005669593811035156,False,False
5536-43363-0013_3536-8226-0021:0,5536,15.555143356323242,15.675820350646973,0.12067699432373047,False,False
5536-43363-0013_3536-8226-0021:1,3536,7.046146869659424,6.736668586730957,-0.3094782829284668,False,False
1673-143396-0018_5338-24615-0007:0,1673,10.894782066345215,11.234868049621582,0.3400859832763672,False,False
1673-143396-0018_5338-24615-0007:1,5338,11.806493759155273,10.691068649291992,-1.1154251098632812,False,False
3081-166546-0065_6319-64726-0018:0,3081,8.222565650939941,7.9774169921875,-0.2451486587524414,False,False
3081-166546-0065_6319-64726-0018:1,6319,6.671378135681152,10.835817337036133,4.1644392013549805,False,False
6313-66125-0003_174-168635-0006:0,6313,14.049027442932129,14.166797637939453,0.11777019500732422,False,False
6313-66125-0003_174-168635-0006:1,174,9.39859390258789,9.725263595581055,0.32666969299316406,False,False
5694-64029-0010_1919-142785-0019:0,5694,13.076006889343262,13.272482872009277,0.19647598266601562,False,False
5694-64029-0010_1919-142785-0019:1,1919,16.88127326965332,16.78287696838379,-0.09839630126953125,False,False
6313-66129-0023_3853-163249-0010:0,6313,3.8822808265686035,2.8112854957580566,-1.0709953308105469,False,False
6313-66129-0023_3853-163249-0010:1,3853,-14.41589641571045,-14.150206565856934,0.2656898498535156,True,True
6345-64257-0005_6241-61943-0026:0,6345,12.71312427520752,12.638154029846191,-0.07497024536132812,False,False
6345-64257-0005_6241-61943-0026:1,6241,13.719976425170898,13.734884262084961,0.0149078369140625,False,False
5536-43363-0012_8842-302196-0008:0,5536,12.25202751159668,12.317331314086914,0.06530380249023438,False,False
5536-43363-0012_8842-302196-0008:1,8842,18.73898696899414,18.40196418762207,-0.3370227813720703,False,False
174-84280-0009_2803-154328-0021:0,174,16.677894592285156,18.44822883605957,1.770334243774414,False,False
174-84280-0009_2803-154328-0021:1,2803,11.33503532409668,11.43459701538086,0.09956169128417969,False,False
5536-43358-0000_652-130737-0006:0,5536,16.35651969909668,16.334457397460938,-0.022062301635742188,False,False
5536-43358-0000_652-130737-0006:1,652,9.36953353881836,9.319887161254883,-0.04964637756347656,False,False
2035-147960-0011_6295-64301-0010:0,2035,14.732708930969238,14.875231742858887,0.14252281188964844,False,False
2035-147960-0011_6295-64301-0010:1,6295,14.3413667678833,14.549832344055176,0.208465576171875,False,False
1272-141231-0021_3536-8226-0025:0,1272,12.963482856750488,12.854893684387207,-0.10858917236328125,False,False
1272-141231-0021_3536-8226-0025:1,3536,16.260639190673828,16.107479095458984,-0.15316009521484375,False,False
2035-147961-0040_3752-4943-0000:0,2035,17.417293548583984,17.34014129638672,-0.07715225219726562,False,False
2035-147961-0040_3752-4943-0000:1,3752,17.396188735961914,17.3453426361084,-0.050846099853515625,False,False
1673-143397-0008_1993-147149-0012:0,1673,15.493338584899902,15.386204719543457,-0.10713386535644531,False,False
1673-143397-0008_1993-147149-0012:1,1993,17.260313034057617,17.16036605834961,-0.09994697570800781,False,False
8297-275155-0028_3752-4944-0020:0,8297,2.186910629272461,-7.372184753417969,-9.55909538269043,False,True
8297-275155-0028_3752-4944-0020:1,3752,11.0482177734375,11.951642990112305,0.9034252166748047,False,False
2277-149896-0013_652-130726-0027:0,2277,13.784290313720703,13.683220863342285,-0.10106945037841797,False,False
2277-149896-0013_652-130726-0027:1,652,10.452348709106445,10.494483947753906,0.04213523864746094,False,False
422-122949-0005_1988-24833-0024:0,422,14.884284973144531,15.200846672058105,0.3165616989135742,False,False
422-122949-0005_1988-24833-0024:1,1988,11.21165657043457,10.990120887756348,-0.22153568267822266,False,False
2803-154320-0007_6319-64726-0008:0,2803,11.869843482971191,11.876063346862793,0.0062198638916015625,False,False
2803-154320-0007_6319-64726-0008:1,6319,15.896942138671875,15.766558647155762,-0.13038349151611328,False,False
8297-275155-0024_6319-57405-0009:0,8297,15.256983757019043,15.194534301757812,-0.06244945526123047,False,False
8297-275155-0024_6319-57405-0009:1,6319,15.528068542480469,15.522214889526367,-0.0058536529541015625,False,False
3576-138058-0039_251-136532-0002:0,3576,19.187332153320312,19.555444717407227,0.36811256408691406,False,False
3576-138058-0039_251-136532-0002:1,251,12.260988235473633,12.086688995361328,-0.1742992401123047,False,False
2803-154320-0014_5338-284437-0008:0,2803,14.612180709838867,14.621870994567871,0.009690284729003906,False,False
2803-154320-0014_5338-284437-0008:1,5338,14.94433307647705,14.93015193939209,-0.014181137084960938,False,False
174-168635-0019_6313-66129-0016:0,174,10.522512435913086,10.598174095153809,0.07566165924072266,False,False
174-168635-0019_6313-66129-0016:1,6313,12.66546630859375,12.778804779052734,0.11333847045898438,False,False
1462-170142-0039_2277-149897-0010:0,1462,13.706499099731445,14.351634979248047,0.6451358795166016,False,False
1462-170142-0039_2277-149897-0010:1,2277,11.913846015930176,11.256115913391113,-0.6577301025390625,False,False
1272-141231-0031_3170-137482-0027:0,1272,12.503986358642578,12.614864349365234,0.11087799072265625,False,False
1272-141231-0031_3170-137482-0027:1,3170,14.536283493041992,14.56591510772705,0.029631614685058594,False,False
2035-152373-0004_3170-137482-0026:0,2035,17.29817008972168,17.189733505249023,-0.10843658447265625,False,False
2035-152373-0004_3170-137482-0026:1,3170,14.910881042480469,14.880477905273438,-0.03040313720703125,False,False
5536-43358-0010_777-126732-0037:0,5536,11.296371459960938,11.261067390441895,-0.03530406951904297,False,False
5536-43358-0010_777-126732-0037:1,777,10.161230087280273,10.195953369140625,0.03472328186035156,False,False
777-126732-0022_6241-61943-0024:0,777,12.169599533081055,12.250373840332031,0.08077430725097656,False,False
777-126732-0022_6241-61943-0024:1,6241,11.563432693481445,12.833335876464844,1.2699031829833984,False,False
6319-64726-0011_3752-4944-0065:0,6319,17.28424072265625,17.00909423828125,-0.275146484375,False,False
6319-64726-0011_3752-4944-0065:1,3752,11.250840187072754,12.126503944396973,0.8756637573242188,False,False
1988-24833-0020_7976-110523-0014:0,1988,17.604400634765625,17.71108055114746,0.10667991638183594,False,False
1988-24833-0020_7976-110523-0014:1,7976,17.2420654296875,17.389034271240234,0.14696884155273438,False,False
7850-286674-0004_777-126732-0029:0,7850,13.277912139892578,13.377545356750488,0.09963321685791016,False,False
7850-286674-0004_777-126732-0029:1,777,15.526250839233398,15.665228843688965,0.1389780044555664,False,False
3081-166546-0019_84-121550-0035:0,3081,13.52298355102539,11.628998756408691,-1.8939847946166992,False,False
3081-166546-0019_84-121550-0035:1,84,8.566927909851074,7.929610252380371,-0.6373176574707031,False,False
2428-83705-0017_777-126732-0011:0,2428,15.963203430175781,15.973165512084961,0.009962081909179688,False,False
2428-83705-0017_777-126732-0011:1,777,10.786053657531738,10.75780200958252,-0.02825164794921875,False,False
5338-24615-0008_2035-147961-0018:0,5338,18.773836135864258,18.75930404663086,-0.014532089233398438,False,False
5338-24615-0008_2035-147961-0018:1,2035,11.198695182800293,9.044261932373047,-2.154433250427246,False,False
2086-149220-0031_6345-93302-0018:0,2086,13.376470565795898,13.833850860595703,0.4573802947998047,False,False
2086-149220-0031_6345-93302-0018:1,6345,16.729740142822266,16.688520431518555,-0.04121971130371094,False,False
2412-153947-0003_3536-8226-0020:0,2412,-13.257888793945312,-5.88873291015625,7.3691558837890625,True,True
2412-153947-0003_3536-8226-0020:1,3536,5.915304183959961,9.730743408203125,3.815439224243164,False,False
2412-153954-0018_7976-110523-0016:0,2412,12.305648803710938,12.422986030578613,0.11733722686767578,False,False
2412-153954-0018_7976-110523-0016:1,7976,14.735530853271484,15.421699523925781,0.6861686706542969,False,False
5338-284437-0006_1988-24833-0005:0,5338,13.756166458129883,13.759032249450684,0.0028657913208007812,False,False
5338-284437-0006_1988-24833-0005:1,1988,-20.674787521362305,-18.913997650146484,1.7607898712158203,True,True
5895-34622-0004_3081-166546-0087:0,5895,9.756593704223633,9.922840118408203,0.1662464141845703,False,False
5895-34622-0004_3081-166546-0087:1,3081,8.27572250366211,8.419797897338867,0.1440753936767578,False,False
5694-64029-0030_2428-83699-0032:0,5694,-3.3518238067626953,5.743075370788574,9.09489917755127,False,False
5694-64029-0030_2428-83699-0032:1,2428,10.542160987854004,10.711193084716797,0.16903209686279297,False,False
6295-64301-0004_2803-154328-0013:0,6295,13.131494522094727,13.055137634277344,-0.07635688781738281,False,False
6295-64301-0004_2803-154328-0013:1,2803,-4.295151710510254,-9.340921401977539,-5.045769691467285,True,True
2086-149220-0009_1919-142785-0035:0,2086,13.482083320617676,12.907533645629883,-0.574549674987793,False,False
2086-149220-0009_1919-142785-0035:1,1919,11.704061508178711,11.394594192504883,-0.3094673156738281,False,False
2412-153948-0000_6313-76958-0016:0,2412,12.219956398010254,12.017656326293945,-0.2023000717163086,False,False
2412-153948-0000_6313-76958-0016:1,6313,13.4216947555542,12.901185989379883,-0.5205087661743164,False,False
1919-142785-0020_2428-83699-0029:0,1919,16.974592208862305,16.990629196166992,0.0160369873046875,False,False
1919-142785-0020_2428-83699-0029:1,2428,13.060606002807617,13.005430221557617,-0.05517578125,False,False
7976-110523-0002_3081-166546-0044:0,7976,8.420376777648926,10.331497192382812,1.9111204147338867,False,False
7976-110523-0002_3081-166546-0044:1,3081,9.131891250610352,8.022443771362305,-1.1094474792480469,False,False
1462-170138-0011_652-130726-0021:0,1462,13.679178237915039,13.698099136352539,0.0189208984375,False,False
1462-170138-0011_652-130726-0021:1,652,13.623788833618164,13.726102828979492,0.10231399536132812,False,False
2086-149220-0023_1272-128104-0007:0,2086,12.666532516479492,13.813329696655273,1.1467971801757812,False,False
2086-149220-0023_1272-128104-0007:1,1272,11.768637657165527,13.353511810302734,1.584874153137207,False,False
2902-9008-0016_8297-275155-0017:0,2902,16.36769676208496,16.452045440673828,0.08434867858886719,False,False
2902-9008-0016_8297-275155-0017:1,8297,19.517959594726562,19.23643684387207,-0.2815227508544922,False,False
2803-154320-0004_8297-275156-0000:0,2803,8.705917358398438,7.953189373016357,-0.7527279853820801,False,False
2803-154320-0004_8297-275156-0000:1,8297,11.971747398376465,11.863903999328613,-0.10784339904785156,False,False
1272-135031-0019_3170-137482-0048:0,1272,11.992181777954102,12.376235961914062,0.38405418395996094,False,False
1272-135031-0019_3170-137482-0048:1,3170,15.959053039550781,16.01359748840332,0.05454444885253906,False,False
1919-142785-0060_1462-170145-0013:0,1919,12.477875709533691,12.406553268432617,-0.07132244110107422,False,False
1919-142785-0060_1462-170145-0013:1,1462,11.197011947631836,11.059525489807129,-0.13748645782470703,False,False
3853-163249-0000_2428-83699-0007:0,3853,15.213224411010742,15.176412582397461,-0.03681182861328125,False,False
3853-163249-0000_2428-83699-0007:1,2428,12.170842170715332,12.134909629821777,-0.03593254089355469,False,False
3752-4944-0034_3536-23268-0011:0,3752,10.225040435791016,9.387222290039062,-0.8378181457519531,False,False
3752-4944-0034_3536-23268-0011:1,3536,12.330606460571289,12.699474334716797,0.3688678741455078,False,False
6241-66616-0005_1673-143397-0001:0,6241,13.457133293151855,13.584040641784668,0.1269073486328125,False,False
6241-66616-0005_1673-143397-0001:1,1673,17.302959442138672,17.13821792602539,-0.16474151611328125,False,False
3170-137482-0020_6241-61943-0003:0,3170,11.402969360351562,12.72641658782959,1.3234472274780273,False,False
3170-137482-0020_6241-61943-0003:1,6241,14.487655639648438,14.443391799926758,-0.04426383972167969,False,False
2803-154328-0012_3752-4944-0028:0,2803,13.902237892150879,13.794944763183594,-0.10729312896728516,False,False
2803-154328-0012_3752-4944-0028:1,3752,8.903736114501953,8.946210861206055,0.04247474670410156,False,False
7850-281318-0010_6319-64726-0016:0,7850,17.625263214111328,18.261333465576172,0.6360702514648438,False,False
7850-281318-0010_6319-64726-0016:1,6319,10.93616771697998,11.128169059753418,0.1920013427734375,False,False
3536-8226-0019_2428-83705-0034:0,3536,17.800216674804688,17.73482322692871,-0.06539344787597656,False,False
3536-8226-0019_2428-83705-0034:1,2428,14.45576286315918,11.994186401367188,-2.461576461791992,False,False
6241-66616-0016_5895-34629-0027:0,6241,15.483722686767578,15.563603401184082,0.0798807144165039,False,False
6241-66616-0016_5895-34629-0027:1,5895,13.829408645629883,13.984264373779297,0.15485572814941406,False,False
1462-170145-0008_652-129742-0015:0,1462,16.528697967529297,16.78545379638672,0.2567558288574219,False,False
1462-170145-0008_652-129742-0015:1,652,16.431703567504883,16.519763946533203,0.08806037902832031,False,False
1988-147956-0017_3752-4943-0004:0,1988,15.228303909301758,15.379047393798828,0.1507434844970703,False,False
1988-147956-0017_3752-4943-0004:1,3752,11.297958374023438,11.411502838134766,0.11354446411132812,False,False
251-118436-0002_1993-147964-0005:0,251,12.144064903259277,10.147926330566406,-1.996138572692871,False,False
251-118436-0002_1993-147964-0005:1,1993,13.29760456085205,13.118950843811035,-0.17865371704101562,False,False
2412-153954-0012_251-137823-0013:0,2412,16.227924346923828,16.070016860961914,-0.15790748596191406,False,False
2412-153954-0012_251-137823-0013:1,251,11.375340461730957,11.350251197814941,-0.025089263916015625,False,False
174-50561-0013_1462-170138-0025:0,174,10.021615982055664,9.920635223388672,-0.10098075866699219,False,False
174-50561-0013_1462-170138-0025:1,1462,13.489853858947754,13.449795722961426,-0.040058135986328125,False,False
6319-57405-0003_6345-93306-0022:0,6319,10.03951644897461,-4.285445213317871,-14.32496166229248,False,False
6319-57405-0003_6345-93306-0022:1,6345,16.21645736694336,16.166616439819336,-0.04984092712402344,False,False
6295-64301-0003_1462-170142-0015:0,6295,15.06300163269043,15.284021377563477,0.22101974487304688,False,False
6295-64301-0003_1462-170142-0015:1,1462,17.78782844543457,17.922494888305664,0.13466644287109375,False,False
6295-64301-0019_3536-23268-0022:0,6295,11.9602689743042,11.425039291381836,-0.5352296829223633,False,False
6295-64301-0019_3536-23268-0022:1,3536,12.520084381103516,13.183000564575195,0.6629161834716797,False,False
2902-9008-0011_174-50561-0007:0,2902,13.753022193908691,14.333369255065918,0.5803470611572266,False,False
2902-9008-0011_174-50561-0007:1,174,-26.527114868164062,-27.551679611206055,-1.0245647430419922,True,True
652-130726-0002_5694-64038-0023:0,652,9.246834754943848,9.433184623718262,0.18634986877441406,False,False
652-130726-0002_5694-64038-0023:1,5694,10.013952255249023,10.520994186401367,0.5070419311523438,False,False
3752-4943-0009_5338-24615-0010:0,3752,16.720481872558594,16.700956344604492,-0.019525527954101562,False,False
3752-4943-0009_5338-24615-0010:1,5338,13.425943374633789,13.293930053710938,-0.13201332092285156,False,False
6345-93306-0005_422-122949-0012:0,6345,18.052553176879883,18.1763916015625,0.12383842468261719,False,False
6345-93306-0005_422-122949-0012:1,422,13.062538146972656,13.065357208251953,0.002819061279296875,False,False
2035-147961-0032_5536-43359-0006:0,2035,12.86390209197998,12.99449634552002,0.13059425354003906,False,False
2035-147961-0032_5536-43359-0006:1,5536,12.022919654846191,11.995746612548828,-0.02717304229736328,False,False
3853-163249-0045_3081-166546-0082:0,3853,7.118959426879883,7.6904401779174805,0.5714807510375977,False,False
3853-163249-0045_3081-166546-0082:1,3081,6.508459091186523,6.1504106521606445,-0.3580484390258789,False,False
1988-24833-0021_251-136532-0007:0,1988,15.912516593933105,15.821342468261719,-0.09117412567138672,False,False
1988-24833-0021_251-136532-0007:1,251,13.052355766296387,12.956664085388184,-0.09569168090820312,False,False
8297-275154-0001_1988-24833-0012:0,8297,14.838748931884766,14.629225730895996,-0.20952320098876953,False,False
8297-275154-0001_1988-24833-0012:1,1988,13.921294212341309,13.89289665222168,-0.028397560119628906,False,False
3536-8226-0024_3081-166546-0031:0,3536,7.425084590911865,6.1090874671936035,-1.3159971237182617,False,False
3536-8226-0024_3081-166546-0031:1,3081,7.964810371398926,8.227276802062988,0.2624664306640625,False,False
2428-83705-0029_7976-110124-0010:0,2428,15.540484428405762,15.749926567077637,0.209442138671875,False,False
2428-83705-0029_7976-110124-0010:1,7976,15.97401237487793,15.894144058227539,-0.07986831665039062,False,False
777-126732-0033_1993-147149-0010:0,777,18.454280853271484,18.661907196044922,0.2076263427734375,False,False
777-126732-0033_1993-147149-0010:1,1993,10.959209442138672,11.13729476928711,0.1780853271484375,False,False
3000-15664-0002_84-121550-0034:0,3000,13.099310874938965,13.214529037475586,0.1152181625366211,False,False
3000-15664-0002_84-121550-0034:1,84,13.55026912689209,13.8717679977417,0.3214988708496094,False,False
8842-302196-0002_2035-147961-0005:0,8842,-23.900917053222656,-26.6278076171875,-2.7268905639648438,True,True
8842-302196-0002_2035-147961-0005:1,2035,13.479741096496582,13.617795944213867,0.13805484771728516,False,False
1919-142785-0042_1988-148538-0002:0,1919,13.87978744506836,13.780654907226562,-0.09913253784179688,False,False
1919-142785-0042_1988-148538-0002:1,1988,-1.1712548732757568,4.901317596435547,6.072572469711304,False,False
777-126732-0042_251-137823-0022:0,777,9.045553207397461,9.116559982299805,0.07100677490234375,False,False
777-126732-0042_251-137823-0022:1,251,13.53525447845459,13.413779258728027,-0.1214752197265625,False,False
8297-275154-0026_6345-64257-0008:0,8297,15.622684478759766,15.523761749267578,-0.0989227294921875,False,False
8297-275154-0026_6345-64257-0008:1,6345,16.07818603515625,16.244550704956055,0.1663646697998047,False,False
2277-149896-0005_8842-302196-0010:0,2277,11.693415641784668,9.119853973388672,-2.573561668395996,False,False
2277-149896-0005_8842-302196-0010:1,8842,-29.028709411621094,-27.259700775146484,1.7690086364746094,True,True
3576-138058-0030_251-118436-0005:0,3576,16.320293426513672,16.050159454345703,-0.27013397216796875,False,False
3576-138058-0030_251-118436-0005:1,251,14.425500869750977,14.303899765014648,-0.12160110473632812,False,False
3853-163249-0005_2035-147961-0022:0,3853,-31.3607120513916,-31.938467025756836,-0.5777549743652344,True,True
3853-163249-0005_2035-147961-0022:1,2035,14.629669189453125,14.702144622802734,0.07247543334960938,False,False
8842-302203-0011_3752-4944-0002:0,8842,16.047067642211914,16.1309757232666,0.0839080810546875,False,False
8842-302203-0011_3752-4944-0002:1,3752,10.996062278747559,11.079251289367676,0.08318901062011719,False,False
6295-244435-0038_2803-154320-0010:0,6295,1.1616209745407104,5.596892356872559,4.435271382331848,False,False
6295-244435-0038_2803-154320-0010:1,2803,-3.330528736114502,-22.275081634521484,-18.944552898406982,False,True
3081-166546-0038_6313-76958-0017:0,3081,0.1998291015625,-1.4250096082687378,-1.6248387098312378,False,False
3081-166546-0038_6313-76958-0017:1,6313,-0.4976661205291748,0.118194580078125,0.6158607006072998,False,False
251-137823-0019_2277-149896-0001:0,251,14.374310493469238,14.422176361083984,0.047865867614746094,False,False
251-137823-0019_2277-149896-0001:1,2277,14.300718307495117,14.251165390014648,-0.04955291748046875,False,False
8842-304647-0003_1462-170142-0041:0,8842,15.186635971069336,15.426539421081543,0.23990345001220703,False,False
8842-304647-0003_1462-170142-0041:1,1462,10.162309646606445,10.254920959472656,0.09261131286621094,False,False
2277-149896-0030_7850-286674-0015:0,2277,6.090083599090576,-2.151210308074951,-8.241293907165527,False,False
2277-149896-0030_7850-286674-0015:1,7850,2.1494760513305664,10.954547882080078,8.805071830749512,False,False
5536-43358-0015_7976-110124-0015:0,5536,9.687576293945312,9.932004928588867,0.2444286346435547,False,False
5536-43358-0015_7976-110124-0015:1,7976,14.401906967163086,14.452733993530273,0.0508270263671875,False,False
1988-148538-0008_7976-105575-0016:0,1988,12.457934379577637,13.126309394836426,0.6683750152587891,False,False
1988-148538-0008_7976-105575-0016:1,7976,14.788816452026367,13.322033882141113,-1.466782569885254,False,False
2035-152373-0003_1272-128104-0005:0,2035,14.318685531616211,12.313705444335938,-2.0049800872802734,False,False
2035-152373-0003_1272-128104-0005:1,1272,11.923582077026367,11.550004959106445,-0.3735771179199219,False,False
7976-110523-0008_5694-64029-0009:0,7976,16.57524299621582,16.82037925720215,0.24513626098632812,False,False
7976-110523-0008_5694-64029-0009:1,5694,17.014074325561523,16.98290252685547,-0.031171798706054688,False,False
6313-66129-0015_6295-64301-0012:0,6313,14.526224136352539,14.537915229797363,0.011691093444824219,False,False
6313-66129-0015_6295-64301-0012:1,6295,14.242621421813965,14.52934741973877,0.2867259979248047,False,False
3170-137482-0004_3576-138058-0040:0,3170,12.33956527709961,14.37580680847168,2.0362415313720703,False,False
3170-137482-0004_3576-138058-0040:1,3576,10.758451461791992,10.949764251708984,0.1913127899169922,False,False
6345-93302-0009_1462-170142-0036:0,6345,12.460136413574219,12.45088005065918,-0.009256362915039062,False,False
6345-93302-0009_1462-170142-0036:1,1462,-14.24947452545166,-10.82720947265625,3.42226505279541,True,True
7850-281318-0008_3853-163249-0052:0,7850,11.896770477294922,11.528388023376465,-0.36838245391845703,False,False
7850-281318-0008_3853-163249-0052:1,3853,-4.327575206756592,-16.208209991455078,-11.880634784698486,False,True
7976-110523-0013_1462-170138-0019:0,7976,7.523740768432617,10.385546684265137,2.8618059158325195,False,False
7976-110523-0013_1462-170138-0019:1,1462,17.241071701049805,17.31576156616211,0.07468986511230469,False,False
2035-147960-0004_6345-93302-0005:0,2035,13.902762413024902,13.773274421691895,-0.1294879913330078,False,False
2035-147960-0004_6345-93302-0005:1,6345,5.108735084533691,2.2370057106018066,-2.8717293739318848,False,False
6313-66125-0011_1272-141231-0029:0,6313,18.271909713745117,18.278202056884766,0.0062923431396484375,False,False
6313-66125-0011_1272-141231-0029:1,1272,17.713775634765625,17.810733795166016,0.09695816040039062,False,False
6313-76958-0025_3853-163249-0039:0,6313,7.003629207611084,7.119873523712158,0.11624431610107422,False,False
6313-76958-0025_3853-163249-0039:1,3853,10.907241821289062,11.028392791748047,0.12115097045898438,False,False
2086-149214-0001_1673-143396-0010:0,2086,17.949731826782227,17.829896926879883,-0.11983489990234375,False,False
2086-149214-0001_1673-143396-0010:1,1673,13.285088539123535,13.278935432434082,-0.006153106689453125,False,False
6241-61946-0000_2277-149897-0003:0,6241,15.378960609436035,15.285545349121094,-0.0934152603149414,False,False
6241-61946-0000_2277-149897-0003:1,2277,8.889354705810547,8.890024185180664,0.0006694793701171875,False,False
2086-149220-0030_777-126732-0005:0,2086,10.91503620147705,9.813862800598145,-1.1011734008789062,False,False
2086-149220-0030_777-126732-0005:1,777,11.055283546447754,10.354998588562012,-0.7002849578857422,False,False
251-136532-0017_6295-64301-0005:0,251,3.6816906929016113,-7.256450653076172,-10.938141345977783,False,True
251-136532-0017_6295-64301-0005:1,6295,8.453712463378906,8.94315242767334,0.4894399642944336,False,False
3853-163249-0023_2428-83705-0018:0,3853,12.502508163452148,11.09809684753418,-1.4044113159179688,False,False
3853-163249-0023_2428-83705-0018:1,2428,18.743511199951172,18.397045135498047,-0.346466064453125,False,False
7850-281318-0006_5536-43359-0009:0,7850,12.353078842163086,12.530531883239746,0.17745304107666016,False,False
7850-281318-0006_5536-43359-0009:1,5536,15.635019302368164,15.676307678222656,0.04128837585449219,False,False
2428-83705-0001_3000-15664-0011:0,2428,11.09906005859375,11.1763334274292,0.07727336883544922,False,False
2428-83705-0001_3000-15664-0011:1,3000,11.821183204650879,11.947731018066406,0.12654781341552734,False,False
422-122949-0007_5536-43359-0012:0,422,-8.746180534362793,-3.1546335220336914,5.591547012329102,True,True
422-122949-0007_5536-43359-0012:1,5536,12.013542175292969,12.026487350463867,0.012945175170898438,False,False
5338-284437-0022_3000-15664-0008:0,5338,13.211973190307617,13.343954086303711,0.13198089599609375,False,False
5338-284437-0022_3000-15664-0008:1,3000,15.399580001831055,15.538822174072266,0.13924217224121094,False,False
2428-83705-0004_7976-110124-0011:0,2428,13.627777099609375,13.48930835723877,-0.13846874237060547,False,False
2428-83705-0004_7976-110124-0011:1,7976,13.35577392578125,13.049527168273926,-0.3062467575073242,False,False
251-137823-0011_7976-105575-0015:0,251,14.867217063903809,14.86904239654541,0.0018253326416015625,False,False
251-137823-0011_7976-105575-0015:1,7976,16.94898223876953,16.90770721435547,-0.0412750244140625,False,False
5694-64025-0015_652-130726-0023:0,5694,12.009211540222168,12.001815795898438,-0.007395744323730469,False,False
5694-64025-0015_652-130726-0023:1,652,12.754728317260742,12.725458145141602,-0.029270172119140625,False,False
5338-24615-0003_2412-153947-0016:0,5338,7.62982702255249,7.750176906585693,0.12034988403320312,False,False
5338-24615-0003_2412-153947-0016:1,2412,-12.050058364868164,13.86771011352539,25.917768478393555,True,False
1673-143397-0019_1988-147956-0004:0,1673,16.91999626159668,17.17177391052246,0.25177764892578125,False,False
1673-143397-0019_1988-147956-0004:1,1988,14.34779167175293,13.528216361999512,-0.819575309753418,False,False
652-130726-0028_6345-93302-0007:0,652,17.885271072387695,17.9781436920166,0.09287261962890625,False,False
652-130726-0028_6345-93302-0007:1,6345,12.320077896118164,12.246713638305664,-0.0733642578125,False,False
3752-4944-0027_2035-152373-0017:0,3752,18.616764068603516,18.654541015625,0.037776947021484375,False,False
3752-4944-0027_2035-152373-0017:1,2035,15.264501571655273,15.237092971801758,-0.027408599853515625,False,False
7976-110124-0012_3853-163249-0038:0,7976,13.401371955871582,13.095758438110352,-0.30561351776123047,False,False
7976-110124-0012_3853-163249-0038:1,3853,14.585824966430664,14.513578414916992,-0.07224655151367188,False,False
1462-170138-0018_2078-142845-0020:0,1462,9.730936050415039,11.46882438659668,1.7378883361816406,False,False
1462-170138-0018_2078-142845-0020:1,2078,15.697847366333008,14.387510299682617,-1.3103370666503906,False,False
5536-43363-0019_777-126732-0067:0,5536,11.152362823486328,11.213865280151367,0.06150245666503906,False,False
5536-43363-0019_777-126732-0067:1,777,12.638296127319336,12.629453659057617,-0.00884246826171875,False,False
8842-302203-0006_3170-137482-0037:0,8842,11.604813575744629,11.501022338867188,-0.1037912368774414,False,False
8842-302203-0006_3170-137482-0037:1,3170,13.059040069580078,12.714486122131348,-0.34455394744873047,False,False
7976-110124-0001_652-130737-0004:0,7976,10.918018341064453,11.000707626342773,0.08268928527832031,False,False
7976-110124-0001_652-130737-0004:1,652,12.215706825256348,12.246393203735352,0.030686378479003906,False,False
7850-281318-0021_3752-4943-0013:0,7850,17.305673599243164,17.350561141967773,0.044887542724609375,False,False
7850-281318-0021_3752-4943-0013:1,3752,12.796600341796875,12.853546142578125,0.05694580078125,False,False
2902-9006-0004_3752-4944-0036:0,2902,15.816316604614258,15.81534194946289,-0.0009746551513671875,False,False
2902-9006-0004_3752-4944-0036:1,3752,18.035905838012695,18.059986114501953,0.024080276489257812,False,False
2086-149220-0025_3536-8226-0016:0,2086,12.620038986206055,11.97036361694336,-0.6496753692626953,False,False
2086-149220-0025_3536-8226-0016:1,3536,19.098407745361328,18.232240676879883,-0.8661670684814453,False,False
3081-166546-0028_2428-83705-0019:0,3081,6.083168029785156,6.5920939445495605,0.5089259147644043,False,False
3081-166546-0028_2428-83705-0019:1,2428,10.604179382324219,9.858203887939453,-0.7459754943847656,False,False
7850-281318-0017_84-121550-0008:0,7850,-5.127098083496094,13.56328010559082,18.690378189086914,True,False
7850-281318-0017_84-121550-0008:1,84,14.055099487304688,14.11113166809082,0.05603218078613281,False,False
6313-76958-0021_5895-34629-0001:0,6313,11.091455459594727,11.481781959533691,0.39032649993896484,False,False
6313-76958-0021_5895-34629-0001:1,5895,13.672454833984375,15.253353118896484,1.5808982849121094,False,False
5694-64038-0025_5338-284437-0005:0,5694,11.757938385009766,11.860593795776367,0.10265541076660156,False,False
5694-64038-0025_5338-284437-0005:1,5338,14.473455429077148,14.290590286254883,-0.18286514282226562,False,False
652-129742-0009_3752-4944-0060:0,652,7.855428695678711,8.618894577026367,0.7634658813476562,False,False
652-129742-0009_3752-4944-0060:1,3752,4.198143482208252,3.7724733352661133,-0.42567014694213867,False,False
174-168635-0005_2428-83699-0020:0,174,8.516881942749023,7.91810417175293,-0.5987777709960938,False,False
174-168635-0005_2428-83699-0020:1,2428,15.326264381408691,16.39052391052246,1.0642595291137695,False,False
84-121550-0002_3853-163249-0026:0,84,12.988066673278809,12.728811264038086,-0.25925540924072266,False,False
84-121550-0002_3853-163249-0026:1,3853,12.72121810913086,10.752033233642578,-1.9691848754882812,False,False
8297-275155-0010_3536-8226-0015:0,8297,17.735340118408203,17.969738006591797,0.23439788818359375,False,False
8297-275155-0010_3536-8226-0015:1,3536,10.85075855255127,10.838536262512207,-0.0122222900390625,False,False
8297-275154-0025_3536-8226-0032:0,8297,13.519170761108398,13.464693069458008,-0.054477691650390625,False,False
8297-275154-0025_3536-8226-0032:1,3536,11.93000602722168,12.002967834472656,0.07296180725097656,False,False
2803-154328-0008_6241-66616-0011:0,2803,13.489228248596191,13.253159523010254,-0.2360687255859375,False,False
2803-154328-0008_6241-66616-0011:1,6241,9.169010162353516,9.485486030578613,0.31647586822509766,False,False
652-130726-0014_8842-302201-0012:0,652,9.17055892944336,9.02061653137207,-0.14994239807128906,False,False
652-130726-0014_8842-302201-0012:1,8842,15.635573387145996,15.985454559326172,0.3498811721801758,False,False
8297-275154-0012_5694-64038-0014:0,8297,10.421481132507324,0.6642752885818481,-9.757205843925476,False,False
8297-275154-0012_5694-64038-0014:1,5694,14.468199729919434,14.44881820678711,-0.01938152313232422,False,False
2086-149220-0004_777-126732-0075:0,2086,-15.499040603637695,-20.725339889526367,-5.226299285888672,True,True
2086-149220-0004_777-126732-0075:1,777,12.522590637207031,13.398401260375977,0.8758106231689453,False,False
1673-143396-0000_2086-149220-0033:0,1673,14.733468055725098,14.681253433227539,-0.052214622497558594,False,False
1673-143396-0000_2086-149220-0033:1,2086,14.097793579101562,14.117875099182129,0.020081520080566406,False,False
2086-149220-0002_1988-147956-0016:0,2086,11.952764511108398,11.930282592773438,-0.022481918334960938,False,False
2086-149220-0002_1988-147956-0016:1,1988,14.347491264343262,13.99284839630127,-0.3546428680419922,False,False
6295-244435-0031_3576-138058-0018:0,6295,11.626401901245117,12.31017780303955,0.6837759017944336,False,False
6295-244435-0031_3576-138058-0018:1,3576,9.564175605773926,9.612330436706543,0.04815483093261719,False,False
2428-83699-0037_652-130726-0004:0,2428,11.608887672424316,10.766831398010254,-0.8420562744140625,False,False
2428-83699-0037_652-130726-0004:1,652,10.804384231567383,10.04434871673584,-0.760035514831543,False,False
1988-24833-0013_6295-64301-0007:0,1988,15.882217407226562,15.965818405151367,0.08360099792480469,False,False
1988-24833-0013_6295-64301-0007:1,6295,14.093812942504883,14.00796890258789,-0.08584403991699219,False,False
5895-34629-0030_1988-147956-0021:0,5895,15.937333106994629,16.02524185180664,0.08790874481201172,False,False
5895-34629-0030_1988-147956-0021:1,1988,14.928826332092285,15.551800727844238,0.6229743957519531,False,False
1993-147149-0030_2428-83699-0034:0,1993,15.763518333435059,15.8663911819458,0.10287284851074219,False,False
1993-147149-0030_2428-83699-0034:1,2428,18.16524314880371,18.15277671813965,-0.0124664306640625,False,False
1673-143396-0014_652-129742-0002:0,1673,14.077146530151367,14.152018547058105,0.07487201690673828,False,False
1673-143396-0014_652-129742-0002:1,652,13.034607887268066,13.00634765625,-0.028260231018066406,False,False
7976-105575-0028_6345-93306-0004:0,7976,-17.418758392333984,-12.103659629821777,5.315098762512207,True,True
7976-105575-0028_6345-93306-0004:1,6345,1.6378586292266846,4.90323543548584,3.2653768062591553,False,False
5338-24640-0006_6345-93302-0001:0,5338,16.265117645263672,16.27956199645996,0.014444351196289062,False,False
5338-24640-0006_6345-93302-0001:1,6345,13.545665740966797,13.813310623168945,0.26764488220214844,False,False
1993-147149-0011_8297-275156-0002:0,1993,13.259392738342285,13.1531343460083,-0.10625839233398438,False,False
1993-147149-0011_8297-275156-0002:1,8297,12.7223539352417,12.834834098815918,0.11248016357421875,False,False
6241-61946-0017_3081-166546-0032:0,6241,8.992334365844727,8.87810230255127,-0.11423206329345703,False,False
6241-61946-0017_3081-166546-0032:1,3081,7.084662914276123,7.269332408905029,0.18466949462890625,False,False
1993-147964-0001_5536-43359-0013:0,1993,18.08072280883789,18.08642578125,0.005702972412109375,False,False
1993-147964-0001_5536-43359-0013:1,5536,13.069419860839844,13.204925537109375,0.13550567626953125,False,False
6241-66616-0001_1993-147964-0006:0,6241,10.59239387512207,10.786012649536133,0.1936187744140625,False,False
6241-66616-0001_1993-147964-0006:1,1993,16.70014190673828,16.922924041748047,0.22278213500976562,False,False
1993-147965-0002_7850-281318-0001:0,1993,17.165494918823242,17.100858688354492,-0.06463623046875,False,False
1993-147965-0002_7850-281318-0001:1,7850,16.5518798828125,14.470128059387207,-2.081751823425293,False,False
5338-284437-0007_3000-15664-0013:0,5338,17.396644592285156,17.1523494720459,-0.2442951202392578,False,False
5338-284437-0007_3000-15664-0013:1,3000,11.173772811889648,11.20338249206543,0.02960968017578125,False,False
3170-137482-0014_2412-153954-0002:0,3170,10.92142391204834,10.892807006835938,-0.028616905212402344,False,False
3170-137482-0014_2412-153954-0002:1,2412,11.303669929504395,11.520793914794922,0.21712398529052734,False,False
2277-149896-0018_2803-161169-0010:0,2277,16.26624870300293,16.22049331665039,-0.04575538635253906,False,False
2277-149896-0018_2803-161169-0010:1,2803,14.088700294494629,14.028340339660645,-0.060359954833984375,False,False
3081-166546-0046_2035-147961-0023:0,3081,10.790761947631836,9.382248878479004,-1.408513069152832,False,False
3081-166546-0046_2035-147961-0023:1,2035,10.567327499389648,10.368051528930664,-0.19927597045898438,False,False
2277-149897-0028_3081-166546-0027:0,2277,12.705263137817383,12.611482620239258,-0.093780517578125,False,False
2277-149897-0028_3081-166546-0027:1,3081,5.51948881149292,7.948451519012451,2.4289627075195312,False,False
2035-147961-0019_5536-43359-0010:0,2035,15.759288787841797,15.854872703552246,0.09558391571044922,False,False
2035-147961-0019_5536-43359-0010:1,5536,12.456058502197266,12.722400665283203,0.2663421630859375,False,False
2277-149896-0034_5338-24640-0009:0,2277,5.983551502227783,1.8615080118179321,-4.122043490409851,False,False
2277-149896-0034_5338-24640-0009:1,5338,11.432124137878418,10.65827751159668,-0.7738466262817383,False,False
777-126732-0065_3752-4943-0001:0,777,9.878211975097656,9.937610626220703,0.059398651123046875,False,False
777-126732-0065_3752-4943-0001:1,3752,14.352862358093262,14.434974670410156,0.08211231231689453,False,False
174-168635-0017_2412-153947-0006:0,174,12.881646156311035,13.03341007232666,0.151763916015625,False,False
174-168635-0017_2412-153947-0006:1,2412,13.55024242401123,13.852572441101074,0.30233001708984375,False,False
2277-149896-0022_3752-4944-0000:0,2277,13.98518180847168,13.842504501342773,-0.14267730712890625,False,False
2277-149896-0022_3752-4944-0000:1,3752,16.73957061767578,16.671382904052734,-0.06818771362304688,False,False
1462-170145-0006_174-168635-0001:0,1462,15.641016006469727,15.542476654052734,-0.09853935241699219,False,False
1462-170145-0006_174-168635-0001:1,174,15.711539268493652,15.930720329284668,0.21918106079101562,False,False
5895-34615-0010_2277-149897-0036:0,5895,14.4840669631958,14.479927062988281,-0.004139900207519531,False,False
5895-34615-0010_2277-149897-0036:1,2277,-14.887907028198242,-21.054576873779297,-6.166669845581055,True,True
1988-147956-0012_2035-152373-0002:0,1988,17.796960830688477,13.740423202514648,-4.056537628173828,False,False
1988-147956-0012_2035-152373-0002:1,2035,2.6144447326660156,-5.258905410766602,-7.873350143432617,False,False
1462-170138-0012_3576-138058-0011:0,1462,4.2066426277160645,3.505035877227783,-0.7016067504882812,False,False
1462-170138-0012_3576-138058-0011:1,3576,4.488346099853516,4.834135055541992,0.34578895568847656,False,False
1988-147956-0019_777-126732-0016:0,1988,15.183585166931152,14.955696105957031,-0.2278890609741211,False,False
1988-147956-0019_777-126732-0016:1,777,14.272250175476074,14.338132858276367,0.06588268280029297,False,False
3081-166546-0047_2277-149874-0004:0,3081,13.403164863586426,13.152443885803223,-0.2507209777832031,False,False
3081-166546-0047_2277-149874-0004:1,2277,9.538511276245117,8.981518745422363,-0.5569925308227539,False,False
2412-153954-0010_6319-57405-0005:0,2412,18.606298446655273,18.64678382873535,0.040485382080078125,False,False
2412-153954-0010_6319-57405-0005:1,6319,14.15085506439209,14.12935733795166,-0.021497726440429688,False,False
1919-142785-0025_5338-284437-0004:0,1919,16.472843170166016,16.512367248535156,0.039524078369140625,False,False
1919-142785-0025_5338-284437-0004:1,5338,14.510440826416016,14.722822189331055,0.21238136291503906,False,False
84-121550-0012_8842-302196-0009:0,84,9.077383041381836,9.900457382202148,0.8230743408203125,False,False
84-121550-0012_8842-302196-0009:1,8842,-17.792829513549805,-19.17303466796875,-1.3802051544189453,True,True
3536-8226-0026_3853-163249-0028:0,3536,10.012012481689453,10.59663200378418,0.5846195220947266,False,False
3536-8226-0026_3853-163249-0028:1,3853,-29.413990020751953,-30.253196716308594,-0.8392066955566406,True,True
652-130737-0011_3536-23268-0001:0,652,12.426371574401855,12.529149055480957,0.10277748107910156,False,False
652-130737-0011_3536-23268-0001:1,3536,11.784695625305176,11.711440086364746,-0.07325553894042969,False,False
422-122949-0006_1993-147149-0003:0,422,16.03302764892578,16.035663604736328,0.002635955810546875,False,False
422-122949-0006_1993-147149-0003:1,1993,11.727182388305664,11.794046401977539,0.066864013671875,False,False
174-84280-0012_1272-141231-0008:0,174,13.352174758911133,12.735204696655273,-0.6169700622558594,False,False
174-84280-0012_1272-141231-0008:1,1272,15.669466972351074,15.733882904052734,0.06441593170166016,False,False
6241-66616-0019_6313-76958-0009:0,6241,13.258227348327637,13.036355018615723,-0.22187232971191406,False,False
6241-66616-0019_6313-76958-0009:1,6313,15.745585441589355,15.81186580657959,0.06628036499023438,False,False
6345-64257-0009_1993-147964-0000:0,6345,16.339183807373047,16.270387649536133,-0.06879615783691406,False,False
6345-64257-0009_1993-147964-0000:1,1993,12.931921005249023,12.79342269897461,-0.13849830627441406,False,False
6345-93306-0015_2086-149220-0010:0,6345,15.044439315795898,15.001201629638672,-0.04323768615722656,False,False
6345-93306-0015_2086-149220-0010:1,2086,16.336450576782227,16.178377151489258,-0.15807342529296875,False,False
3576-138058-0001_1462-170138-0013:0,3576,14.295036315917969,10.995182991027832,-3.2998533248901367,False,False
3576-138058-0001_1462-170138-0013:1,1462,12.40402889251709,3.9359962940216064,-8.468032598495483,False,False
5895-34622-0005_2412-153947-0011:0,5895,11.781991958618164,-22.878761291503906,-34.66075325012207,False,True
5895-34622-0005_2412-153947-0011:1,2412,15.44282341003418,16.437458038330078,0.9946346282958984,False,False
2035-152373-0011_5895-34629-0008:0,2035,15.242895126342773,15.454854965209961,0.2119598388671875,False,False
2035-152373-0011_5895-34629-0008:1,5895,12.051651000976562,6.1768693923950195,-5.874781608581543,False,False
6313-76958-0014_1993-147149-0000:0,6313,14.651032447814941,14.28463077545166,-0.36640167236328125,False,False
6313-76958-0014_1993-147149-0000:1,1993,13.3870267868042,13.647367477416992,0.26034069061279297,False,False
2803-154328-0023_1272-141231-0027:0,2803,13.181344032287598,12.480635643005371,-0.7007083892822266,False,False
2803-154328-0023_1272-141231-0027:1,1272,13.099349021911621,13.577265739440918,0.4779167175292969,False,False
3536-23268-0003_5338-284437-0021:0,3536,9.686229705810547,9.877814292907715,0.19158458709716797,False,False
3536-23268-0003_5338-284437-0021:1,5338,-2.791106700897217,-7.947774410247803,-5.156667709350586,False,True
6295-244435-0025_8297-275154-0007:0,6295,-16.442615509033203,-8.049020767211914,8.393594741821289,True,True
6295-244435-0025_8297-275154-0007:1,8297,10.085984230041504,9.217090606689453,-0.8688936233520508,False,False
2277-149897-0027_8297-275154-0015:0,2277,13.35696792602539,13.328319549560547,-0.02864837646484375,False,False
2277-149897-0027_8297-275154-0015:1,8297,16.910173416137695,16.9388370513916,0.02866363525390625,False,False
3000-15664-0023_1462-170142-0028:0,3000,11.328304290771484,11.280492782592773,-0.04781150817871094,False,False
3000-15664-0023_1462-170142-0028:1,1462,14.116378784179688,14.318534851074219,0.20215606689453125,False,False
3853-163249-0012_174-84280-0002:0,3853,12.807958602905273,12.517614364624023,-0.29034423828125,False,False
3853-163249-0012_174-84280-0002:1,174,10.504638671875,10.41616439819336,-0.08847427368164062,False,False
5694-64029-0008_6295-64301-0031:0,5694,16.62034034729004,16.785667419433594,0.1653270721435547,False,False
5694-64029-0008_6295-64301-0031:1,6295,11.273542404174805,10.738624572753906,-0.5349178314208984,False,False
3000-15664-0021_174-168635-0002:0,3000,11.714655876159668,11.603861808776855,-0.1107940673828125,False,False
3000-15664-0021_174-168635-0002:1,174,14.519460678100586,14.57874870300293,0.05928802490234375,False,False
84-121123-0024_8297-275155-0016:0,84,15.472776412963867,15.676130294799805,0.2033538818359375,False,False
84-121123-0024_8297-275155-0016:1,8297,16.046403884887695,16.05974769592285,0.01334381103515625,False,False
3576-138058-0010_1462-170142-0000:0,3576,-26.015636444091797,-28.94049835205078,-2.9248619079589844,True,True
3576-138058-0010_1462-170142-0000:1,1462,15.626602172851562,15.746710777282715,0.12010860443115234,False,False
5694-64038-0015_3536-23268-0018:0,5694,10.731911659240723,10.794709205627441,0.06279754638671875,False,False
5694-64038-0015_3536-23268-0018:1,3536,16.617412567138672,16.687335968017578,0.06992340087890625,False,False
5895-34629-0028_174-50561-0011:0,5895,12.394929885864258,12.479522705078125,0.08459281921386719,False,False
5895-34629-0028_174-50561-0011:1,174,13.883028030395508,13.919588088989258,0.03656005859375,False,False
5895-34629-0024_2803-154328-0004:0,5895,19.41434669494629,19.378416061401367,-0.035930633544921875,False,False
5895-34629-0024_2803-154328-0004:1,2803,16.704166412353516,16.780242919921875,0.07607650756835938,False,False
7976-110523-0007_1673-143397-0002:0,7976,6.267401218414307,13.194884300231934,6.927483081817627,False,False
7976-110523-0007_1673-143397-0002:1,1673,9.557838439941406,9.735090255737305,0.17725181579589844,False,False
1988-148538-0012_5536-43359-0014:0,1988,14.12483024597168,14.079607963562012,-0.04522228240966797,False,False
1988-148538-0012_5536-43359-0014:1,5536,15.127265930175781,15.058697700500488,-0.06856822967529297,False,False
1462-170145-0004_5895-34629-0021:0,1462,19.851882934570312,19.9465274810791,0.09464454650878906,False,False
1462-170145-0004_5895-34629-0021:1,5895,16.571605682373047,16.730220794677734,0.1586151123046875,False,False
1462-170138-0002_3576-138058-0015:0,1462,7.938053131103516,5.136981964111328,-2.8010711669921875,False,False
1462-170138-0002_3576-138058-0015:1,3576,-0.7237234115600586,-0.6799110174179077,0.04381239414215088,False,False
2902-9006-0019_7976-105575-0010:0,2902,16.868654251098633,17.010215759277344,0.14156150817871094,False,False
2902-9006-0019_7976-105575-0010:1,7976,13.488382339477539,13.493511199951172,0.0051288604736328125,False,False
7976-105575-0018_8842-302203-0000:0,7976,3.78366756439209,-6.399169445037842,-10.182837009429932,False,False
7976-105575-0018_8842-302203-0000:1,8842,14.8323335647583,16.39706802368164,1.5647344589233398,False,False
5895-34629-0029_652-129742-0007:0,5895,12.801555633544922,12.87207317352295,0.07051753997802734,False,False
5895-34629-0029_652-129742-0007:1,652,10.852605819702148,10.999669075012207,0.1470632553100586,False,False
777-126732-0041_652-130726-0029:0,777,7.821322441101074,7.713604927062988,-0.10771751403808594,False,False
777-126732-0041_652-130726-0029:1,652,11.474325180053711,11.371243476867676,-0.10308170318603516,False,False
8297-275155-0011_3000-15664-0022:0,8297,11.35879135131836,11.428574562072754,0.06978321075439453,False,False
8297-275155-0011_3000-15664-0022:1,3000,13.70445728302002,13.623312950134277,-0.08114433288574219,False,False
3081-166546-0071_2803-161169-0007:0,3081,13.289080619812012,12.393548965454102,-0.8955316543579102,False,False
3081-166546-0071_2803-161169-0007:1,2803,7.845613956451416,7.60728120803833,-0.23833274841308594,False,False
2277-149896-0007_7976-110124-0003:0,2277,-20.174816131591797,-17.47372055053711,2.7010955810546875,True,True
2277-149896-0007_7976-110124-0003:1,7976,10.91667366027832,11.010346412658691,0.0936727523803711,False,False
8297-275155-0026_251-137823-0018:0,8297,-9.174233436584473,-4.536571502685547,4.637661933898926,True,True
8297-275155-0026_251-137823-0018:1,251,1.1391291618347168,3.062147617340088,1.923018455505371,False,False
2412-153948-0011_1272-135031-0006:0,2412,15.123276710510254,15.232157707214355,0.10888099670410156,False,False
2412-153948-0011_1272-135031-0006:1,1272,11.075340270996094,10.989704132080078,-0.08563613891601562,False,False
7976-110124-0013_6295-64301-0020:0,7976,14.905208587646484,14.874286651611328,-0.03092193603515625,False,False
7976-110124-0013_6295-64301-0020:1,6295,16.458696365356445,16.323333740234375,-0.1353626251220703,False,False
5694-64029-0014_3752-4943-0023:0,5694,17.74762725830078,17.991397857666016,0.24377059936523438,False,False
5694-64029-0014_3752-4943-0023:1,3752,19.01898765563965,19.29213523864746,0.2731475830078125,False,False
422-122949-0031_777-126732-0013:0,422,-5.566042900085449,-12.644750595092773,-7.078707695007324,False,True
422-122949-0031_777-126732-0013:1,777,12.7572021484375,12.494626998901367,-0.2625751495361328,False,False
3081-166546-0066_2428-83699-0002:0,3081,13.008477210998535,12.599733352661133,-0.40874385833740234,False,False
3081-166546-0066_2428-83699-0002:1,2428,9.587080001831055,9.54732894897461,-0.03975105285644531,False,False
5536-43363-0015_6295-64301-0021:0,5536,10.519164085388184,13.458651542663574,2.9394874572753906,False,False
5536-43363-0015_6295-64301-0021:1,6295,13.388134002685547,13.259668350219727,-0.1284656524658203,False,False
1993-147964-0004_2035-147961-0024:0,1993,5.648137092590332,5.742016792297363,0.09387969970703125,False,False
1993-147964-0004_2035-147961-0024:1,2035,8.107906341552734,8.349968910217285,0.24206256866455078,False,False
3081-166546-0072_2277-149897-0013:0,3081,6.91941499710083,7.808743953704834,0.8893289566040039,False,False
3081-166546-0072_2277-149897-0013:1,2277,13.23526382446289,13.293866157531738,0.058602333068847656,False,False
8842-302203-0003_251-137823-0025:0,8842,15.083324432373047,14.88968563079834,-0.19363880157470703,False,False
8842-302203-0003_251-137823-0025:1,251,11.741119384765625,11.775148391723633,0.03402900695800781,False,False
6313-66129-0002_1272-141231-0019:0,6313,19.52855110168457,20.050395965576172,0.5218448638916016,False,False
6313-66129-0002_1272-141231-0019:1,1272,12.885950088500977,12.912322998046875,0.026372909545898438,False,False
2428-83705-0000_6345-93306-0002:0,2428,17.507980346679688,17.657581329345703,0.14960098266601562,False,False
2428-83705-0000_6345-93306-0002:1,6345,13.76319694519043,13.876718521118164,0.11352157592773438,False,False
2412-153948-0001_251-136532-0010:0,2412,17.109111785888672,17.035585403442383,-0.07352638244628906,False,False
2412-153948-0001_251-136532-0010:1,251,9.98673152923584,10.003125190734863,0.016393661499023438,False,False
2035-152373-0014_3536-23268-0026:0,2035,-29.441640853881836,-25.17515754699707,4.266483306884766,True,True
2035-152373-0014_3536-23268-0026:1,3536,18.521549224853516,18.47199058532715,-0.04955863952636719,False,False
84-121550-0005_6319-64726-0005:0,84,11.203408241271973,12.114106178283691,0.9106979370117188,False,False
84-121550-0005_6319-64726-0005:1,6319,7.790915489196777,7.065548896789551,-0.7253665924072266,False,False
1993-147149-0014_7850-281318-0004:0,1993,15.38838005065918,15.43440055847168,0.0460205078125,False,False
1993-147149-0014_7850-281318-0004:1,7850,13.613401412963867,13.680255889892578,0.06685447692871094,False,False
3081-166546-0081_2277-149896-0026:0,3081,10.483009338378906,10.311361312866211,-0.1716480255126953,False,False
3081-166546-0081_2277-149896-0026:1,2277,7.1540846824646,7.854098320007324,0.7000136375427246,False,False
6319-64726-0012_2078-142845-0037:0,6319,17.169313430786133,17.18345069885254,0.01413726806640625,False,False
6319-64726-0012_2078-142845-0037:1,2078,16.704471588134766,16.908689498901367,0.20421791076660156,False,False
1462-170138-0000_7976-110124-0014:0,1462,11.901634216308594,12.935957908630371,1.0343236923217773,False,False
1462-170138-0000_7976-110124-0014:1,7976,13.981870651245117,3.565502882003784,-10.416367769241333,False,False
2428-83699-0012_2078-142845-0011:0,2428,11.189236640930176,9.61633014678955,-1.572906494140625,False,False
2428-83699-0012_2078-142845-0011:1,2078,-5.083927631378174,-3.0674517154693604,2.0164759159088135,True,False
2428-83699-0024_652-130726-0026:0,2428,16.1612491607666,11.976985931396484,-4.184263229370117,False,False
2428-83699-0024_652-130726-0026:1,652,10.745079040527344,10.740726470947266,-0.004352569580078125,False,False
7976-110124-0002_3536-23268-0009:0,7976,12.713064193725586,12.038179397583008,-0.6748847961425781,False,False
7976-110124-0002_3536-23268-0009:1,3536,12.893864631652832,12.089727401733398,-0.8041372299194336,False,False
6345-93302-0029_3576-138058-0034:0,6345,15.189826965332031,15.091625213623047,-0.09820175170898438,False,False
6345-93302-0029_3576-138058-0034:1,3576,4.604365348815918,3.893153190612793,-0.711212158203125,False,False
3081-166546-0023_3170-137482-0045:0,3081,7.698012351989746,7.791306495666504,0.09329414367675781,False,False
3081-166546-0023_3170-137482-0045:1,3170,11.438627243041992,11.621359825134277,0.18273258209228516,False,False
1272-135031-0024_3536-23268-0014:0,1272,13.852750778198242,13.852253913879395,-0.0004968643188476562,False,False
1272-135031-0024_3536-23268-0014:1,3536,13.63295841217041,13.677391052246094,0.044432640075683594,False,False
652-129742-0005_7976-110124-0009:0,652,14.407252311706543,14.277873992919922,-0.1293783187866211,False,False
652-129742-0005_7976-110124-0009:1,7976,15.148460388183594,15.106535911560059,-0.041924476623535156,False,False
6345-64257-0014_2803-154320-0008:0,6345,16.940340042114258,16.823026657104492,-0.11731338500976562,False,False
6345-64257-0014_2803-154320-0008:1,2803,14.341501235961914,14.367410659790039,0.025909423828125,False,False
3081-166546-0001_5338-284437-0013:0,3081,15.756149291992188,15.896204948425293,0.14005565643310547,False,False
3081-166546-0001_5338-284437-0013:1,5338,10.897649765014648,11.0836181640625,0.18596839904785156,False,False
6295-64301-0016_777-126732-0021:0,6295,13.69802474975586,14.146232604980469,0.4482078552246094,False,False
6295-64301-0016_777-126732-0021:1,777,9.36817741394043,9.591644287109375,0.2234668731689453,False,False
5895-34622-0020_2078-142845-0021:0,5895,14.383301734924316,14.477444648742676,0.09414291381835938,False,False
5895-34622-0020_2078-142845-0021:1,2078,16.96015167236328,16.704811096191406,-0.255340576171875,False,False
2277-149897-0025_2412-153954-0009:0,2277,10.770868301391602,10.820608139038086,0.049739837646484375,False,False
2277-149897-0025_2412-153954-0009:1,2412,16.252445220947266,16.417728424072266,0.165283203125,False,False
84-121123-0016_6313-66125-0010:0,84,16.1300106048584,16.240827560424805,0.11081695556640625,False,False
84-121123-0016_6313-66125-0010:1,6313,15.2578706741333,16.083341598510742,0.8254709243774414,False,False
652-130737-0003_1462-170142-0005:0,652,16.816064834594727,16.575551986694336,-0.24051284790039062,False,False
652-130737-0003_1462-170142-0005:1,1462,13.533130645751953,13.482034683227539,-0.05109596252441406,False,False
2035-152373-0016_84-121550-0016:0,2035,14.874238967895508,14.8231201171875,-0.05111885070800781,False,False
2035-152373-0016_84-121550-0016:1,84,12.535501480102539,8.596113204956055,-3.9393882751464844,False,False
3752-4943-0010_777-126732-0024:0,3752,8.84121322631836,10.034900665283203,1.1936874389648438,False,False
3752-4943-0010_777-126732-0024:1,777,10.058662414550781,8.995780944824219,-1.0628814697265625,False,False
251-136532-0001_5536-43359-0003:0,251,15.102378845214844,15.065576553344727,-0.03680229187011719,False,False
251-136532-0001_5536-43359-0003:1,5536,9.483978271484375,9.381839752197266,-0.10213851928710938,False,False
5895-34629-0012_6313-66129-0031:0,5895,13.95518684387207,14.069265365600586,0.11407852172851562,False,False
5895-34629-0012_6313-66129-0031:1,6313,9.133806228637695,9.313143730163574,0.1793375015258789,False,False
8842-302196-0007_3170-137482-0040:0,8842,13.142234802246094,12.060712814331055,-1.081521987915039,False,False
8842-302196-0007_3170-137482-0040:1,3170,14.447976112365723,14.633434295654297,0.18545818328857422,False,False
652-130726-0024_3853-163249-0003:0,652,10.400073051452637,10.223296165466309,-0.17677688598632812,False,False
652-130726-0024_3853-163249-0003:1,3853,7.528870105743408,7.259422779083252,-0.26944732666015625,False,False
2035-147960-0005_84-121123-0018:0,2035,16.974149703979492,16.95523452758789,-0.018915176391601562,False,False
2035-147960-0005_84-121123-0018:1,84,-2.964832067489624,6.653909683227539,9.618741750717163,True,False
8297-275154-0011_5694-64029-0022:0,8297,14.617521286010742,13.457581520080566,-1.1599397659301758,False,False
8297-275154-0011_5694-64029-0022:1,5694,12.305288314819336,10.793340682983398,-1.5119476318359375,False,False
2277-149874-0009_6241-66616-0012:0,2277,14.53945255279541,14.811715126037598,0.2722625732421875,False,False
2277-149874-0009_6241-66616-0012:1,6241,14.63478946685791,14.616708755493164,-0.018080711364746094,False,False
5895-34629-0026_2086-149220-0014:0,5895,18.367582321166992,18.292560577392578,-0.07502174377441406,False,False
5895-34629-0026_2086-149220-0014:1,2086,13.451377868652344,13.523309707641602,0.07193183898925781,False,False
652-130726-0022_1272-141231-0024:0,652,8.518463134765625,8.200700759887695,-0.3177623748779297,False,False
652-130726-0022_1272-141231-0024:1,1272,14.272296905517578,14.150991439819336,-0.12130546569824219,False,False
1988-147956-0027_84-121550-0028:0,1988,13.173754692077637,13.030258178710938,-0.14349651336669922,False,False
1988-147956-0027_84-121550-0028:1,84,14.207083702087402,13.965703010559082,-0.2413806915283203,False,False
6295-64301-0029_2078-142845-0047:0,6295,11.091130256652832,10.948319435119629,-0.14281082153320312,False,False
6295-64301-0029_2078-142845-0047:1,2078,9.71367073059082,3.6882498264312744,-6.025420904159546,False,False
2277-149897-0009_1462-170142-0033:0,2277,11.927387237548828,6.3588995933532715,-5.568487644195557,False,False
2277-149897-0009_1462-170142-0033:1,1462,12.540525436401367,12.58328914642334,0.042763710021972656,False,False
7976-110523-0015_5694-64029-0007:0,7976,13.661441802978516,13.681533813476562,0.020092010498046875,False,False
7976-110523-0015_5694-64029-0007:1,5694,15.538585662841797,14.822526931762695,-0.7160587310791016,False,False
2035-147961-0000_2277-149896-0011:0,2035,12.844762802124023,13.060420036315918,0.21565723419189453,False,False
2035-147961-0000_2277-149896-0011:1,2277,14.222187995910645,13.990503311157227,-0.23168468475341797,False,False
8842-302196-0001_84-121123-0020:0,8842,-17.520687103271484,-28.44620132446289,-10.925514221191406,True,True
8842-302196-0001_84-121123-0020:1,84,-14.952863693237305,-3.1864209175109863,11.766442775726318,True,True
5338-284437-0019_777-126732-0045:0,5338,17.454917907714844,17.051700592041016,-0.4032173156738281,False,False
5338-284437-0019_777-126732-0045:1,777,11.621223449707031,11.492584228515625,-0.12863922119140625,False,False
2035-152373-0010_3752-4943-0022:0,2035,14.434730529785156,14.356407165527344,-0.0783233642578125,False,False
2035-152373-0010_3752-4943-0022:1,3752,18.6650333404541,19.023386001586914,0.3583526611328125,False,False
1673-143396-0017_6241-66616-0013:0,1673,11.89311695098877,11.990846633911133,0.09772968292236328,False,False
1673-143396-0017_6241-66616-0013:1,6241,14.47481632232666,14.78740406036377,0.3125877380371094,False,False
8842-302196-0004_1272-135031-0023:0,8842,15.631660461425781,15.521129608154297,-0.11053085327148438,False,False
8842-302196-0004_1272-135031-0023:1,1272,14.01976203918457,13.915899276733398,-0.10386276245117188,False,False
8297-275155-0004_3752-4944-0001:0,8297,-15.671594619750977,-17.52322769165039,-1.851633071899414,True,True
8297-275155-0004_3752-4944-0001:1,3752,12.832967758178711,12.865478515625,0.03251075744628906,False,False
1272-135031-0007_8297-275155-0025:0,1272,6.4985504150390625,8.758615493774414,2.2600650787353516,False,False
1272-135031-0007_8297-275155-0025:1,8297,3.5479941368103027,3.256916046142578,-0.2910780906677246,False,False
1462-170138-0015_3170-137482-0005:0,1462,13.225878715515137,12.94654655456543,-0.27933216094970703,False,False
1462-170138-0015_3170-137482-0005:1,3170,11.929588317871094,12.165398597717285,0.2358102798461914,False,False
1272-141231-0010_5694-64025-0011:0,1272,13.362018585205078,13.423212051391602,0.06119346618652344,False,False
1272-141231-0010_5694-64025-0011:1,5694,14.467455863952637,14.592897415161133,0.1254415512084961,False,False
6295-244435-0029_1993-147149-0013:0,6295,14.1653413772583,14.156331062316895,-0.00901031494140625,False,False
6295-244435-0029_1993-147149-0013:1,1993,15.613699913024902,15.856343269348145,0.2426433563232422,False,False
5895-34629-0003_1993-147149-0024:0,5895,6.64187479019165,-29.464643478393555,-36.106518268585205,False,True
5895-34629-0003_1993-147149-0024:1,1993,16.841712951660156,16.872756958007812,0.03104400634765625,False,False
1919-142785-0003_7850-73752-0006:0,1919,11.197724342346191,10.742359161376953,-0.4553651809692383,False,False
1919-142785-0003_7850-73752-0006:1,7850,1.836977481842041,-0.14765644073486328,-1.9846339225769043,False,False
1272-141231-0001_2086-149220-0036:0,1272,15.882485389709473,15.800796508789062,-0.08168888092041016,False,False
1272-141231-0001_2086-149220-0036:1,2086,14.208864212036133,14.13664722442627,-0.07221698760986328,False,False
251-118436-0007_7976-105575-0002:0,251,13.621063232421875,13.469083786010742,-0.1519794464111328,False,False
251-118436-0007_7976-105575-0002:1,7976,13.70322036743164,13.68506145477295,-0.018158912658691406,False,False
3081-166546-0064_6241-66616-0014:0,3081,10.373600006103516,10.102502822875977,-0.27109718322753906,False,False
3081-166546-0064_6241-66616-0014:1,6241,7.10453462600708,6.987797260284424,-0.11673736572265625,False,False
1462-170145-0022_84-121123-0010:0,1462,2.128941059112549,7.018601417541504,4.889660358428955,False,False
1462-170145-0022_84-121123-0010:1,84,12.441848754882812,11.114171981811523,-1.327676773071289,False,False
1462-170142-0025_3752-4944-0033:0,1462,13.14621639251709,12.374248504638672,-0.771967887878418,False,False
1462-170142-0025_3752-4944-0033:1,3752,12.381999969482422,11.914993286132812,-0.4670066833496094,False,False
8297-275156-0001_7976-105575-0021:0,8297,19.312393188476562,19.443496704101562,0.131103515625,False,False
8297-275156-0001_7976-105575-0021:1,7976,13.519326210021973,13.529770851135254,0.01044464111328125,False,False
777-126732-0031_3170-137482-0038:0,777,11.167943954467773,11.32432746887207,0.15638351440429688,False,False
777-126732-0031_3170-137482-0038:1,3170,12.543038368225098,12.481762886047363,-0.061275482177734375,False,False
2277-149896-0010_1462-170138-0023:0,2277,-25.919818878173828,-18.07670783996582,7.843111038208008,True,True
2277-149896-0010_1462-170138-0023:1,1462,13.377800941467285,13.42130184173584,0.04350090026855469,False,False
6241-61946-0002_652-129742-0017:0,6241,14.351311683654785,14.857904434204102,0.5065927505493164,False,False
6241-61946-0002_652-129742-0017:1,652,8.428162574768066,8.55552864074707,0.1273660659790039,False,False
2035-147961-0035_2277-149874-0017:0,2035,11.691015243530273,10.853275299072266,-0.8377399444580078,False,False
2035-147961-0035_2277-149874-0017:1,2277,-0.6427383422851562,-1.069383144378662,-0.42664480209350586,True,True
174-168635-0003_777-126732-0056:0,174,11.264225959777832,11.265398979187012,0.0011730194091796875,False,False
174-168635-0003_777-126732-0056:1,777,11.276987075805664,11.2824125289917,0.005425453186035156,False,False
6241-66616-0022_6313-66129-0005:0,6241,15.328424453735352,14.861778259277344,-0.4666461944580078,False,False
6241-66616-0022_6313-66129-0005:1,6313,14.404570579528809,14.365679740905762,-0.038890838623046875,False,False
7850-286674-0014_2277-149874-0003:0,7850,-21.505788803100586,-21.665552139282227,-0.15976333618164062,True,True
7850-286674-0014_2277-149874-0003:1,2277,-21.557741165161133,-30.37097930908203,-8.813238143920898,True,True
652-130726-0001_6313-66125-0021:0,652,9.632716178894043,9.904290199279785,0.2715740203857422,False,False
652-130726-0001_6313-66125-0021:1,6313,17.06985092163086,17.371789932250977,0.3019390106201172,False,False
5536-43363-0008_2902-9006-0008:0,5536,15.255295753479004,14.868937492370605,-0.38635826110839844,False,False
5536-43363-0008_2902-9006-0008:1,2902,8.761993408203125,8.699529647827148,-0.06246376037597656,False,False
652-129742-0003_5895-34629-0016:0,652,15.977768898010254,15.924456596374512,-0.05331230163574219,False,False
652-129742-0003_5895-34629-0016:1,5895,13.009698867797852,12.890312194824219,-0.11938667297363281,False,False
2428-83699-0010_251-118436-0011:0,2428,17.400144577026367,17.557430267333984,0.1572856903076172,False,False
2428-83699-0010_251-118436-0011:1,251,11.208423614501953,11.241851806640625,0.033428192138671875,False,False
6295-244435-0018_2086-149220-0044:0,6295,8.118896484375,8.073339462280273,-0.04555702209472656,False,False
6295-244435-0018_2086-149220-0044:1,2086,13.355918884277344,7.370543003082275,-5.985375881195068,False,False
422-122949-0033_6241-61943-0023:0,422,13.55793285369873,13.994807243347168,0.4368743896484375,False,False
422-122949-0033_6241-61943-0023:1,6241,-14.074098587036133,-18.42226791381836,-4.348169326782227,True,True
2902-9006-0003_2803-154328-0018:0,2902,14.91836166381836,14.773744583129883,-0.14461708068847656,False,False
2902-9006-0003_2803-154328-0018:1,2803,13.328405380249023,12.969196319580078,-0.3592090606689453,False,False
7850-73752-0007_1988-148538-0003:0,7850,8.203411102294922,8.801969528198242,0.5985584259033203,False,False
7850-73752-0007_1988-148538-0003:1,1988,10.46734619140625,7.045251369476318,-3.4220948219299316,False,False
8297-275155-0019_2078-142845-0014:0,8297,16.4024658203125,16.62575912475586,0.22329330444335938,False,False
8297-275155-0019_2078-142845-0014:1,2078,14.89494514465332,14.699323654174805,-0.19562149047851562,False,False
7976-110523-0017_5895-34622-0007:0,7976,11.684980392456055,11.779388427734375,0.09440803527832031,False,False
7976-110523-0017_5895-34622-0007:1,5895,16.492692947387695,16.430055618286133,-0.0626373291015625,False,False
5694-64029-0016_3081-166546-0026:0,5694,11.761653900146484,11.905397415161133,0.14374351501464844,False,False
5694-64029-0016_3081-166546-0026:1,3081,12.642593383789062,12.816160202026367,0.1735668182373047,False,False
2428-83699-0027_174-50561-0010:0,2428,8.386981964111328,8.402043342590332,0.015061378479003906,False,False
2428-83699-0027_174-50561-0010:1,174,13.312451362609863,13.729959487915039,0.4175081253051758,False,False
3081-166546-0062_2412-153954-0024:0,3081,11.942962646484375,11.594832420349121,-0.3481302261352539,False,False
3081-166546-0062_2412-153954-0024:1,2412,9.936964988708496,9.923965454101562,-0.012999534606933594,False,False
6313-66129-0022_5694-64029-0019:0,6313,14.502337455749512,13.994430541992188,-0.5079069137573242,False,False
6313-66129-0022_5694-64029-0019:1,5694,12.614198684692383,12.84827709197998,0.23407840728759766,False,False
2086-149214-0000_6319-275224-0003:0,2086,16.400033950805664,16.435894012451172,0.03586006164550781,False,False
2086-149214-0000_6319-275224-0003:1,6319,16.54938507080078,16.468475341796875,-0.08090972900390625,False,False
2035-152373-0006_8842-302196-0011:0,2035,15.982488632202148,16.301151275634766,0.3186626434326172,False,False
2035-152373-0006_8842-302196-0011:1,8842,-30.019691467285156,-30.118751525878906,-0.09906005859375,True,True
5895-34615-0015_2428-83699-0005:0,5895,13.279499053955078,13.279654502868652,0.00015544891357421875,False,False
5895-34615-0015_2428-83699-0005:1,2428,15.265153884887695,15.279729843139648,0.014575958251953125,False,False
777-126732-0066_3000-15664-0042:0,777,12.995121002197266,12.713340759277344,-0.2817802429199219,False,False
777-126732-0066_3000-15664-0042:1,3000,10.895934104919434,10.82629680633545,-0.06963729858398438,False,False
3853-163249-0035_174-84280-0006:0,3853,13.131821632385254,13.325512886047363,0.19369125366210938,False,False
3853-163249-0035_174-84280-0006:1,174,18.412837982177734,18.483415603637695,0.07057762145996094,False,False
3752-4944-0048_2078-142845-0050:0,3752,16.54137420654297,17.099594116210938,0.5582199096679688,False,False
3752-4944-0048_2078-142845-0050:1,2078,10.991971969604492,11.08358383178711,0.09161186218261719,False,False
3081-166546-0024_422-122949-0035:0,3081,7.171360969543457,6.627094268798828,-0.5442667007446289,False,False
3081-166546-0024_422-122949-0035:1,422,6.242373466491699,5.857452392578125,-0.3849210739135742,False,False
3081-166546-0007_2035-147961-0008:0,3081,6.447328567504883,5.931792259216309,-0.5155363082885742,False,False
3081-166546-0007_2035-147961-0008:1,2035,9.099517822265625,10.418198585510254,1.318680763244629,False,False
174-84280-0010_5895-34629-0018:0,174,15.658203125,15.296239852905273,-0.36196327209472656,False,False
174-84280-0010_5895-34629-0018:1,5895,11.534616470336914,11.157526016235352,-0.3770904541015625,False,False
652-129742-0001_3081-166546-0000:0,652,10.71199893951416,10.910167694091797,0.19816875457763672,False,False
652-129742-0001_3081-166546-0000:1,3081,8.772226333618164,9.063834190368652,0.2916078567504883,False,False
5694-64038-0018_3170-137482-0043:0,5694,9.091175079345703,7.754870414733887,-1.3363046646118164,False,False
5694-64038-0018_3170-137482-0043:1,3170,12.099807739257812,12.24463939666748,0.14483165740966797,False,False
2428-83699-0033_6319-64726-0019:0,2428,12.672932624816895,12.662827491760254,-0.010105133056640625,False,False
2428-83699-0033_6319-64726-0019:1,6319,16.253170013427734,16.162107467651367,-0.09106254577636719,False,False
2078-142845-0012_84-121123-0025:0,2078,11.560667991638184,11.363913536071777,-0.19675445556640625,False,False
2078-142845-0012_84-121123-0025:1,84,15.32837963104248,15.6292724609375,0.30089282989501953,False,False
3752-4943-0024_777-126732-0054:0,3752,7.10548210144043,4.216060638427734,-2.8894214630126953,False,False
3752-4943-0024_777-126732-0054:1,777,11.925857543945312,11.744329452514648,-0.18152809143066406,False,False
7850-73752-0019_2277-149897-0005:0,7850,12.979789733886719,11.33729362487793,-1.642496109008789,False,False
7850-73752-0019_2277-149897-0005:1,2277,11.550310134887695,11.405385971069336,-0.14492416381835938,False,False
6345-64257-0016_7850-281318-0016:0,6345,12.374489784240723,12.500814437866211,0.12632465362548828,False,False
6345-64257-0016_7850-281318-0016:1,7850,-0.22109007835388184,10.465189933776855,10.686280012130737,False,False
5338-24615-0001_7850-111771-0000:0,5338,13.129013061523438,13.453292846679688,0.32427978515625,False,False
5338-24615-0001_7850-111771-0000:1,7850,14.179430961608887,6.258469581604004,-7.920961380004883,False,False
1673-143396-0002_1462-170138-0005:0,1673,15.756694793701172,15.529008865356445,-0.22768592834472656,False,False
1673-143396-0002_1462-170138-0005:1,1462,15.460287094116211,15.625279426574707,0.1649923324584961,False,False
2277-149896-0021_1919-142785-0017:0,2277,17.394390106201172,17.121870040893555,-0.2725200653076172,False,False
2277-149896-0021_1919-142785-0017:1,1919,17.85730743408203,17.398447036743164,-0.4588603973388672,False,False
1919-142785-0022_6241-61946-0021:0,1919,12.862210273742676,12.908785820007324,0.04657554626464844,False,False
1919-142785-0022_6241-61946-0021:1,6241,12.220051765441895,13.617304801940918,1.3972530364990234,False,False
6295-244435-0035_1919-142785-0054:0,6295,15.356829643249512,15.281839370727539,-0.07499027252197266,False,False
6295-244435-0035_1919-142785-0054:1,1919,15.892683029174805,15.506528854370117,-0.3861541748046875,False,False
174-168635-0016_6241-61943-0000:0,174,-0.37815654277801514,3.5660085678100586,3.9441651105880737,False,False
174-168635-0016_6241-61943-0000:1,6241,6.5064849853515625,4.344294548034668,-2.1621904373168945,False,False
3536-23268-0016_6241-61946-0008:0,3536,11.597513198852539,11.683923721313477,0.0864105224609375,False,False
3536-23268-0016_6241-61946-0008:1,6241,14.345401763916016,14.348894119262695,0.0034923553466796875,False,False
8297-275155-0002_174-84280-0008:0,8297,9.625426292419434,9.432451248168945,-0.19297504425048828,False,False
8297-275155-0002_174-84280-0008:1,174,15.175219535827637,15.191540718078613,0.016321182250976562,False,False
777-126732-0060_1993-147149-0001:0,777,14.3607759475708,14.462990760803223,0.10221481323242188,False,False
777-126732-0060_1993-147149-0001:1,1993,12.120216369628906,12.265888214111328,0.14567184448242188,False,False
7850-73752-0010_3752-4944-0051:0,7850,16.58790397644043,16.671478271484375,0.08357429504394531,False,False
7850-73752-0010_3752-4944-0051:1,3752,11.326438903808594,11.273874282836914,-0.05256462097167969,False,False
2803-161169-0006_2428-83705-0005:0,2803,11.045183181762695,11.232172012329102,0.18698883056640625,False,False
2803-161169-0006_2428-83705-0005:1,2428,15.914329528808594,15.941877365112305,0.027547836303710938,False,False
251-137823-0000_6241-61946-0006:0,251,12.699719429016113,13.011549949645996,0.3118305206298828,False,False
251-137823-0000_6241-61946-0006:1,6241,14.037741661071777,13.542196273803711,-0.4955453872680664,False,False
1272-135031-0020_422-122949-0018:0,1272,12.805273056030273,12.793572425842285,-0.011700630187988281,False,False
1272-135031-0020_422-122949-0018:1,422,10.829751968383789,11.037542343139648,0.20779037475585938,False,False
777-126732-0027_2086-149220-0008:0,777,7.713527679443359,5.822886943817139,-1.8906407356262207,False,False
777-126732-0027_2086-149220-0008:1,2086,5.105421543121338,4.486933708190918,-0.6184878349304199,False,False
3000-15664-0024_1272-128104-0001:0,3000,12.494417190551758,12.268241882324219,-0.22617530822753906,False,False
3000-15664-0024_1272-128104-0001:1,1272,8.73671817779541,8.975081443786621,0.23836326599121094,False,False
2428-83705-0043_2902-9006-0016:0,2428,16.098140716552734,16.060718536376953,-0.03742218017578125,False,False
2428-83705-0043_2902-9006-0016:1,2902,14.4784517288208,14.576014518737793,0.09756278991699219,False,False
1673-143397-0009_2078-142845-0046:0,1673,13.800835609436035,13.761292457580566,-0.03954315185546875,False,False
1673-143397-0009_2078-142845-0046:1,2078,13.214398384094238,13.074581146240234,-0.1398172378540039,False,False
777-126732-0047_6319-275224-0001:0,777,13.022767066955566,13.115497589111328,0.09273052215576172,False,False
777-126732-0047_6319-275224-0001:1,6319,14.635672569274902,14.537917137145996,-0.09775543212890625,False,False
777-126732-0015_8297-275156-0007:0,777,11.134626388549805,11.103322982788086,-0.03130340576171875,False,False
777-126732-0015_8297-275156-0007:1,8297,9.03349781036377,2.0383243560791016,-6.995173454284668,False,False
7850-73752-0009_2086-149220-0040:0,7850,10.181346893310547,2.9281258583068848,-7.253221035003662,False,False
7850-73752-0009_2086-149220-0040:1,2086,16.42384147644043,15.989291191101074,-0.43455028533935547,False,False
8842-302196-0006_2803-161169-0012:0,8842,12.096220970153809,14.674283981323242,2.5780630111694336,False,False
8842-302196-0006_2803-161169-0012:1,2803,11.045025825500488,11.312779426574707,0.26775360107421875,False,False
5694-64038-0021_2035-147961-0013:0,5694,14.518320083618164,14.123908996582031,-0.3944110870361328,False,False
5694-64038-0021_2035-147961-0013:1,2035,12.90628719329834,13.388036727905273,0.4817495346069336,False,False
6313-66129-0004_3000-15664-0012:0,6313,18.585031509399414,18.547143936157227,-0.0378875732421875,False,False
6313-66129-0004_3000-15664-0012:1,3000,15.37114143371582,15.256973266601562,-0.11416816711425781,False,False
3081-166546-0086_1673-143397-0004:0,3081,-0.18488168716430664,-1.8475863933563232,-1.6627047061920166,False,False
3081-166546-0086_1673-143397-0004:1,1673,9.992115020751953,10.84554672241211,0.8534317016601562,False,False
8297-275155-0003_1462-170138-0027:0,8297,16.966754913330078,16.94050407409668,-0.026250839233398438,False,False
8297-275155-0003_1462-170138-0027:1,1462,14.47555160522461,14.603912353515625,0.12836074829101562,False,False
6319-64726-0006_1919-142785-0038:0,6319,1.9683780670166016,-5.2147369384765625,-7.183115005493164,False,False
6319-64726-0006_1919-142785-0038:1,1919,11.496877670288086,12.301393508911133,0.8045158386230469,False,False
8842-302201-0015_1919-142785-0010:0,8842,14.406137466430664,14.304879188537598,-0.1012582778930664,False,False
8842-302201-0015_1919-142785-0010:1,1919,11.576994895935059,11.973482131958008,0.3964872360229492,False,False
251-118436-0008_6241-61946-0020:0,251,14.168111801147461,14.170047760009766,0.0019359588623046875,False,False
251-118436-0008_6241-61946-0020:1,6241,14.865765571594238,14.816961288452148,-0.048804283142089844,False,False
2428-83705-0012_652-130726-0000:0,2428,12.80679702758789,12.81412124633789,0.00732421875,False,False
2428-83705-0012_652-130726-0000:1,652,13.775936126708984,13.775951385498047,1.52587890625e-05,False,False
6345-93306-0001_1988-24833-0015:0,6345,13.744688034057617,13.652843475341797,-0.09184455871582031,False,False
6345-93306-0001_1988-24833-0015:1,1988,11.451745986938477,11.398687362670898,-0.053058624267578125,False,False
251-137823-0006_777-126732-0038:0,251,11.140113830566406,9.696166038513184,-1.4439477920532227,False,False
251-137823-0006_777-126732-0038:1,777,10.8316068649292,10.91261100769043,0.08100414276123047,False,False
3752-4944-0043_777-126732-0010:0,3752,10.936657905578613,8.815749168395996,-2.120908737182617,False,False
3752-4944-0043_777-126732-0010:1,777,12.482089042663574,12.313802719116211,-0.16828632354736328,False,False
6319-64726-0000_3853-163249-0047:0,6319,13.366111755371094,13.790792465209961,0.4246807098388672,False,False
6319-64726-0000_3853-163249-0047:1,3853,11.443443298339844,11.495161056518555,0.05171775817871094,False,False
251-137823-0021_8842-302201-0011:0,251,14.678403854370117,14.69734001159668,0.0189361572265625,False,False
251-137823-0021_8842-302201-0011:1,8842,16.8203067779541,16.91067123413086,0.09036445617675781,False,False
3081-166546-0017_1988-24833-0018:0,3081,4.431391716003418,4.30446720123291,-0.1269245147705078,False,False
3081-166546-0017_1988-24833-0018:1,1988,8.824098587036133,8.301644325256348,-0.5224542617797852,False,False
6319-57405-0004_8297-275154-0000:0,6319,15.817317962646484,15.695409774780273,-0.12190818786621094,False,False
6319-57405-0004_8297-275154-0000:1,8297,11.657718658447266,11.713769912719727,0.05605125427246094,False,False
3752-4944-0032_5536-43358-0019:0,3752,10.09231185913086,10.195785522460938,0.10347366333007812,False,False
3752-4944-0032_5536-43358-0019:1,5536,13.86361026763916,13.652632713317871,-0.21097755432128906,False,False
3536-8226-0010_2078-142845-0035:0,3536,12.451155662536621,12.72937297821045,0.2782173156738281,False,False
3536-8226-0010_2078-142845-0035:1,2078,14.27299690246582,11.632856369018555,-2.6401405334472656,False,False
2803-161169-0011_8297-275155-0018:0,2803,2.8749380111694336,3.5039196014404297,0.6289815902709961,False,False
2803-161169-0011_8297-275155-0018:1,8297,3.744807481765747,2.2405622005462646,-1.5042452812194824,False,False
3000-15664-0027_2902-9006-0012:0,3000,17.351024627685547,17.555042266845703,0.20401763916015625,False,False
3000-15664-0027_2902-9006-0012:1,2902,12.179458618164062,12.376401901245117,0.1969432830810547,False,False
2086-149220-0000_3536-8226-0022:0,2086,17.105907440185547,17.13833236694336,0.0324249267578125,False,False
2086-149220-0000_3536-8226-0022:1,3536,13.816083908081055,13.792591094970703,-0.023492813110351562,False,False
1919-142785-0053_3000-15664-0015:0,1919,15.951550483703613,16.161069869995117,0.2095193862915039,False,False
1919-142785-0053_3000-15664-0015:1,3000,11.11625862121582,11.358993530273438,0.2427349090576172,False,False
1988-148538-0004_777-126732-0008:0,1988,12.288947105407715,11.966466903686523,-0.3224802017211914,False,False
1988-148538-0004_777-126732-0008:1,777,15.271557807922363,15.463674545288086,0.19211673736572266,False,False
174-168635-0007_5694-64029-0003:0,174,11.593928337097168,12.058517456054688,0.46458911895751953,False,False
174-168635-0007_5694-64029-0003:1,5694,13.501189231872559,13.592812538146973,0.09162330627441406,False,False
3752-4944-0021_1462-170142-0010:0,3752,19.8068904876709,19.8156795501709,0.0087890625,False,False
3752-4944-0021_1462-170142-0010:1,1462,16.559429168701172,16.620986938476562,0.061557769775390625,False,False
3576-138058-0008_6295-244435-0010:0,3576,8.590120315551758,9.643180847167969,1.053060531616211,False,False
3576-138058-0008_6295-244435-0010:1,6295,6.023065567016602,8.690911293029785,2.6678457260131836,False,False
777-126732-0064_3853-163249-0001:0,777,11.131328582763672,11.256092071533203,0.12476348876953125,False,False
777-126732-0064_3853-163249-0001:1,3853,16.367931365966797,16.332481384277344,-0.035449981689453125,False,False
652-130726-0019_5536-43359-0002:0,652,16.002193450927734,15.855997085571289,-0.1461963653564453,False,False
652-130726-0019_5536-43359-0002:1,5536,8.999185562133789,8.905105590820312,-0.09407997131347656,False,False
2277-149897-0022_1919-142785-0002:0,2277,12.844900131225586,12.416238784790039,-0.4286613464355469,False,False
2277-149897-0022_1919-142785-0002:1,1919,14.887269973754883,15.019777297973633,0.13250732421875,False,False
2428-83699-0018_2086-149220-0048:0,2428,12.5809907913208,12.772462844848633,0.19147205352783203,False,False
2428-83699-0018_2086-149220-0048:1,2086,8.196820259094238,9.908849716186523,1.7120294570922852,False,False
8297-275154-0020_1272-141231-0028:0,8297,-3.689990997314453,-1.855067253112793,1.8349237442016602,True,True
8297-275154-0020_1272-141231-0028:1,1272,6.1586713790893555,6.274041175842285,0.11536979675292969,False,False
3752-4943-0002_1462-170138-0017:0,3752,16.675079345703125,16.473478317260742,-0.2016010284423828,False,False
3752-4943-0002_1462-170138-0017:1,1462,12.529502868652344,12.41165542602539,-0.11784744262695312,False,False
6345-64257-0004_777-126732-0002:0,6345,12.99638557434082,13.036882400512695,0.040496826171875,False,False
6345-64257-0004_777-126732-0002:1,777,9.705883026123047,9.681425094604492,-0.024457931518554688,False,False
5895-34615-0014_2428-83699-0016:0,5895,14.531709671020508,14.477210998535156,-0.05449867248535156,False,False
5895-34615-0014_2428-83699-0016:1,2428,10.25308609008789,10.093096733093262,-0.1599893569946289,False,False
2428-83705-0028_3752-4943-0028:0,2428,13.520455360412598,13.629486083984375,0.10903072357177734,False,False
2428-83705-0028_3752-4943-0028:1,3752,13.887469291687012,13.799103736877441,-0.08836555480957031,False,False
3752-4944-0035_2277-149896-0032:0,3752,17.857345581054688,17.769264221191406,-0.08808135986328125,False,False
3752-4944-0035_2277-149896-0032:1,2277,15.554527282714844,15.635311126708984,0.08078384399414062,False,False
174-84280-0014_1988-24833-0023:0,174,-15.515219688415527,-7.206470489501953,8.308749198913574,True,True
174-84280-0014_1988-24833-0023:1,1988,14.886839866638184,15.343561172485352,0.45672130584716797,False,False
422-122949-0021_2428-83699-0013:0,422,10.599760055541992,11.205798149108887,0.6060380935668945,False,False
422-122949-0021_2428-83699-0013:1,2428,11.760292053222656,11.689570426940918,-0.07072162628173828,False,False
174-168635-0022_6295-244435-0012:0,174,14.524650573730469,14.483468055725098,-0.041182518005371094,False,False
174-168635-0022_6295-244435-0012:1,6295,9.021946907043457,9.341745376586914,0.31979846954345703,False,False
7976-105575-0008_7850-73752-0015:0,7976,17.71051597595215,17.52117919921875,-0.18933677673339844,False,False
7976-105575-0008_7850-73752-0015:1,7850,12.389537811279297,12.446123123168945,0.05658531188964844,False,False
3536-8226-0031_1993-147149-0005:0,3536,19.44468879699707,19.51163101196289,0.06694221496582031,False,False
3536-8226-0031_1993-147149-0005:1,1993,14.224520683288574,14.110272407531738,-0.11424827575683594,False,False
1993-147964-0003_3752-4944-0066:0,1993,17.445674896240234,17.42159080505371,-0.024084091186523438,False,False
1993-147964-0003_3752-4944-0066:1,3752,16.83944320678711,16.812931060791016,-0.02651214599609375,False,False
1462-170142-0021_652-130726-0013:0,1462,12.766403198242188,12.43844985961914,-0.3279533386230469,False,False
1462-170142-0021_652-130726-0013:1,652,16.248947143554688,16.2930908203125,0.0441436767578125,False,False
5895-34622-0001_7850-281318-0023:0,5895,14.84524154663086,15.297383308410645,0.45214176177978516,False,False
5895-34622-0001_7850-281318-0023:1,7850,13.596526145935059,15.77895736694336,2.182431221008301,False,False
1919-142785-0043_2035-152373-0018:0,1919,11.827313423156738,11.851778984069824,0.024465560913085938,False,False
1919-142785-0043_2035-152373-0018:1,2035,14.826921463012695,14.737438201904297,-0.08948326110839844,False,False
174-168635-0009_3170-137482-0023:0,174,7.805696964263916,8.484222412109375,0.678525447845459,False,False
174-168635-0009_3170-137482-0023:1,3170,10.166854858398438,11.364887237548828,1.1980323791503906,False,False
5338-284437-0016_5536-43363-0003:0,5338,15.949362754821777,16.18242835998535,0.23306560516357422,False,False
5338-284437-0016_5536-43363-0003:1,5536,14.347521781921387,14.686144828796387,0.338623046875,False,False
3081-166546-0010_6319-57405-0000:0,3081,14.523111343383789,14.608545303344727,0.0854339599609375,False,False
3081-166546-0010_6319-57405-0000:1,6319,-7.177360534667969,-8.738129615783691,-1.5607690811157227,False,False
2086-149220-0026_3576-138058-0025:0,2086,14.63014030456543,14.922632217407227,0.2924919128417969,False,False
2086-149220-0026_3576-138058-0025:1,3576,15.182415008544922,15.000776290893555,-0.1816387176513672,False,False
6295-244435-0003_1272-135031-0008:0,6295,10.797270774841309,10.957762718200684,0.160491943359375,False,False
6295-244435-0003_1272-135031-0008:1,1272,18.323623657226562,18.541950225830078,0.21832656860351562,False,False
1919-142785-0014_8842-302203-0002:0,1919,11.306602478027344,11.292572021484375,-0.01403045654296875,False,False
1919-142785-0014_8842-302203-0002:1,8842,17.169401168823242,17.124954223632812,-0.04444694519042969,False,False
3576-138058-0023_2412-153954-0019:0,3576,16.898868560791016,16.98123550415039,0.082366943359375,False,False
3576-138058-0023_2412-153954-0019:1,2412,19.45494842529297,19.432645797729492,-0.022302627563476562,False,False
1272-141231-0014_6313-76958-0023:0,1272,17.3327579498291,17.29228401184082,-0.04047393798828125,False,False
1272-141231-0014_6313-76958-0023:1,6313,19.904870986938477,20.37925148010254,0.4743804931640625,False,False
2428-83705-0040_2412-153947-0002:0,2428,17.635446548461914,17.76618003845215,0.13073348999023438,False,False
2428-83705-0040_2412-153947-0002:1,2412,15.79224681854248,15.749720573425293,-0.0425262451171875,False,False
6313-66129-0001_6295-244435-0007:0,6313,19.231901168823242,19.21787452697754,-0.014026641845703125,False,False
6313-66129-0001_6295-244435-0007:1,6295,4.399299144744873,3.607910633087158,-0.7913885116577148,False,False
1988-147956-0007_1919-142785-0044:0,1988,17.29425048828125,17.206235885620117,-0.08801460266113281,False,False
1988-147956-0007_1919-142785-0044:1,1919,12.922182083129883,12.978193283081055,0.056011199951171875,False,False
2902-9006-0000_3536-23268-0020:0,2902,15.656765937805176,15.913413047790527,0.25664710998535156,False,False
2902-9006-0000_3536-23268-0020:1,3536,12.38427734375,11.647014617919922,-0.7372627258300781,False,False
6295-244435-0039_8842-302201-0003:0,6295,17.51203155517578,17.726455688476562,0.21442413330078125,False,False
6295-244435-0039_8842-302201-0003:1,8842,12.41748332977295,12.450098991394043,0.03261566162109375,False,False
6345-64257-0000_6241-61946-0011:0,6345,14.386558532714844,14.279382705688477,-0.10717582702636719,False,False
6345-64257-0000_6241-61946-0011:1,6241,12.0947904586792,11.992049217224121,-0.10274124145507812,False,False
2428-83705-0016_8297-275156-0013:0,2428,15.292412757873535,15.299527168273926,0.007114410400390625,False,False
2428-83705-0016_8297-275156-0013:1,8297,13.507107734680176,13.5784912109375,0.07138347625732422,False,False
6319-275224-0010_2078-142845-0017:0,6319,9.082879066467285,9.230201721191406,0.1473226547241211,False,False
6319-275224-0010_2078-142845-0017:1,2078,14.662644386291504,14.10195541381836,-0.5606889724731445,False,False
8842-302201-0000_2803-161169-0001:0,8842,17.32891845703125,17.10819435119629,-0.22072410583496094,False,False
8842-302201-0000_2803-161169-0001:1,2803,16.212491989135742,16.238338470458984,0.025846481323242188,False,False
5895-34615-0020_251-118436-0020:0,5895,19.32464027404785,19.223308563232422,-0.10133171081542969,False,False
5895-34615-0020_251-118436-0020:1,251,13.213144302368164,13.259021759033203,0.04587745666503906,False,False
2428-83705-0014_3853-163249-0004:0,2428,13.877041816711426,13.87828254699707,0.0012407302856445312,False,False
2428-83705-0014_3853-163249-0004:1,3853,12.176506042480469,12.125399589538574,-0.05110645294189453,False,False
3853-163249-0024_2803-161169-0013:0,3853,13.313271522521973,13.23309326171875,-0.08017826080322266,False,False
3853-163249-0024_2803-161169-0013:1,2803,15.478586196899414,15.593145370483398,0.11455917358398438,False,False
2277-149897-0000_5338-284437-0009:0,2277,-19.675060272216797,17.31704330444336,36.992103576660156,True,False
2277-149897-0000_5338-284437-0009:1,5338,-33.07195281982422,-33.827980041503906,-0.7560272216796875,True,True
6295-64301-0022_84-121550-0011:0,6295,17.676118850708008,17.506404876708984,-0.16971397399902344,False,False
6295-64301-0022_84-121550-0011:1,84,13.274516105651855,13.454277992248535,0.1797618865966797,False,False
6319-64726-0009_652-130737-0010:0,6319,15.356689453125,15.481443405151367,0.12475395202636719,False,False
6319-64726-0009_652-130737-0010:1,652,12.638153076171875,12.666400909423828,0.028247833251953125,False,False
777-126732-0050_6319-275224-0016:0,777,11.274434089660645,11.151443481445312,-0.12299060821533203,False,False
777-126732-0050_6319-275224-0016:1,6319,13.532755851745605,13.654888153076172,0.1221323013305664,False,False
2035-147961-0036_2428-83705-0015:0,2035,15.942662239074707,15.95793628692627,0.0152740478515625,False,False
2035-147961-0036_2428-83705-0015:1,2428,16.437368392944336,16.434749603271484,-0.0026187896728515625,False,False
2412-153948-0002_2902-9008-0000:0,2412,17.569011688232422,17.454559326171875,-0.11445236206054688,False,False
2412-153948-0002_2902-9008-0000:1,2902,21.59452247619629,21.532052993774414,-0.062469482421875,False,False
2428-83705-0006_2035-147960-0012:0,2428,13.513517379760742,13.86744213104248,0.3539247512817383,False,False
2428-83705-0006_2035-147960-0012:1,2035,12.784146308898926,13.108443260192871,0.3242969512939453,False,False
6313-66129-0013_7850-111771-0004:0,6313,13.699995994567871,13.538111686706543,-0.16188430786132812,False,False
6313-66129-0013_7850-111771-0004:1,7850,-26.41931915283203,-25.98768424987793,0.43163490295410156,True,True
1673-143397-0014_1988-147956-0029:0,1673,14.148209571838379,14.063339233398438,-0.0848703384399414,False,False
1673-143397-0014_1988-147956-0029:1,1988,14.296841621398926,13.848657608032227,-0.4481840133666992,False,False
3081-166546-0061_5895-34622-0013:0,3081,-2.0005288124084473,-0.3486309051513672,1.65189790725708,False,False
3081-166546-0061_5895-34622-0013:1,5895,10.457366943359375,10.979043960571289,0.5216770172119141,False,False
3536-23268-0004_6295-64301-0028:0,3536,7.946415424346924,7.857023239135742,-0.08939218521118164,False,False
3536-23268-0004_6295-64301-0028:1,6295,8.263866424560547,7.933809280395508,-0.33005714416503906,False,False
251-136532-0011_174-168635-0000:0,251,11.791296005249023,11.961282730102539,0.16998672485351562,False,False
251-136532-0011_174-168635-0000:1,174,13.379785537719727,13.4508695602417,0.07108402252197266,False,False
6313-66129-0024_777-126732-0053:0,6313,13.241148948669434,13.203727722167969,-0.037421226501464844,False,False
6313-66129-0024_777-126732-0053:1,777,15.619030952453613,15.691725730895996,0.07269477844238281,False,False
3752-4944-0069_1988-148538-0013:0,3752,15.7489013671875,15.664424896240234,-0.08447647094726562,False,False
3752-4944-0069_1988-148538-0013:1,1988,18.927505493164062,18.87449836730957,-0.05300712585449219,False,False
2086-149220-0046_6345-93306-0007:0,2086,15.124523162841797,15.285259246826172,0.160736083984375,False,False
2086-149220-0046_6345-93306-0007:1,6345,15.512951850891113,15.927936553955078,0.41498470306396484,False,False
5895-34622-0006_251-118436-0022:0,5895,18.436927795410156,16.383777618408203,-2.053150177001953,False,False
5895-34622-0006_251-118436-0022:1,251,9.928656578063965,10.122746467590332,0.1940898895263672,False,False
2428-83705-0024_3752-4944-0017:0,2428,15.11412525177002,15.13160514831543,0.017479896545410156,False,False
2428-83705-0024_3752-4944-0017:1,3752,15.625911712646484,15.839820861816406,0.21390914916992188,False,False
2803-154320-0002_1988-147956-0006:0,2803,15.516743659973145,15.44473934173584,-0.07200431823730469,False,False
2803-154320-0002_1988-147956-0006:1,1988,15.378021240234375,16.313322067260742,0.9353008270263672,False,False
652-129742-0000_8297-275154-0013:0,652,14.4280424118042,14.162341117858887,-0.2657012939453125,False,False
652-129742-0000_8297-275154-0013:1,8297,13.349161148071289,14.301050186157227,0.9518890380859375,False,False
8297-275156-0012_8842-304647-0009:0,8297,13.628339767456055,13.489592552185059,-0.1387472152709961,False,False
8297-275156-0012_8842-304647-0009:1,8842,13.092691421508789,13.101680755615234,0.008989334106445312,False,False
2035-147961-0029_777-126732-0030:0,2035,14.940027236938477,15.137004852294922,0.1969776153564453,False,False
2035-147961-0029_777-126732-0030:1,777,13.909798622131348,13.820493698120117,-0.08930492401123047,False,False
8297-275154-0027_1919-142785-0045:0,8297,10.570533752441406,9.950010299682617,-0.6205234527587891,False,False
8297-275154-0027_1919-142785-0045:1,1919,14.69221305847168,14.72566032409668,0.033447265625,False,False
652-130737-0009_6241-61943-0008:0,652,10.90749740600586,10.763267517089844,-0.14422988891601562,False,False
652-130737-0009_6241-61943-0008:1,6241,-19.217378616333008,-19.12449073791504,0.09288787841796875,True,True
6313-66129-0014_5694-64038-0004:0,6313,11.54252815246582,11.778969764709473,0.23644161224365234,False,False
6313-66129-0014_5694-64038-0004:1,5694,15.020615577697754,15.013139724731445,-0.007475852966308594,False,False
6319-57405-0008_1988-147956-0015:0,6319,14.446405410766602,14.072257041931152,-0.3741483688354492,False,False
6319-57405-0008_1988-147956-0015:1,1988,10.553397178649902,10.86683177947998,0.3134346008300781,False,False
7976-105575-0007_251-118436-0016:0,7976,11.363814353942871,11.776948928833008,0.4131345748901367,False,False
7976-105575-0007_251-118436-0016:1,251,14.661104202270508,14.737239837646484,0.07613563537597656,False,False
1462-170142-0031_6345-93302-0016:0,1462,19.492198944091797,19.647907257080078,0.15570831298828125,False,False
1462-170142-0031_6345-93302-0016:1,6345,13.178022384643555,13.069019317626953,-0.10900306701660156,False,False
1988-147956-0005_251-137823-0007:0,1988,13.528878211975098,13.440837860107422,-0.08804035186767578,False,False
1988-147956-0005_251-137823-0007:1,251,14.46245002746582,14.493406295776367,0.030956268310546875,False,False
3752-4944-0068_6345-64257-0006:0,3752,15.96964168548584,15.912620544433594,-0.057021141052246094,False,False
3752-4944-0068_6345-64257-0006:1,6345,15.929764747619629,15.891974449157715,-0.03779029846191406,False,False
2412-153954-0021_2277-149897-0014:0,2412,18.882850646972656,18.903945922851562,0.02109527587890625,False,False
2412-153954-0021_2277-149897-0014:1,2277,11.861940383911133,11.911691665649414,0.04975128173828125,False,False
3752-4944-0025_5536-43359-0017:0,3752,16.36020278930664,16.28904151916504,-0.07116127014160156,False,False
3752-4944-0025_5536-43359-0017:1,5536,12.78492546081543,12.814756393432617,0.0298309326171875,False,False
3752-4943-0012_1272-128104-0002:0,3752,8.6199369430542,8.762548446655273,0.14261150360107422,False,False
3752-4943-0012_1272-128104-0002:1,1272,3.0188302993774414,2.21197509765625,-0.8068552017211914,False,False
8297-275156-0004_5694-64025-0006:0,8297,1.220930576324463,-2.395022392272949,-3.615952968597412,False,False
8297-275156-0004_5694-64025-0006:1,5694,2.2206239700317383,6.63094425201416,4.410320281982422,False,False
3000-15664-0000_174-168635-0015:0,3000,8.462895393371582,8.77609920501709,0.3132038116455078,False,False
3000-15664-0000_174-168635-0015:1,174,15.974543571472168,16.111862182617188,0.13731861114501953,False,False
1272-141231-0002_2277-149874-0000:0,1272,15.031681060791016,15.14394760131836,0.11226654052734375,False,False
1272-141231-0002_2277-149874-0000:1,2277,15.156611442565918,14.98087215423584,-0.17573928833007812,False,False
6313-76958-0007_3000-15664-0043:0,6313,12.315998077392578,12.303918838500977,-0.012079238891601562,False,False
6313-76958-0007_3000-15664-0043:1,3000,16.294551849365234,16.300235748291016,0.00568389892578125,False,False
1272-135031-0017_5338-284437-0027:0,1272,11.997032165527344,11.879018783569336,-0.11801338195800781,False,False
1272-135031-0017_5338-284437-0027:1,5338,19.051586151123047,18.98048973083496,-0.07109642028808594,False,False
2086-149220-0049_2277-149896-0015:0,2086,13.224489212036133,13.38859748840332,0.1641082763671875,False,False
2086-149220-0049_2277-149896-0015:1,2277,15.371294021606445,15.357198715209961,-0.014095306396484375,False,False
6345-93302-0026_5338-24615-0014:0,6345,12.83892822265625,13.152725219726562,0.3137969970703125,False,False
6345-93302-0026_5338-24615-0014:1,5338,13.008405685424805,7.648365497589111,-5.360040187835693,False,False
5694-64029-0005_1993-147149-0017:0,5694,11.635053634643555,11.673946380615234,0.03889274597167969,False,False
5694-64029-0005_1993-147149-0017:1,1993,12.898712158203125,12.73093318939209,-0.16777896881103516,False,False
251-118436-0001_2428-83705-0020:0,251,2.918292999267578,6.500373363494873,3.582080364227295,False,False
251-118436-0001_2428-83705-0020:1,2428,9.719320297241211,7.04688024520874,-2.6724400520324707,False,False
3081-166546-0058_7976-110124-0024:0,3081,8.546879768371582,7.224635601043701,-1.3222441673278809,False,False
3081-166546-0058_7976-110124-0024:1,7976,8.797442436218262,10.514657974243164,1.7172155380249023,False,False
3576-138058-0038_251-118436-0013:0,3576,12.679521560668945,12.960077285766602,0.28055572509765625,False,False
3576-138058-0038_251-118436-0013:1,251,14.523645401000977,14.177030563354492,-0.3466148376464844,False,False
6345-93306-0016_8842-302201-0006:0,6345,15.574681282043457,15.70130443572998,0.12662315368652344,False,False
6345-93306-0016_8842-302201-0006:1,8842,11.777451515197754,11.822432518005371,0.04498100280761719,False,False
1272-141231-0025_251-136532-0005:0,1272,10.016359329223633,9.872032165527344,-0.14432716369628906,False,False
1272-141231-0025_251-136532-0005:1,251,8.63874340057373,8.173418045043945,-0.46532535552978516,False,False
1919-142785-0041_3081-166546-0059:0,1919,6.036401748657227,-0.6340456008911133,-6.67044734954834,False,False
1919-142785-0041_3081-166546-0059:1,3081,15.652090072631836,15.840965270996094,0.1888751983642578,False,False
174-84280-0005_2035-147960-0009:0,174,10.148937225341797,8.954157829284668,-1.194779396057129,False,False
174-84280-0005_2035-147960-0009:1,2035,14.483288764953613,14.468839645385742,-0.014449119567871094,False,False
5694-64029-0024_652-130726-0016:0,5694,13.128816604614258,12.902219772338867,-0.22659683227539062,False,False
5694-64029-0024_652-130726-0016:1,652,11.111211776733398,10.95380973815918,-0.15740203857421875,False,False
1988-147956-0011_5694-64025-0020:0,1988,13.554696083068848,13.7459716796875,0.19127559661865234,False,False
1988-147956-0011_5694-64025-0020:1,5694,12.321028709411621,11.697938919067383,-0.6230897903442383,False,False
5338-24640-0005_3000-15664-0046:0,5338,16.624826431274414,16.72848892211914,0.10366249084472656,False,False
5338-24640-0005_3000-15664-0046:1,3000,16.69354820251465,16.61200714111328,-0.08154106140136719,False,False
174-168635-0010_6313-66129-0026:0,174,12.741924285888672,12.7968168258667,0.054892539978027344,False,False
174-168635-0010_6313-66129-0026:1,6313,12.181303977966309,12.227458953857422,0.04615497589111328,False,False
5694-64038-0017_3853-163249-0043:0,5694,14.193255424499512,14.207106590270996,0.013851165771484375,False,False
5694-64038-0017_3853-163249-0043:1,3853,18.087339401245117,18.044233322143555,-0.0431060791015625,False,False
7850-281318-0002_1993-147965-0006:0,7850,17.747112274169922,17.672977447509766,-0.07413482666015625,False,False
7850-281318-0002_1993-147965-0006:1,1993,19.203908920288086,19.159469604492188,-0.04443931579589844,False,False
6313-76958-0018_84-121550-0022:0,6313,10.184450149536133,19.29827880859375,9.113828659057617,False,False
6313-76958-0018_84-121550-0022:1,84,14.816753387451172,14.928237915039062,0.11148452758789062,False,False
3081-166546-0034_5895-34629-0011:0,3081,13.68521785736084,13.836158752441406,0.1509408950805664,False,False
3081-166546-0034_5895-34629-0011:1,5895,8.123968124389648,8.634748458862305,0.5107803344726562,False,False
1462-170138-0016_3752-4944-0039:0,1462,11.51832389831543,11.701810836791992,0.1834869384765625,False,False
1462-170138-0016_3752-4944-0039:1,3752,19.07483673095703,19.073741912841797,-0.001094818115234375,False,False
5338-284437-0017_1272-135031-0001:0,5338,17.235675811767578,17.31464958190918,0.07897377014160156,False,False
5338-284437-0017_1272-135031-0001:1,1272,13.068395614624023,12.828535079956055,-0.23986053466796875,False,False
84-121550-0001_5895-34615-0003:0,84,13.486997604370117,13.363555908203125,-0.12344169616699219,False,False
84-121550-0001_5895-34615-0003:1,5895,16.72072410583496,16.567768096923828,-0.1529560089111328,False,False
6241-66616-0010_652-130737-0001:0,6241,4.786935806274414,2.0090675354003906,-2.7778682708740234,False,False
6241-66616-0010_652-130737-0001:1,652,11.698533058166504,11.938837051391602,0.24030399322509766,False,False
7850-286674-0005_2428-83699-0026:0,7850,8.655052185058594,8.953634262084961,0.2985820770263672,False,False
7850-286674-0005_2428-83699-0026:1,2428,13.188909530639648,11.378768920898438,-1.810140609741211,False,False
3752-4944-0054_6241-61943-0014:0,3752,16.2515869140625,16.262784957885742,0.011198043823242188,False,False
3752-4944-0054_6241-61943-0014:1,6241,15.105762481689453,14.999374389648438,-0.10638809204101562,False,False
2412-153948-0009_2086-149220-0022:0,2412,16.34552001953125,16.26203727722168,-0.08348274230957031,False,False
2412-153948-0009_2086-149220-0022:1,2086,15.091547966003418,15.03482723236084,-0.056720733642578125,False,False
3081-166546-0079_6295-244435-0030:0,3081,8.859699249267578,8.521735191345215,-0.3379640579223633,False,False
3081-166546-0079_6295-244435-0030:1,6295,5.780956745147705,5.614426136016846,-0.16653060913085938,False,False
8297-275156-0003_2277-149896-0024:0,8297,13.166587829589844,13.118632316589355,-0.04795551300048828,False,False
8297-275156-0003_2277-149896-0024:1,2277,15.309992790222168,15.394197463989258,0.08420467376708984,False,False
2086-149220-0037_6313-76958-0011:0,2086,12.109055519104004,12.073976516723633,-0.035079002380371094,False,False
2086-149220-0037_6313-76958-0011:1,6313,13.267965316772461,13.220702171325684,-0.047263145446777344,False,False
2035-147961-0039_3536-8226-0000:0,2035,9.005224227905273,8.909357070922852,-0.09586715698242188,False,False
2035-147961-0039_3536-8226-0000:1,3536,15.5880765914917,15.226887702941895,-0.3611888885498047,False,False
2412-153954-0005_3170-137482-0021:0,2412,17.084308624267578,16.999574661254883,-0.08473396301269531,False,False
2412-153954-0005_3170-137482-0021:1,3170,14.031400680541992,13.962478637695312,-0.06892204284667969,False,False
777-126732-0025_6345-93302-0023:0,777,17.268447875976562,17.13953971862793,-0.1289081573486328,False,False
777-126732-0025_6345-93302-0023:1,6345,15.762874603271484,15.778295516967773,0.015420913696289062,False,False
2428-83705-0037_6241-61943-0012:0,2428,11.636955261230469,11.875680923461914,0.2387256622314453,False,False
2428-83705-0037_6241-61943-0012:1,6241,8.036623001098633,7.9729413986206055,-0.06368160247802734,False,False
6345-93302-0000_2412-153948-0007:0,6345,11.932214736938477,12.679884910583496,0.7476701736450195,False,False
6345-93302-0000_2412-153948-0007:1,2412,14.734593391418457,14.365318298339844,-0.3692750930786133,False,False
6295-64301-0006_2277-149874-0014:0,6295,11.598566055297852,11.66696548461914,0.06839942932128906,False,False
6295-64301-0006_2277-149874-0014:1,2277,16.711898803710938,16.778162002563477,0.06626319885253906,False,False
422-122949-0004_2035-147960-0007:0,422,13.373921394348145,13.393695831298828,0.019774436950683594,False,False
422-122949-0004_2035-147960-0007:1,2035,12.071301460266113,13.000211715698242,0.9289102554321289,False,False
3536-23268-0007_2412-153947-0013:0,3536,14.067923545837402,14.51685619354248,0.4489326477050781,False,False
3536-23268-0007_2412-153947-0013:1,2412,14.287983894348145,13.455648422241211,-0.8323354721069336,False,False
84-121123-0011_1919-142785-0051:0,84,12.627899169921875,12.637147903442383,0.009248733520507812,False,False
84-121123-0011_1919-142785-0051:1,1919,15.189634323120117,15.064571380615234,-0.1250629425048828,False,False
3576-138058-0027_2803-154328-0007:0,3576,12.142058372497559,11.964262008666992,-0.1777963638305664,False,False
3576-138058-0027_2803-154328-0007:1,2803,14.332895278930664,14.338990211486816,0.006094932556152344,False,False
6345-93306-0011_3170-137482-0010:0,6345,15.206829071044922,15.167255401611328,-0.03957366943359375,False,False
6345-93306-0011_3170-137482-0010:1,3170,12.07135009765625,11.768054962158203,-0.3032951354980469,False,False
2902-9008-0005_3576-138058-0006:0,2902,14.25194263458252,14.29206657409668,0.040123939514160156,False,False
2902-9008-0005_3576-138058-0006:1,3576,16.12725257873535,16.041086196899414,-0.0861663818359375,False,False
2902-9006-0006_1462-170145-0005:0,2902,12.148154258728027,12.031662940979004,-0.11649131774902344,False,False
2902-9006-0006_1462-170145-0005:1,1462,14.795561790466309,14.865141868591309,0.069580078125,False,False
1988-147956-0000_3536-23268-0012:0,1988,15.345386505126953,15.552420616149902,0.20703411102294922,False,False
1988-147956-0000_3536-23268-0012:1,3536,11.810068130493164,11.702263832092285,-0.1078042984008789,False,False
6241-61943-0005_2086-149220-0045:0,6241,11.269845962524414,13.134538650512695,1.8646926879882812,False,False
6241-61943-0005_2086-149220-0045:1,2086,12.87668228149414,12.441211700439453,-0.4354705810546875,False,False
6241-66616-0009_3853-163249-0029:0,6241,10.710990905761719,10.830904006958008,0.11991310119628906,False,False
6241-66616-0009_3853-163249-0029:1,3853,14.808341979980469,14.862338066101074,0.05399608612060547,False,False
2902-9008-0004_6295-64301-0001:0,2902,16.4974308013916,16.41059112548828,-0.08683967590332031,False,False
2902-9008-0004_6295-64301-0001:1,6295,14.195878982543945,14.248489379882812,0.05261039733886719,False,False
2277-149897-0035_84-121550-0020:0,2277,11.125426292419434,9.996892929077148,-1.1285333633422852,False,False
2277-149897-0035_84-121550-0020:1,84,18.366422653198242,17.742095947265625,-0.6243267059326172,False,False
6313-76958-0026_2277-149896-0008:0,6313,12.185609817504883,12.277678489685059,0.09206867218017578,False,False
6313-76958-0026_2277-149896-0008:1,2277,-8.109804153442383,14.556209564208984,22.666013717651367,True,False
7976-105575-0012_1919-142785-0018:0,7976,11.970417976379395,11.855069160461426,-0.11534881591796875,False,False
7976-105575-0012_1919-142785-0018:1,1919,13.34167766571045,12.512739181518555,-0.8289384841918945,False,False
3576-138058-0021_3081-166546-0043:0,3576,7.104930400848389,6.815914630889893,-0.2890157699584961,False,False
3576-138058-0021_3081-166546-0043:1,3081,9.158834457397461,8.065018653869629,-1.093815803527832,False,False
777-126732-0035_2428-83705-0025:0,777,12.397039413452148,12.371840476989746,-0.025198936462402344,False,False
777-126732-0035_2428-83705-0025:1,2428,14.387848854064941,14.355419158935547,-0.03242969512939453,False,False
7976-105575-0009_2428-83699-0028:0,7976,9.830063819885254,9.987237930297852,0.15717411041259766,False,False
7976-105575-0009_2428-83699-0028:1,2428,14.87424087524414,14.94819450378418,0.07395362854003906,False,False
1988-147956-0008_652-129742-0011:0,1988,13.092127799987793,13.247642517089844,0.15551471710205078,False,False
1988-147956-0008_652-129742-0011:1,652,10.725631713867188,11.015110969543457,0.28947925567626953,False,False
3000-15664-0030_2035-147961-0014:0,3000,17.31622886657715,17.261762619018555,-0.05446624755859375,False,False
3000-15664-0030_2035-147961-0014:1,2035,16.624221801757812,16.590890884399414,-0.03333091735839844,False,False
6295-244435-0005_2428-83699-0040:0,6295,-28.424114227294922,-9.150636672973633,19.27347755432129,True,False
6295-244435-0005_2428-83699-0040:1,2428,14.521675109863281,14.52581787109375,0.00414276123046875,False,False
5536-43359-0005_8842-302201-0007:0,5536,15.421883583068848,15.471814155578613,0.049930572509765625,False,False
5536-43359-0005_8842-302201-0007:1,8842,16.58578872680664,16.642932891845703,0.0571441650390625,False,False
777-126732-0061_6241-61946-0022:0,777,1.6024816036224365,2.2036235332489014,0.6011419296264648,False,False
777-126732-0061_6241-61946-0022:1,6241,-15.238235473632812,-18.77878761291504,-3.5405521392822266,True,True
3853-163249-0032_2803-154328-0001:0,3853,14.941900253295898,14.84192180633545,-0.09997844696044922,False,False
3853-163249-0032_2803-154328-0001:1,2803,13.860335350036621,14.087154388427734,0.22681903839111328,False,False
2277-149897-0034_6345-64257-0018:0,2277,12.227926254272461,12.895729064941406,0.6678028106689453,False,False
2277-149897-0034_6345-64257-0018:1,6345,10.390867233276367,10.374736785888672,-0.016130447387695312,False,False
84-121550-0009_3170-137482-0009:0,84,12.864944458007812,13.184436798095703,0.3194923400878906,False,False
84-121550-0009_3170-137482-0009:1,3170,16.881359100341797,16.85171127319336,-0.0296478271484375,False,False
777-126732-0012_652-130726-0034:0,777,10.524354934692383,11.435152053833008,0.910797119140625,False,False
777-126732-0012_652-130726-0034:1,652,7.529401779174805,6.93057918548584,-0.5988225936889648,False,False
1462-170138-0014_3853-163249-0044:0,1462,17.38441276550293,17.514198303222656,0.12978553771972656,False,False
1462-170138-0014_3853-163249-0044:1,3853,14.407724380493164,9.336885452270508,-5.070838928222656,False,False
2803-154320-0001_2428-83705-0038:0,2803,14.822747230529785,14.726112365722656,-0.0966348648071289,False,False
2803-154320-0001_2428-83705-0038:1,2428,15.665706634521484,15.71080207824707,0.04509544372558594,False,False
2035-147961-0001_3536-23268-0008:0,2035,13.008598327636719,13.680490493774414,0.6718921661376953,False,False
2035-147961-0001_3536-23268-0008:1,3536,12.529744148254395,13.988811492919922,1.4590673446655273,False,False
6295-64301-0011_2277-149874-0018:0,6295,12.412460327148438,12.401514053344727,-0.010946273803710938,False,False
6295-64301-0011_2277-149874-0018:1,2277,16.072418212890625,16.05410385131836,-0.018314361572265625,False,False
422-122949-0016_2035-147961-0011:0,422,14.683393478393555,14.677054405212402,-0.006339073181152344,False,False
422-122949-0016_2035-147961-0011:1,2035,14.24289608001709,14.276837348937988,0.03394126892089844,False,False
84-121123-0008_3081-166546-0045:0,84,11.968937873840332,11.418024063110352,-0.5509138107299805,False,False
84-121123-0008_3081-166546-0045:1,3081,7.434724807739258,6.590543746948242,-0.8441810607910156,False,False
5338-284437-0001_1988-24833-0009:0,5338,13.428760528564453,13.182961463928223,-0.24579906463623047,False,False
5338-284437-0001_1988-24833-0009:1,1988,14.581653594970703,15.335428237915039,0.7537746429443359,False,False
6295-64301-0002_2902-9008-0010:0,6295,13.491583824157715,14.049745559692383,0.558161735534668,False,False
6295-64301-0002_2902-9008-0010:1,2902,13.391372680664062,13.091558456420898,-0.29981422424316406,False,False
1993-147966-0004_84-121550-0030:0,1993,14.479175567626953,14.505304336547852,0.026128768920898438,False,False
1993-147966-0004_84-121550-0030:1,84,14.092208862304688,12.840849876403809,-1.251358985900879,False,False
8297-275156-0009_5338-24640-0004:0,8297,14.91346549987793,15.00030517578125,0.08683967590332031,False,False
8297-275156-0009_5338-24640-0004:1,5338,13.874289512634277,13.997931480407715,0.1236419677734375,False,False
5895-34615-0008_8297-275155-0008:0,5895,17.32373046875,17.23137855529785,-0.09235191345214844,False,False
5895-34615-0008_8297-275155-0008:1,8297,12.948301315307617,12.930768966674805,-0.0175323486328125,False,False
1988-148538-0007_1919-142785-0027:0,1988,7.661933898925781,5.2002105712890625,-2.4617233276367188,False,False
1988-148538-0007_1919-142785-0027:1,1919,15.196691513061523,16.33328628540039,1.1365947723388672,False,False
2277-149896-0031_5694-64025-0023:0,2277,17.020753860473633,16.928834915161133,-0.0919189453125,False,False
2277-149896-0031_5694-64025-0023:1,5694,13.764235496520996,13.721928596496582,-0.04230690002441406,False,False
6241-61946-0023_7976-110523-0005:0,6241,10.994766235351562,10.963029861450195,-0.03173637390136719,False,False
6241-61946-0023_7976-110523-0005:1,7976,16.4762020111084,16.386266708374023,-0.089935302734375,False,False
251-136532-0021_1919-142785-0032:0,251,11.362810134887695,11.11880874633789,-0.2440013885498047,False,False
251-136532-0021_1919-142785-0032:1,1919,14.110742568969727,13.38784408569336,-0.7228984832763672,False,False
6241-61946-0007_3170-137482-0025:0,6241,-15.435785293579102,-18.825225830078125,-3.3894405364990234,True,True
6241-61946-0007_3170-137482-0025:1,3170,9.911811828613281,10.22546672821045,0.31365489959716797,False,False
6319-275224-0005_7976-105575-0000:0,6319,-35.334407806396484,-34.79994201660156,0.5344657897949219,True,True
6319-275224-0005_7976-105575-0000:1,7976,17.785541534423828,18.012754440307617,0.22721290588378906,False,False
3752-4944-0047_2035-152373-0000:0,3752,18.747203826904297,18.652040481567383,-0.09516334533691406,False,False
3752-4944-0047_2035-152373-0000:1,2035,13.034137725830078,13.040990829467773,0.0068531036376953125,False,False
422-122949-0032_251-136532-0008:0,422,7.759593963623047,8.586688041687012,0.8270940780639648,False,False
422-122949-0032_251-136532-0008:1,251,8.996269226074219,7.925702095031738,-1.0705671310424805,False,False
2428-83705-0035_1462-170142-0011:0,2428,16.018693923950195,15.744492530822754,-0.2742013931274414,False,False
2428-83705-0035_1462-170142-0011:1,1462,13.590530395507812,13.247783660888672,-0.3427467346191406,False,False
7850-73752-0016_1462-170142-0004:0,7850,19.647857666015625,19.653095245361328,0.005237579345703125,False,False
7850-73752-0016_1462-170142-0004:1,1462,5.25135612487793,10.299388885498047,5.048032760620117,False,False
6319-57405-0006_6241-61946-0018:0,6319,9.106497764587402,9.09470272064209,-0.0117950439453125,False,False
6319-57405-0006_6241-61946-0018:1,6241,14.173858642578125,14.001707077026367,-0.1721515655517578,False,False
84-121123-0021_1919-142785-0026:0,84,12.622270584106445,12.622102737426758,-0.0001678466796875,False,False
84-121123-0021_1919-142785-0026:1,1919,15.895452499389648,15.938611030578613,0.043158531188964844,False,False
5694-64025-0003_1673-143397-0011:0,5694,15.749741554260254,15.74057674407959,-0.009164810180664062,False,False
5694-64025-0003_1673-143397-0011:1,1673,15.210212707519531,15.218823432922363,0.008610725402832031,False,False
8297-275155-0022_2035-147960-0008:0,8297,16.993593215942383,16.971532821655273,-0.022060394287109375,False,False
8297-275155-0022_2035-147960-0008:1,2035,14.250826835632324,14.29430103302002,0.04347419738769531,False,False
6345-93306-0006_6313-66129-0021:0,6345,7.250887870788574,9.45386028289795,2.202972412109375,False,False
6345-93306-0006_6313-66129-0021:1,6313,-19.93743896484375,-19.94607162475586,-0.008632659912109375,True,True
174-168635-0013_6313-66125-0004:0,174,15.669379234313965,12.711081504821777,-2.9582977294921875,False,False
174-168635-0013_6313-66125-0004:1,6313,12.183740615844727,12.273937225341797,0.09019660949707031,False,False
2086-149220-0034_1993-147966-0000:0,2086,18.260517120361328,18.46303367614746,0.2025165557861328,False,False
2086-149220-0034_1993-147966-0000:1,1993,14.029058456420898,14.39388656616211,0.36482810974121094,False,False
1673-143397-0012_6295-244435-0008:0,1673,16.342744827270508,16.458415985107422,0.11567115783691406,False,False
1673-143397-0012_6295-244435-0008:1,6295,14.648237228393555,14.698286056518555,0.050048828125,False,False
1272-141231-0022_5536-43359-0004:0,1272,13.663161277770996,13.314231872558594,-0.34892940521240234,False,False
1272-141231-0022_5536-43359-0004:1,5536,9.53512954711914,9.657391548156738,0.12226200103759766,False,False
7850-286674-0007_1993-147149-0028:0,7850,15.654763221740723,16.269628524780273,0.6148653030395508,False,False
7850-286674-0007_1993-147149-0028:1,1993,-5.730185508728027,-1.6740808486938477,4.05610466003418,False,False
3081-166546-0085_1462-170142-0022:0,3081,9.996574401855469,9.841015815734863,-0.15555858612060547,False,False
3081-166546-0085_1462-170142-0022:1,1462,12.03464412689209,12.105368614196777,0.0707244873046875,False,False
6345-93306-0017_8297-275155-0014:0,6345,16.13665771484375,16.097013473510742,-0.03964424133300781,False,False
6345-93306-0017_8297-275155-0014:1,8297,14.218208312988281,14.128692626953125,-0.08951568603515625,False,False
2803-161169-0014_3536-23268-0023:0,2803,7.481268882751465,7.4556169509887695,-0.025651931762695312,False,False
2803-161169-0014_3536-23268-0023:1,3536,9.726644515991211,10.031453132629395,0.3048086166381836,False,False
652-130726-0012_6319-64726-0003:0,652,14.831673622131348,14.952409744262695,0.12073612213134766,False,False
652-130726-0012_6319-64726-0003:1,6319,10.989106178283691,11.117226600646973,0.12812042236328125,False,False
6295-244435-0036_2277-149874-0016:0,6295,12.3362455368042,13.244156837463379,0.9079113006591797,False,False
6295-244435-0036_2277-149874-0016:1,2277,15.326482772827148,15.292343139648438,-0.03413963317871094,False,False
5338-284437-0011_8297-275154-0002:0,5338,14.08548355102539,13.823832511901855,-0.26165103912353516,False,False
5338-284437-0011_8297-275154-0002:1,8297,15.414527893066406,15.564583778381348,0.1500558853149414,False,False
2902-9006-0011_2078-142845-0051:0,2902,12.483768463134766,12.21832275390625,-0.2654457092285156,False,False
2902-9006-0011_2078-142845-0051:1,2078,15.644357681274414,15.931375503540039,0.287017822265625,False,False
2412-153954-0011_652-129742-0020:0,2412,17.404531478881836,17.408933639526367,0.00440216064453125,False,False
2412-153954-0011_652-129742-0020:1,652,11.100605964660645,11.036528587341309,-0.06407737731933594,False,False
6295-244435-0026_6313-66129-0003:0,6295,16.07171630859375,16.10045051574707,0.028734207153320312,False,False
6295-244435-0026_6313-66129-0003:1,6313,14.741081237792969,14.800638198852539,0.05955696105957031,False,False
6345-93306-0010_2078-142845-0016:0,6345,15.124363899230957,15.33858585357666,0.21422195434570312,False,False
6345-93306-0010_2078-142845-0016:1,2078,16.54085350036621,16.530879974365234,-0.009973526000976562,False,False
2412-153947-0009_7850-73752-0012:0,2412,17.175188064575195,17.14369773864746,-0.031490325927734375,False,False
2412-153947-0009_7850-73752-0012:1,7850,19.013757705688477,19.22140121459961,0.2076435089111328,False,False
7850-111771-0009_2035-147960-0014:0,7850,13.808549880981445,15.134403228759766,1.3258533477783203,False,False
7850-111771-0009_2035-147960-0014:1,2035,13.302656173706055,13.675337791442871,0.3726816177368164,False,False
2078-142845-0010_777-126732-0032:0,2078,15.068378448486328,14.868902206420898,-0.1994762420654297,False,False
2078-142845-0010_777-126732-0032:1,777,11.236406326293945,11.224288940429688,-0.012117385864257812,False,False
6319-64726-0013_6241-66616-0006:0,6319,15.9209623336792,15.881683349609375,-0.03927898406982422,False,False
6319-64726-0013_6241-66616-0006:1,6241,13.825787544250488,13.751999855041504,-0.07378768920898438,False,False
1272-128104-0006_5536-43363-0010:0,1272,12.867532730102539,12.880775451660156,0.013242721557617188,False,False
1272-128104-0006_5536-43363-0010:1,5536,10.399637222290039,10.194300651550293,-0.2053365707397461,False,False
6313-66129-0025_2035-147961-0020:0,6313,15.480354309082031,15.348175048828125,-0.13217926025390625,False,False
6313-66129-0025_2035-147961-0020:1,2035,14.039177894592285,14.168952941894531,0.1297750473022461,False,False
6313-66125-0023_7976-105575-0029:0,6313,15.27376651763916,15.250799179077148,-0.02296733856201172,False,False
6313-66125-0023_7976-105575-0029:1,7976,13.576455116271973,12.921602249145508,-0.6548528671264648,False,False
7850-286674-0010_5536-43363-0006:0,7850,15.866402626037598,16.003244400024414,0.1368417739868164,False,False
7850-286674-0010_5536-43363-0006:1,5536,12.336761474609375,12.297367095947266,-0.039394378662109375,False,False
1272-135031-0000_5338-24640-0000:0,1272,19.31243133544922,19.204051971435547,-0.10837936401367188,False,False
1272-135031-0000_5338-24640-0000:1,5338,10.877946853637695,10.858772277832031,-0.019174575805664062,False,False
1919-142785-0033_1462-170142-0009:0,1919,10.961723327636719,11.224405288696289,0.2626819610595703,False,False
1919-142785-0033_1462-170142-0009:1,1462,10.153047561645508,11.064017295837402,0.9109697341918945,False,False
6313-66125-0017_1673-143397-0000:0,6313,-28.076534271240234,-27.345016479492188,0.7315177917480469,True,True
6313-66125-0017_1673-143397-0000:1,1673,12.158324241638184,12.270779609680176,0.11245536804199219,False,False
7976-110124-0016_777-126732-0034:0,7976,12.965020179748535,13.02077865600586,0.05575847625732422,False,False
7976-110124-0016_777-126732-0034:1,777,13.970547676086426,13.862180709838867,-0.1083669662475586,False,False
7850-286674-0009_6313-66125-0022:0,7850,14.36995792388916,-4.874704360961914,-19.244662284851074,False,True
7850-286674-0009_6313-66125-0022:1,6313,14.0652437210083,14.014971733093262,-0.05027198791503906,False,False
8842-302201-0008_2035-147960-0000:0,8842,14.433953285217285,14.26264762878418,-0.17130565643310547,False,False
8842-302201-0008_2035-147960-0000:1,2035,10.413786888122559,14.39627456665039,3.982487678527832,False,False
2086-149220-0029_1673-143396-0015:0,2086,12.856216430664062,12.94533920288086,0.08912277221679688,False,False
2086-149220-0029_1673-143396-0015:1,1673,17.144134521484375,17.318222045898438,0.1740875244140625,False,False
6241-61946-0014_3853-163249-0006:0,6241,14.634651184082031,14.938714981079102,0.3040637969970703,False,False
6241-61946-0014_3853-163249-0006:1,3853,11.626978874206543,11.598891258239746,-0.028087615966796875,False,False
1993-147965-0007_6319-275224-0009:0,1993,14.34782600402832,15.034162521362305,0.6863365173339844,False,False
1993-147965-0007_6319-275224-0009:1,6319,20.69684410095215,19.95560073852539,-0.7412433624267578,False,False
2277-149896-0019_2428-83699-0024:0,2277,4.412827968597412,11.035028457641602,6.6222004890441895,False,False
2277-149896-0019_2428-83699-0024:1,2428,13.393983840942383,13.351491928100586,-0.042491912841796875,False,False
2078-142845-0017_3000-15664-0039:0,2078,11.936223983764648,11.806933403015137,-0.12929058074951172,False,False
2078-142845-0017_3000-15664-0039:1,3000,9.360753059387207,9.623807907104492,0.26305484771728516,False,False
2277-149874-0017_5895-34629-0025:0,2277,-0.4979543685913086,-4.537075519561768,-4.039121150970459,False,False
2277-149874-0017_5895-34629-0025:1,5895,12.752991676330566,12.767743110656738,0.014751434326171875,False,False
1272-128104-0007_652-130726-0020:0,1272,10.978144645690918,10.84536075592041,-0.1327838897705078,False,False
1272-128104-0007_652-130726-0020:1,652,11.134750366210938,10.488056182861328,-0.6466941833496094,False,False
6313-76958-0024_1272-141231-0004:0,6313,15.221784591674805,15.109912872314453,-0.11187171936035156,False,False
6313-76958-0024_1272-141231-0004:1,1272,19.752193450927734,19.921436309814453,0.16924285888671875,False,False
2035-147961-0000_652-130737-0003:0,2035,14.999604225158691,15.054593086242676,0.054988861083984375,False,False
2035-147961-0000_652-130737-0003:1,652,13.715757369995117,13.580659866333008,-0.13509750366210938,False,False
1462-170142-0009_2078-142845-0051:0,1462,11.309171676635742,12.353622436523438,1.0444507598876953,False,False
1462-170142-0009_2078-142845-0051:1,2078,13.840843200683594,12.807332992553711,-1.0335102081298828,False,False
777-126732-0025_6319-275224-0004:0,777,11.958693504333496,12.07361125946045,0.11491775512695312,False,False
777-126732-0025_6319-275224-0004:1,6319,13.329421997070312,13.301334381103516,-0.028087615966796875,False,False
3576-138058-0025_6345-93302-0005:0,3576,17.376802444458008,17.679048538208008,0.30224609375,False,False
3576-138058-0025_6345-93302-0005:1,6345,15.2166166305542,15.657198905944824,0.440582275390625,False,False
7976-105575-0028_3536-23268-0005:0,7976,12.448630332946777,12.833423614501953,0.3847932815551758,False,False
7976-105575-0028_3536-23268-0005:1,3536,10.101375579833984,9.957717895507812,-0.14365768432617188,False,False
422-122949-0018_6345-64257-0000:0,422,13.432952880859375,13.351627349853516,-0.08132553100585938,False,False
422-122949-0018_6345-64257-0000:1,6345,10.89130973815918,11.030146598815918,0.13883686065673828,False,False
3752-4943-0002_1993-147149-0025:0,3752,14.508996963500977,14.40865707397461,-0.10033988952636719,False,False
3752-4943-0002_1993-147149-0025:1,1993,14.65756893157959,14.361149787902832,-0.2964191436767578,False,False
2086-149220-0034_84-121550-0028:0,2086,12.831048965454102,13.29328441619873,0.4622354507446289,False,False
2086-149220-0034_84-121550-0028:1,84,14.544377326965332,14.614957809448242,0.07058048248291016,False,False
2086-149220-0025_7976-105575-0012:0,2086,17.541149139404297,17.114501953125,-0.4266471862792969,False,False
2086-149220-0025_7976-105575-0012:1,7976,12.181268692016602,12.013391494750977,-0.167877197265625,False,False
84-121123-0025_7850-111771-0000:0,84,10.755176544189453,10.730632781982422,-0.02454376220703125,False,False
84-121123-0025_7850-111771-0000:1,7850,10.690505981445312,13.797616958618164,3.1071109771728516,False,False
3170-137482-0006_6313-66129-0020:0,3170,12.750948905944824,12.666230201721191,-0.08471870422363281,False,False
3170-137482-0006_6313-66129-0020:1,6313,16.01470184326172,16.164817810058594,0.150115966796875,False,False
2428-83699-0010_652-130726-0021:0,2428,12.710481643676758,12.509488105773926,-0.20099353790283203,False,False
2428-83699-0010_652-130726-0021:1,652,10.340902328491211,10.000137329101562,-0.34076499938964844,False,False
2086-149220-0037_7850-111771-0002:0,2086,9.45332145690918,9.533042907714844,0.07972145080566406,False,False
2086-149220-0037_7850-111771-0002:1,7850,14.769787788391113,14.928555488586426,0.1587677001953125,False,False
2086-149214-0000_3000-15664-0008:0,2086,5.965075492858887,5.2184553146362305,-0.7466201782226562,False,False
2086-149214-0000_3000-15664-0008:1,3000,11.836160659790039,10.004959106445312,-1.8312015533447266,False,False
422-122949-0035_1673-143396-0007:0,422,15.026402473449707,15.115036964416504,0.08863449096679688,False,False
422-122949-0035_1673-143396-0007:1,1673,14.467316627502441,14.684941291809082,0.21762466430664062,False,False
2035-152373-0002_1993-147964-0003:0,2035,11.776535987854004,11.675416946411133,-0.1011190414428711,False,False
2035-152373-0002_1993-147964-0003:1,1993,14.01066780090332,13.979076385498047,-0.03159141540527344,False,False
7976-110523-0005_2277-149896-0000:0,7976,-11.42959213256836,11.441664695739746,22.871256828308105,True,False
7976-110523-0005_2277-149896-0000:1,2277,11.901134490966797,11.928104400634766,0.02696990966796875,False,False
652-130737-0005_2412-153948-0002:0,652,11.387909889221191,11.490145683288574,0.10223579406738281,False,False
652-130737-0005_2412-153948-0002:1,2412,12.804126739501953,12.995397567749023,0.1912708282470703,False,False
1919-142785-0018_6313-66129-0002:0,1919,11.118043899536133,11.071281433105469,-0.04676246643066406,False,False
1919-142785-0018_6313-66129-0002:1,6313,14.764707565307617,15.2952241897583,0.5305166244506836,False,False
1993-147964-0009_3081-166546-0054:0,1993,9.056243896484375,9.743720054626465,0.6874761581420898,False,False
1993-147964-0009_3081-166546-0054:1,3081,3.6870529651641846,1.2499979734420776,-2.437054991722107,False,False
1272-141231-0007_2035-147961-0011:0,1272,16.8469181060791,16.759016036987305,-0.08790206909179688,False,False
1272-141231-0007_2035-147961-0011:1,2035,15.305187225341797,15.15449333190918,-0.1506938934326172,False,False
3081-166546-0013_1919-142785-0034:0,3081,6.071313381195068,5.931539535522461,-0.13977384567260742,False,False
3081-166546-0013_1919-142785-0034:1,1919,5.971002578735352,6.736076831817627,0.7650742530822754,False,False
2086-149220-0045_2277-149874-0009:0,2086,14.796896934509277,14.83383846282959,0.0369415283203125,False,False
2086-149220-0045_2277-149874-0009:1,2277,15.065714836120605,14.871896743774414,-0.1938180923461914,False,False
174-84280-0009_5338-284437-0004:0,174,11.85585880279541,11.765836715698242,-0.09002208709716797,False,False
174-84280-0009_5338-284437-0004:1,5338,12.656064987182617,12.830202102661133,0.17413711547851562,False,False
251-118436-0019_3170-137482-0020:0,251,-8.427891731262207,-15.966133117675781,-7.538241386413574,False,True
251-118436-0019_3170-137482-0020:1,3170,12.78407096862793,12.963390350341797,0.1793193817138672,False,False
1272-128104-0008_6241-61946-0010:0,1272,11.325418472290039,11.504409790039062,0.17899131774902344,False,False
1272-128104-0008_6241-61946-0010:1,6241,-9.436412811279297,1.247749924659729,10.684162735939026,True,False
6313-66125-0002_1988-148538-0007:0,6313,17.389110565185547,17.147846221923828,-0.24126434326171875,False,False
6313-66125-0002_1988-148538-0007:1,1988,10.86607551574707,7.250100135803223,-3.6159753799438477,False,False
3170-137482-0027_251-136532-0015:0,3170,15.311752319335938,16.203876495361328,0.8921241760253906,False,False
3170-137482-0027_251-136532-0015:1,251,12.856215476989746,11.639983177185059,-1.2162322998046875,False,False
1988-24833-0009_6345-64257-0007:0,1988,11.431900978088379,11.563526153564453,0.13162517547607422,False,False
1988-24833-0009_6345-64257-0007:1,6345,12.039005279541016,12.051983833312988,0.012978553771972656,False,False
5895-34615-0021_6313-76958-0029:0,5895,12.999879837036133,13.674505233764648,0.6746253967285156,False,False
5895-34615-0021_6313-76958-0029:1,6313,11.381068229675293,11.407922744750977,0.026854515075683594,False,False
2803-161169-0014_2086-149220-0040:0,2803,11.95664119720459,11.942004203796387,-0.014636993408203125,False,False
2803-161169-0014_2086-149220-0040:1,2086,11.249615669250488,11.582901000976562,0.3332853317260742,False,False
2428-83699-0027_777-126732-0004:0,2428,13.365872383117676,13.470443725585938,0.10457134246826172,False,False
2428-83699-0027_777-126732-0004:1,777,10.455411911010742,11.821542739868164,1.3661308288574219,False,False
3853-163249-0008_2035-152373-0014:0,3853,-3.1276698112487793,-18.97163200378418,-15.8439621925354,True,True
3853-163249-0008_2035-152373-0014:1,2035,12.791175842285156,13.046430587768555,0.25525474548339844,False,False
2412-153947-0013_777-126732-0038:0,2412,12.347297668457031,12.072733879089355,-0.2745637893676758,False,False
2412-153947-0013_777-126732-0038:1,777,11.014777183532715,11.059507369995117,0.044730186462402344,False,False
7850-281318-0018_8297-275155-0018:0,7850,16.600515365600586,16.508882522583008,-0.09163284301757812,False,False
7850-281318-0018_8297-275155-0018:1,8297,17.711196899414062,17.761798858642578,0.050601959228515625,False,False
3752-4944-0001_3536-8226-0030:0,3752,15.427889823913574,15.573023796081543,0.14513397216796875,False,False
3752-4944-0001_3536-8226-0030:1,3536,11.877629280090332,13.097835540771484,1.2202062606811523,False,False
6295-244435-0007_1673-143396-0010:0,6295,13.687735557556152,13.509437561035156,-0.1782979965209961,False,False
6295-244435-0007_1673-143396-0010:1,1673,15.25145149230957,15.191508293151855,-0.059943199157714844,False,False
5338-24615-0008_7850-286674-0010:0,5338,11.967697143554688,12.269760131835938,0.30206298828125,False,False
5338-24615-0008_7850-286674-0010:1,7850,15.875104904174805,16.028419494628906,0.15331459045410156,False,False
3081-166546-0003_6241-61946-0018:0,3081,12.520480155944824,12.632612228393555,0.11213207244873047,False,False
3081-166546-0003_6241-61946-0018:1,6241,9.910942077636719,10.671272277832031,0.7603302001953125,False,False
652-130726-0001_2277-149896-0011:0,652,13.601432800292969,13.623380661010742,0.021947860717773438,False,False
652-130726-0001_2277-149896-0011:1,2277,11.847695350646973,11.822935104370117,-0.02476024627685547,False,False
6345-64257-0018_1988-147956-0009:0,6345,9.966601371765137,10.570076942443848,0.6034755706787109,False,False
6345-64257-0018_1988-147956-0009:1,1988,13.692256927490234,11.281967163085938,-2.410289764404297,False,False
2428-83699-0008_3081-166546-0007:0,2428,9.708818435668945,9.577361106872559,-0.13145732879638672,False,False
2428-83699-0008_3081-166546-0007:1,3081,12.833585739135742,12.211112022399902,-0.6224737167358398,False,False
1919-142785-0045_6319-275224-0016:0,1919,1.6378223896026611,2.1262619495391846,0.48843955993652344,False,False
1919-142785-0045_6319-275224-0016:1,6319,-14.244389533996582,-12.320008277893066,1.9243812561035156,True,True
6313-66125-0004_84-121550-0032:0,6313,12.022998809814453,12.066455841064453,0.04345703125,False,False
6313-66125-0004_84-121550-0032:1,84,17.17751121520996,16.809080123901367,-0.36843109130859375,False,False
3081-166546-0046_3536-23268-0008:0,3081,3.819873332977295,2.145632743835449,-1.6742405891418457,False,False
3081-166546-0046_3536-23268-0008:1,3536,9.028240203857422,9.615875244140625,0.5876350402832031,False,False
251-136532-0013_8297-275154-0004:0,251,13.224546432495117,13.485248565673828,0.26070213317871094,False,False
251-136532-0013_8297-275154-0004:1,8297,12.09046459197998,11.601920127868652,-0.4885444641113281,False,False
7850-286674-0007_6295-64301-0003:0,7850,15.924171447753906,16.00905990600586,0.08488845825195312,False,False
7850-286674-0007_6295-64301-0003:1,6295,13.113788604736328,13.238357543945312,0.12456893920898438,False,False
8297-275155-0031_2078-142845-0021:0,8297,16.91649627685547,16.629112243652344,-0.287384033203125,False,False
8297-275155-0031_2078-142845-0021:1,2078,11.221811294555664,11.553472518920898,0.3316612243652344,False,False
1272-141231-0026_84-121550-0000:0,1272,16.367618560791016,16.304035186767578,-0.0635833740234375,False,False
1272-141231-0026_84-121550-0000:1,84,19.728357315063477,19.678024291992188,-0.05033302307128906,False,False
6241-66616-0011_1993-147149-0010:0,6241,13.376481056213379,13.483386993408203,0.10690593719482422,False,False
6241-66616-0011_1993-147149-0010:1,1993,15.560121536254883,15.670066833496094,0.10994529724121094,False,False
7850-111771-0001_3853-163249-0006:0,7850,12.95471477508545,13.024469375610352,0.06975460052490234,False,False
7850-111771-0001_3853-163249-0006:1,3853,-23.42440414428711,1.5993812084197998,25.02378535270691,True,False
1919-142785-0038_8842-302203-0011:0,1919,11.564414978027344,12.125602722167969,0.561187744140625,False,False
1919-142785-0038_8842-302203-0011:1,8842,15.519625663757324,16.021934509277344,0.5023088455200195,False,False
777-126732-0045_251-136532-0008:0,777,14.617055892944336,14.999731063842773,0.3826751708984375,False,False
777-126732-0045_251-136532-0008:1,251,7.511269569396973,6.977400779724121,-0.5338687896728516,False,False
6313-66125-0025_3853-163249-0024:0,6313,-5.602575778961182,16.91507911682129,22.51765489578247,True,False
6313-66125-0025_3853-163249-0024:1,3853,-34.423583984375,-35.62627410888672,-1.2026901245117188,True,True
3000-15664-0031_652-130737-0001:0,3000,8.250104904174805,8.338214874267578,0.08810997009277344,False,False
3000-15664-0031_652-130737-0001:1,652,15.153518676757812,15.164076805114746,0.010558128356933594,False,False
2803-154328-0005_84-121123-0028:0,2803,12.753580093383789,12.823956489562988,0.07037639617919922,False,False
2803-154328-0005_84-121123-0028:1,84,14.221715927124023,14.14731216430664,-0.07440376281738281,False,False
1272-141231-0019_5895-34629-0015:0,1272,14.72517204284668,14.675298690795898,-0.04987335205078125,False,False
1272-141231-0019_5895-34629-0015:1,5895,15.077149391174316,15.148845672607422,0.07169628143310547,False,False
652-130737-0009_84-121123-0018:0,652,16.178874969482422,16.23609733581543,0.05722236633300781,False,False
652-130737-0009_84-121123-0018:1,84,14.867393493652344,15.013004302978516,0.14561080932617188,False,False
652-130726-0017_2412-153948-0009:0,652,12.442355155944824,12.430352210998535,-0.012002944946289062,False,False
652-130726-0017_2412-153948-0009:1,2412,13.393396377563477,13.321915626525879,-0.07148075103759766,False,False
7976-105575-0025_5338-24640-0008:0,7976,12.50941276550293,12.644161224365234,0.1347484588623047,False,False
7976-105575-0025_5338-24640-0008:1,5338,17.248188018798828,17.278995513916016,0.0308074951171875,False,False
5694-64029-0013_422-122949-0023:0,5694,11.584759712219238,11.985529899597168,0.4007701873779297,False,False
5694-64029-0013_422-122949-0023:1,422,8.812795639038086,9.612157821655273,0.7993621826171875,False,False
5694-64038-0002_5895-34615-0002:0,5694,12.895766258239746,12.855473518371582,-0.04029273986816406,False,False
5694-64038-0002_5895-34615-0002:1,5895,16.696979522705078,16.699462890625,0.002483367919921875,False,False
6241-61943-0023_1272-141231-0021:0,6241,16.849313735961914,16.671998977661133,-0.17731475830078125,False,False
6241-61943-0023_1272-141231-0021:1,1272,14.809733390808105,14.60009479522705,-0.2096385955810547,False,False
777-126732-0027_6313-76958-0004:0,777,8.255348205566406,7.653432846069336,-0.6019153594970703,False,False
777-126732-0027_6313-76958-0004:1,6313,15.947280883789062,16.035186767578125,0.0879058837890625,False,False
422-122949-0031_6313-66129-0012:0,422,10.729520797729492,10.574341773986816,-0.15517902374267578,False,False
422-122949-0031_6313-66129-0012:1,6313,14.191184997558594,13.820959091186523,-0.3702259063720703,False,False
5338-284437-0016_3853-163249-0047:0,5338,14.017955780029297,11.212145805358887,-2.80580997467041,False,False
5338-284437-0016_3853-163249-0047:1,3853,13.165695190429688,13.631937026977539,0.46624183654785156,False,False
777-126732-0028_5536-43359-0010:0,777,11.81893253326416,11.86172866821289,0.04279613494873047,False,False
777-126732-0028_5536-43359-0010:1,5536,13.885705947875977,13.97909164428711,0.09338569641113281,False,False
6295-244435-0040_5338-24615-0013:0,6295,15.413846015930176,15.345797538757324,-0.06804847717285156,False,False
6295-244435-0040_5338-24615-0013:1,5338,13.340872764587402,13.314146995544434,-0.02672576904296875,False,False
5338-24640-0004_6241-61943-0017:0,5338,10.407111167907715,10.633376121520996,0.22626495361328125,False,False
5338-24640-0004_6241-61943-0017:1,6241,11.008770942687988,11.057191848754883,0.04842090606689453,False,False
2428-83699-0036_1988-148538-0010:0,2428,11.937906265258789,11.936176300048828,-0.0017299652099609375,False,False
2428-83699-0036_1988-148538-0010:1,1988,15.96141242980957,15.967769622802734,0.0063571929931640625,False,False
3536-23268-0002_6241-61946-0003:0,3536,13.706939697265625,13.664682388305664,-0.04225730895996094,False,False
3536-23268-0002_6241-61946-0003:1,6241,11.233146667480469,11.204599380493164,-0.028547286987304688,False,False
6295-244435-0026_6241-61946-0015:0,6295,11.497747421264648,12.044590950012207,0.5468435287475586,False,False
6295-244435-0026_6241-61946-0015:1,6241,12.864084243774414,12.237173080444336,-0.6269111633300781,False,False
777-126732-0011_1272-135031-0004:0,777,9.697816848754883,9.821535110473633,0.12371826171875,False,False
777-126732-0011_1272-135031-0004:1,1272,13.137225151062012,13.434164047241211,0.2969388961791992,False,False
7976-105575-0011_6295-64301-0013:0,7976,14.73514175415039,15.025238990783691,0.2900972366333008,False,False
7976-105575-0011_6295-64301-0013:1,6295,13.7064790725708,14.107165336608887,0.40068626403808594,False,False
6295-64301-0007_2412-153954-0020:0,6295,12.511441230773926,12.504786491394043,-0.0066547393798828125,False,False
6295-64301-0007_2412-153954-0020:1,2412,18.110679626464844,17.237749099731445,-0.8729305267333984,False,False
5895-34629-0027_2277-149897-0037:0,5895,13.599424362182617,13.294395446777344,-0.30502891540527344,False,False
5895-34629-0027_2277-149897-0037:1,2277,15.332053184509277,15.141789436340332,-0.1902637481689453,False,False
3170-137482-0038_2035-147960-0010:0,3170,13.04932689666748,12.999314308166504,-0.05001258850097656,False,False
3170-137482-0038_2035-147960-0010:1,2035,16.03401756286621,16.098819732666016,0.06480216979980469,False,False
84-121550-0034_3170-137482-0041:0,84,15.284404754638672,15.25507640838623,-0.029328346252441406,False,False
84-121550-0034_3170-137482-0041:1,3170,15.738046646118164,15.825765609741211,0.08771896362304688,False,False
652-130726-0023_1462-170145-0017:0,652,16.025711059570312,16.1679744720459,0.14226341247558594,False,False
652-130726-0023_1462-170145-0017:1,1462,10.420890808105469,10.71145248413086,0.2905616760253906,False,False
3853-163249-0026_6345-93302-0015:0,3853,10.524292945861816,3.56186580657959,-6.962427139282227,False,False
3853-163249-0026_6345-93302-0015:1,6345,4.585203647613525,4.768542766571045,0.18333911895751953,False,False
6295-64301-0015_1919-142785-0020:0,6295,12.8004732131958,14.677234649658203,1.8767614364624023,False,False
6295-64301-0015_1919-142785-0020:1,1919,16.864049911499023,16.791345596313477,-0.07270431518554688,False,False
1272-135031-0008_3536-8226-0019:0,1272,17.17609214782715,16.392105102539062,-0.7839870452880859,False,False
1272-135031-0008_3536-8226-0019:1,3536,9.871472358703613,9.661481857299805,-0.2099905014038086,False,False
8842-302201-0004_3081-166546-0049:0,8842,7.370480537414551,8.007604598999023,0.6371240615844727,False,False
8842-302201-0004_3081-166546-0049:1,3081,7.020207405090332,6.3795647621154785,-0.6406426429748535,False,False
8842-302196-0006_3000-15664-0013:0,8842,12.57065486907959,10.556905746459961,-2.013749122619629,False,False
8842-302196-0006_3000-15664-0013:1,3000,11.359193801879883,12.756484985351562,1.3972911834716797,False,False
3000-15664-0045_5694-64038-0010:0,3000,12.889447212219238,12.990930557250977,0.10148334503173828,False,False
3000-15664-0045_5694-64038-0010:1,5694,6.419151306152344,7.147867202758789,0.7287158966064453,False,False
5536-43358-0006_2902-9006-0006:0,5536,12.381000518798828,12.287439346313477,-0.09356117248535156,False,False
5536-43358-0006_2902-9006-0006:1,2902,10.864775657653809,10.907161712646484,0.04238605499267578,False,False
2277-149897-0034_3853-163249-0032:0,2277,9.422222137451172,9.838261604309082,0.41603946685791016,False,False
2277-149897-0034_3853-163249-0032:1,3853,10.335907936096191,9.52354621887207,-0.8123617172241211,False,False
1988-147956-0015_2078-142845-0028:0,1988,15.025209426879883,15.18742561340332,0.1622161865234375,False,False
1988-147956-0015_2078-142845-0028:1,2078,11.120413780212402,10.93899154663086,-0.18142223358154297,False,False
777-126732-0042_6241-66616-0024:0,777,7.100294589996338,5.201486110687256,-1.898808479309082,False,False
777-126732-0042_6241-66616-0024:1,6241,5.646676063537598,4.986753940582275,-0.6599221229553223,False,False
777-126732-0009_6319-64726-0015:0,777,13.635442733764648,13.529659271240234,-0.10578346252441406,False,False
777-126732-0009_6319-64726-0015:1,6319,13.540416717529297,13.527843475341797,-0.0125732421875,False,False
1673-143397-0003_652-130726-0009:0,1673,13.657136917114258,13.569823265075684,-0.08731365203857422,False,False
1673-143397-0003_652-130726-0009:1,652,14.183350563049316,14.223644256591797,0.04029369354248047,False,False
1988-147956-0022_1272-141231-0029:0,1988,16.2143611907959,15.487831115722656,-0.7265300750732422,False,False
1988-147956-0022_1272-141231-0029:1,1272,17.567672729492188,17.668743133544922,0.10107040405273438,False,False
1988-24833-0002_2428-83699-0030:0,1988,11.619708061218262,-3.2358152866363525,-14.855523347854614,False,False
1988-24833-0002_2428-83699-0030:1,2428,16.81759262084961,16.871482849121094,0.053890228271484375,False,False
3536-8226-0008_6345-93306-0015:0,3536,14.620922088623047,14.732746124267578,0.11182403564453125,False,False
3536-8226-0008_6345-93306-0015:1,6345,17.904422760009766,18.048721313476562,0.14429855346679688,False,False
2412-153948-0008_2086-149220-0026:0,2412,11.54598617553711,11.44198226928711,-0.10400390625,False,False
2412-153948-0008_2086-149220-0026:1,2086,18.291370391845703,18.140132904052734,-0.15123748779296875,False,False
6313-76958-0009_6241-61943-0003:0,6313,13.673465728759766,13.55830192565918,-0.11516380310058594,False,False
6313-76958-0009_6241-61943-0003:1,6241,12.455119132995605,12.330768585205078,-0.12435054779052734,False,False
3000-15664-0046_3081-166546-0038:0,3000,9.707724571228027,9.40517520904541,-0.3025493621826172,False,False
3000-15664-0046_3081-166546-0038:1,3081,9.062155723571777,8.800415992736816,-0.26173973083496094,False,False
777-126732-0005_3081-166546-0040:0,777,11.898632049560547,11.896432876586914,-0.0021991729736328125,False,False
777-126732-0005_3081-166546-0040:1,3081,7.824864387512207,8.001544952392578,0.1766805648803711,False,False
2035-147961-0039_6345-93302-0014:0,2035,12.281984329223633,13.802896499633789,1.5209121704101562,False,False
2035-147961-0039_6345-93302-0014:1,6345,16.446014404296875,16.818546295166016,0.3725318908691406,False,False
1988-148538-0009_5694-64025-0009:0,1988,16.607505798339844,16.51527976989746,-0.09222602844238281,False,False
1988-148538-0009_5694-64025-0009:1,5694,11.456930160522461,11.361309051513672,-0.09562110900878906,False,False
1272-135031-0001_251-118436-0012:0,1272,14.473647117614746,14.634819984436035,0.16117286682128906,False,False
1272-135031-0001_251-118436-0012:1,251,-20.528059005737305,-7.260523796081543,13.267535209655762,True,True
251-118436-0010_84-121123-0006:0,251,13.945459365844727,13.265766143798828,-0.6796932220458984,False,False
251-118436-0010_84-121123-0006:1,84,11.826677322387695,11.892326354980469,0.06564903259277344,False,False
6345-64257-0009_6295-244435-0037:0,6345,16.942840576171875,16.927169799804688,-0.0156707763671875,False,False
6345-64257-0009_6295-244435-0037:1,6295,15.683671951293945,15.869729995727539,0.18605804443359375,False,False
7850-73752-0008_6313-66125-0022:0,7850,19.621810913085938,19.77187728881836,0.15006637573242188,False,False
7850-73752-0008_6313-66125-0022:1,6313,15.559553146362305,15.917579650878906,0.35802650451660156,False,False
5338-284437-0012_2035-152373-0003:0,5338,17.21274757385254,17.544025421142578,0.33127784729003906,False,False
5338-284437-0012_2035-152373-0003:1,2035,9.879988670349121,10.994948387145996,1.114959716796875,False,False
1988-148538-0002_2428-83699-0026:0,1988,16.217586517333984,16.10971450805664,-0.10787200927734375,False,False
1988-148538-0002_2428-83699-0026:1,2428,18.89407730102539,18.871265411376953,-0.0228118896484375,False,False
6319-64726-0009_652-129742-0010:0,6319,14.600961685180664,14.73287296295166,0.1319112777709961,False,False
6319-64726-0009_652-129742-0010:1,652,13.158164024353027,13.277658462524414,0.11949443817138672,False,False
5895-34615-0015_3000-15664-0023:0,5895,17.66152572631836,17.658180236816406,-0.003345489501953125,False,False
5895-34615-0015_3000-15664-0023:1,3000,12.95651912689209,12.992642402648926,0.03612327575683594,False,False
2277-149897-0025_2035-147961-0019:0,2277,12.24059009552002,13.153814315795898,0.9132242202758789,False,False
2277-149897-0025_2035-147961-0019:1,2035,9.472332000732422,6.073103427886963,-3.399228572845459,False,False
5338-24640-0006_8297-275156-0007:0,5338,12.370060920715332,12.551944732666016,0.1818838119506836,False,False
5338-24640-0006_8297-275156-0007:1,8297,15.950712203979492,16.008996963500977,0.058284759521484375,False,False
1272-141231-0005_7976-110124-0015:0,1272,16.716567993164062,16.456981658935547,-0.2595863342285156,False,False
1272-141231-0005_7976-110124-0015:1,7976,14.72624397277832,14.776996612548828,0.05075263977050781,False,False
8842-304647-0003_3853-163249-0049:0,8842,8.929969787597656,8.33360481262207,-0.5963649749755859,False,False
8842-304647-0003_3853-163249-0049:1,3853,-15.758293151855469,-18.448848724365234,-2.6905555725097656,True,True
2428-83705-0037_3853-163249-0051:0,2428,12.796281814575195,12.759664535522461,-0.036617279052734375,False,False
2428-83705-0037_3853-163249-0051:1,3853,16.511682510375977,16.608781814575195,0.09709930419921875,False,False
3170-137482-0048_2035-147960-0008:0,3170,16.784530639648438,16.700891494750977,-0.08363914489746094,False,False
3170-137482-0048_2035-147960-0008:1,2035,17.164798736572266,17.160032272338867,-0.0047664642333984375,False,False
6345-93302-0009_2412-153947-0001:0,6345,14.738247871398926,15.025755882263184,0.2875080108642578,False,False
6345-93302-0009_2412-153947-0001:1,2412,17.47136116027832,17.264516830444336,-0.20684432983398438,False,False
5694-64029-0008_5536-43358-0019:0,5694,12.295037269592285,12.352078437805176,0.057041168212890625,False,False
5694-64029-0008_5536-43358-0019:1,5536,13.85211181640625,13.860221862792969,0.00811004638671875,False,False
1462-170142-0011_7976-110124-0008:0,1462,14.968931198120117,14.716028213500977,-0.2529029846191406,False,False
1462-170142-0011_7976-110124-0008:1,7976,17.231733322143555,17.22354507446289,-0.008188247680664062,False,False
251-137823-0016_6295-244435-0001:0,251,-17.265506744384766,-17.41751480102539,-0.152008056640625,True,True
251-137823-0016_6295-244435-0001:1,6295,-24.126060485839844,-28.06678581237793,-3.940725326538086,True,True
251-137823-0006_6295-64301-0010:0,251,9.321500778198242,-2.70185923576355,-12.023360013961792,False,False
251-137823-0006_6295-64301-0010:1,6295,-12.808158874511719,-1.6788146495819092,11.12934422492981,True,True
6295-64301-0028_251-118436-0022:0,6295,12.072710037231445,11.924177169799805,-0.14853286743164062,False,False
6295-64301-0028_251-118436-0022:1,251,-21.984567642211914,-16.632150650024414,5.3524169921875,True,True
8297-275156-0009_777-126732-0061:0,8297,-19.989282608032227,-16.9407958984375,3.0484867095947266,True,True
8297-275156-0009_777-126732-0061:1,777,12.796842575073242,12.678478240966797,-0.11836433410644531,False,False
777-126732-0012_1919-142785-0030:0,777,18.678056716918945,18.730161666870117,0.052104949951171875,False,False
777-126732-0012_1919-142785-0030:1,1919,13.194674491882324,13.181061744689941,-0.013612747192382812,False,False
1919-142785-0032_7976-110124-0003:0,1919,13.242317199707031,13.863037109375,0.6207199096679688,False,False
1919-142785-0032_7976-110124-0003:1,7976,10.511495590209961,10.833032608032227,0.3215370178222656,False,False
8297-275155-0015_1462-170145-0013:0,8297,14.526731491088867,14.423135757446289,-0.10359573364257812,False,False
8297-275155-0015_1462-170145-0013:1,1462,18.429458618164062,18.3752498626709,-0.05420875549316406,False,False
2277-149896-0018_1462-170138-0014:0,2277,-32.71598434448242,-32.87866973876953,-0.16268539428710938,True,True
2277-149896-0018_1462-170138-0014:1,1462,15.335322380065918,15.535317420959473,0.1999950408935547,False,False
2412-153948-0012_1993-147966-0002:0,2412,11.553792953491211,11.666511535644531,0.11271858215332031,False,False
2412-153948-0012_1993-147966-0002:1,1993,12.459124565124512,12.72116470336914,0.2620401382446289,False,False
1272-141231-0003_6313-66129-0022:0,1272,17.937313079833984,17.74367904663086,-0.193634033203125,False,False
1272-141231-0003_6313-66129-0022:1,6313,15.49628734588623,14.550087928771973,-0.9461994171142578,False,False
8842-302203-0005_5895-34622-0000:0,8842,9.818842887878418,9.731335639953613,-0.08750724792480469,False,False
8842-302203-0005_5895-34622-0000:1,5895,19.233631134033203,19.71271514892578,0.4790840148925781,False,False
3853-163249-0014_84-121550-0003:0,3853,-25.08317756652832,-32.11705017089844,-7.033872604370117,True,True
3853-163249-0014_84-121550-0003:1,84,14.69348430633545,14.43992805480957,-0.2535562515258789,False,False
2803-154320-0000_7850-286674-0004:0,2803,15.02193832397461,14.80410385131836,-0.21783447265625,False,False
2803-154320-0000_7850-286674-0004:1,7850,16.028249740600586,15.97307300567627,-0.055176734924316406,False,False
777-126732-0079_5536-43359-0013:0,777,10.39549446105957,10.450183868408203,0.05468940734863281,False,False
777-126732-0079_5536-43359-0013:1,5536,12.919904708862305,12.853525161743164,-0.06637954711914062,False,False
84-121550-0005_6241-61943-0020:0,84,16.790111541748047,16.926380157470703,0.13626861572265625,False,False
84-121550-0005_6241-61943-0020:1,6241,11.030618667602539,11.164098739624023,0.13348007202148438,False,False
2803-154328-0020_2277-149874-0008:0,2803,8.74596881866455,8.924307823181152,0.17833900451660156,False,False
2803-154328-0020_2277-149874-0008:1,2277,16.607301712036133,16.722827911376953,0.11552619934082031,False,False
777-126732-0069_2277-149896-0024:0,777,11.753524780273438,11.560440063476562,-0.193084716796875,False,False
777-126732-0069_2277-149896-0024:1,2277,14.24167537689209,14.304211616516113,0.06253623962402344,False,False
652-129742-0011_1919-142785-0003:0,652,12.90857219696045,12.575206756591797,-0.33336544036865234,False,False
652-129742-0011_1919-142785-0003:1,1919,10.58073616027832,10.16290283203125,-0.4178333282470703,False,False
3081-166546-0058_8842-302203-0003:0,3081,12.335529327392578,11.413191795349121,-0.922337532043457,False,False
3081-166546-0058_8842-302203-0003:1,8842,8.741671562194824,8.49802303314209,-0.24364852905273438,False,False
1993-147964-0007_1988-24833-0001:0,1993,17.834766387939453,17.881752014160156,0.046985626220703125,False,False
1993-147964-0007_1988-24833-0001:1,1988,10.02168083190918,10.09865951538086,0.07697868347167969,False,False
3081-166546-0064_652-129742-0018:0,3081,8.900205612182617,8.6055326461792,-0.29467296600341797,False,False
3081-166546-0064_652-129742-0018:1,652,5.607865333557129,5.481405258178711,-0.12646007537841797,False,False
2428-83705-0038_2277-149897-0022:0,2428,15.532297134399414,15.625629425048828,0.09333229064941406,False,False
2428-83705-0038_2277-149897-0022:1,2277,15.258700370788574,15.337491035461426,0.07879066467285156,False,False
5895-34615-0008_3536-23268-0030:0,5895,13.074737548828125,13.043237686157227,-0.03149986267089844,False,False
5895-34615-0008_3536-23268-0030:1,3536,11.589184761047363,10.935579299926758,-0.6536054611206055,False,False
5895-34622-0019_7976-110523-0016:0,5895,14.57124137878418,14.447687149047852,-0.12355422973632812,False,False
5895-34622-0019_7976-110523-0016:1,7976,11.494199752807617,12.304956436157227,0.8107566833496094,False,False
3536-8226-0017_6313-66125-0008:0,3536,11.263835906982422,12.018628120422363,0.7547922134399414,False,False
3536-8226-0017_6313-66125-0008:1,6313,16.6676025390625,16.74623680114746,0.07863426208496094,False,False
7850-73752-0012_8842-302201-0001:0,7850,15.314870834350586,15.35672664642334,0.041855812072753906,False,False
7850-73752-0012_8842-302201-0001:1,8842,14.63770866394043,14.625237464904785,-0.012471199035644531,False,False
5536-43359-0016_2412-153954-0002:0,5536,13.476916313171387,13.45465087890625,-0.02226543426513672,False,False
5536-43359-0016_2412-153954-0002:1,2412,14.446496963500977,14.541970252990723,0.0954732894897461,False,False
1462-170138-0001_3853-163249-0020:0,1462,8.576194763183594,8.870735168457031,0.2945404052734375,False,False
1462-170138-0001_3853-163249-0020:1,3853,8.056206703186035,7.95021390914917,-0.10599279403686523,False,False
3853-163249-0045_8297-275155-0004:0,3853,12.917917251586914,12.864639282226562,-0.05327796936035156,False,False
3853-163249-0045_8297-275155-0004:1,8297,13.546438217163086,13.601831436157227,0.055393218994140625,False,False
6319-64726-0017_1673-143396-0000:0,6319,14.899581909179688,15.057112693786621,0.1575307846069336,False,False
6319-64726-0017_1673-143396-0000:1,1673,13.399389266967773,13.228353500366211,-0.1710357666015625,False,False
6241-66616-0001_5694-64038-0017:0,6241,-1.7593646049499512,-21.872268676757812,-20.11290407180786,False,True
6241-66616-0001_5694-64038-0017:1,5694,6.238792419433594,6.38823127746582,0.14943885803222656,False,False
174-84280-0014_5536-43363-0019:0,174,5.709046840667725,4.711614608764648,-0.9974322319030762,False,False
174-84280-0014_5536-43363-0019:1,5536,11.221372604370117,12.395391464233398,1.1740188598632812,False,False
7850-281318-0000_2902-9008-0014:0,7850,12.870010375976562,13.039682388305664,0.16967201232910156,False,False
7850-281318-0000_2902-9008-0014:1,2902,15.322248458862305,15.49347972869873,0.17123126983642578,False,False
5895-34622-0005_2428-83699-0020:0,5895,15.991042137145996,15.989821434020996,-0.001220703125,False,False
5895-34622-0005_2428-83699-0020:1,2428,9.890181541442871,9.867592811584473,-0.022588729858398438,False,False
1673-143397-0011_174-50561-0019:0,1673,17.882394790649414,18.208820343017578,0.32642555236816406,False,False
1673-143397-0011_174-50561-0019:1,174,15.731700897216797,16.77058982849121,1.038888931274414,False,False
2086-149220-0000_1993-147149-0029:0,2086,18.194400787353516,18.273468017578125,0.07906723022460938,False,False
2086-149220-0000_1993-147149-0029:1,1993,12.738723754882812,12.797651290893555,0.05892753601074219,False,False
3752-4944-0006_2086-149220-0047:0,3752,15.785937309265137,15.688429832458496,-0.09750747680664062,False,False
3752-4944-0006_2086-149220-0047:1,2086,15.610161781311035,15.523345947265625,-0.08681583404541016,False,False
777-126732-0050_8842-302196-0003:0,777,14.460089683532715,14.466133117675781,0.006043434143066406,False,False
777-126732-0050_8842-302196-0003:1,8842,4.827259063720703,4.097320556640625,-0.7299385070800781,False,False
5895-34629-0008_1272-128104-0012:0,5895,15.482522010803223,15.397442817687988,-0.08507919311523438,False,False
5895-34629-0008_1272-128104-0012:1,1272,17.20386505126953,17.422529220581055,0.21866416931152344,False,False
7850-73752-0001_2412-153954-0009:0,7850,15.111490249633789,14.956621170043945,-0.15486907958984375,False,False
7850-73752-0001_2412-153954-0009:1,2412,17.617202758789062,17.718036651611328,0.10083389282226562,False,False
5895-34629-0024_3170-137482-0036:0,5895,14.213777542114258,14.300186157226562,0.08640861511230469,False,False
5895-34629-0024_3170-137482-0036:1,3170,13.953706741333008,14.10363483428955,0.14992809295654297,False,False
6313-66125-0006_5694-64038-0015:0,6313,15.839143753051758,15.44986343383789,-0.3892803192138672,False,False
6313-66125-0006_5694-64038-0015:1,5694,16.307491302490234,16.288562774658203,-0.01892852783203125,False,False
6241-66616-0015_3170-137482-0023:0,6241,5.216007709503174,5.62298583984375,0.40697813034057617,False,False
6241-66616-0015_3170-137482-0023:1,3170,7.254682540893555,7.3500213623046875,0.09533882141113281,False,False
2078-142845-0009_5338-24615-0006:0,2078,12.850987434387207,12.180632591247559,-0.6703548431396484,False,False
2078-142845-0009_5338-24615-0006:1,5338,13.423222541809082,13.675731658935547,0.25250911712646484,False,False
777-126732-0051_5694-64025-0001:0,777,11.287364959716797,11.59508228302002,0.30771732330322266,False,False
777-126732-0051_5694-64025-0001:1,5694,7.321828842163086,6.958069801330566,-0.36375904083251953,False,False
2428-83705-0026_6319-275224-0019:0,2428,13.947060585021973,13.904667854309082,-0.042392730712890625,False,False
2428-83705-0026_6319-275224-0019:1,6319,14.430797576904297,14.5348482131958,0.1040506362915039,False,False
7976-110124-0005_5536-43359-0018:0,7976,16.450698852539062,16.399145126342773,-0.05155372619628906,False,False
7976-110124-0005_5536-43359-0018:1,5536,11.713165283203125,11.930488586425781,0.21732330322265625,False,False
5694-64025-0005_3170-137482-0028:0,5694,12.885737419128418,12.715222358703613,-0.1705150604248047,False,False
5694-64025-0005_3170-137482-0028:1,3170,12.402661323547363,12.671064376831055,0.2684030532836914,False,False
3081-166546-0032_1988-24833-0012:0,3081,9.394911766052246,10.341510772705078,0.946599006652832,False,False
3081-166546-0032_1988-24833-0012:1,1988,11.901865005493164,10.945550918579102,-0.9563140869140625,False,False
652-130737-0006_1993-147965-0003:0,652,10.769607543945312,10.70733642578125,-0.0622711181640625,False,False
652-130737-0006_1993-147965-0003:1,1993,15.566534042358398,15.38148307800293,-0.18505096435546875,False,False
3853-163249-0044_2086-149214-0001:0,3853,15.130105972290039,15.220203399658203,0.09009742736816406,False,False
3853-163249-0044_2086-149214-0001:1,2086,15.683012962341309,15.741785049438477,0.05877208709716797,False,False
6313-66125-0023_1462-170138-0017:0,6313,15.358859062194824,15.374653816223145,0.015794754028320312,False,False
6313-66125-0023_1462-170138-0017:1,1462,17.00201988220215,17.050662994384766,0.04864311218261719,False,False
2428-83699-0006_6345-93302-0004:0,2428,14.798157691955566,14.741314888000488,-0.056842803955078125,False,False
2428-83699-0006_6345-93302-0004:1,6345,13.361019134521484,13.520150184631348,0.15913105010986328,False,False
5338-284437-0010_3170-137482-0035:0,5338,15.146828651428223,15.202116012573242,0.05528736114501953,False,False
5338-284437-0010_3170-137482-0035:1,3170,13.644022941589355,14.51827335357666,0.8742504119873047,False,False
7976-110124-0022_3536-8226-0021:0,7976,19.638931274414062,19.99698257446289,0.3580513000488281,False,False
7976-110124-0022_3536-8226-0021:1,3536,11.333694458007812,7.447332382202148,-3.886362075805664,False,False
5694-64025-0020_3000-15664-0018:0,5694,14.291412353515625,14.561775207519531,0.27036285400390625,False,False
5694-64025-0020_3000-15664-0018:1,3000,8.752812385559082,8.992148399353027,0.2393360137939453,False,False
652-130737-0004_3536-8226-0004:0,652,11.929418563842773,11.870092391967773,-0.059326171875,False,False
652-130737-0004_3536-8226-0004:1,3536,15.699092864990234,15.656572341918945,-0.04252052307128906,False,False
6319-275224-0018_3081-166546-0072:0,6319,-20.13048553466797,-37.745426177978516,-17.614940643310547,True,True
6319-275224-0018_3081-166546-0072:1,3081,12.660015106201172,11.150110244750977,-1.5099048614501953,False,False
1919-142785-0062_6345-64257-0005:0,1919,16.088027954101562,16.035110473632812,-0.05291748046875,False,False
1919-142785-0062_6345-64257-0005:1,6345,14.674185752868652,14.635842323303223,-0.03834342956542969,False,False
2277-149896-0023_6345-93302-0008:0,2277,17.387704849243164,3.98380708694458,-13.403897762298584,False,False
2277-149896-0023_6345-93302-0008:1,6345,19.320255279541016,19.400951385498047,0.08069610595703125,False,False
3081-166546-0001_3576-138058-0034:0,3081,11.670434951782227,11.799406051635742,0.12897109985351562,False,False
3081-166546-0001_3576-138058-0034:1,3576,14.022001266479492,14.96117877960205,0.9391775131225586,False,False
3853-163249-0042_1462-170142-0019:0,3853,13.623407363891602,13.479362487792969,-0.1440448760986328,False,False
3853-163249-0042_1462-170142-0019:1,1462,14.903709411621094,14.935307502746582,0.03159809112548828,False,False
2277-149896-0026_3000-15664-0022:0,2277,15.638080596923828,15.649881362915039,0.011800765991210938,False,False
2277-149896-0026_3000-15664-0022:1,3000,18.430908203125,18.534618377685547,0.10371017456054688,False,False
3853-163249-0007_3752-4944-0015:0,3853,13.27517032623291,13.31686019897461,0.04168987274169922,False,False
3853-163249-0007_3752-4944-0015:1,3752,14.235864639282227,14.421854972839355,0.1859903335571289,False,False
6295-244435-0005_3576-138058-0013:0,6295,15.431096076965332,15.521062850952148,0.0899667739868164,False,False
6295-244435-0005_3576-138058-0013:1,3576,11.511560440063477,11.368480682373047,-0.1430797576904297,False,False
6241-61943-0018_5694-64025-0021:0,6241,14.993536949157715,15.184317588806152,0.1907806396484375,False,False
6241-61943-0018_5694-64025-0021:1,5694,11.057955741882324,11.029026985168457,-0.028928756713867188,False,False
7850-73752-0002_174-50561-0000:0,7850,10.397220611572266,10.517931938171387,0.1207113265991211,False,False
7850-73752-0002_174-50561-0000:1,174,9.43106746673584,10.00727367401123,0.5762062072753906,False,False
5338-284437-0001_6295-244435-0030:0,5338,19.565399169921875,19.545547485351562,-0.0198516845703125,False,False
5338-284437-0001_6295-244435-0030:1,6295,14.121302604675293,14.171917915344238,0.05061531066894531,False,False
8297-275156-0008_3536-23268-0019:0,8297,16.343168258666992,16.287580490112305,-0.0555877685546875,False,False
8297-275156-0008_3536-23268-0019:1,3536,11.049723625183105,10.574374198913574,-0.47534942626953125,False,False
3000-15664-0029_5536-43363-0010:0,3000,13.434852600097656,13.600404739379883,0.16555213928222656,False,False
3000-15664-0029_5536-43363-0010:1,5536,10.609855651855469,10.435918807983398,-0.1739368438720703,False,False
2277-149897-0033_3752-4944-0035:0,2277,16.897296905517578,16.701656341552734,-0.19564056396484375,False,False
2277-149897-0033_3752-4944-0035:1,3752,16.428789138793945,16.32872772216797,-0.10006141662597656,False,False
6313-66129-0003_6295-64301-0012:0,6313,13.67238998413086,13.692596435546875,0.020206451416015625,False,False
6313-66129-0003_6295-64301-0012:1,6295,17.48225212097168,17.43840980529785,-0.043842315673828125,False,False
422-122949-0032_1462-170138-0021:0,422,12.934196472167969,12.918310165405273,-0.015886306762695312,False,False
422-122949-0032_1462-170138-0021:1,1462,14.691125869750977,14.638957977294922,-0.05216789245605469,False,False
1272-128104-0005_3000-15664-0030:0,1272,15.145953178405762,15.291799545288086,0.14584636688232422,False,False
1272-128104-0005_3000-15664-0030:1,3000,4.11954927444458,9.568011283874512,5.448462009429932,False,False
2803-161169-0011_7976-110523-0003:0,2803,16.19040298461914,15.971551895141602,-0.21885108947753906,False,False
2803-161169-0011_7976-110523-0003:1,7976,16.14365005493164,15.994780540466309,-0.14886951446533203,False,False
2428-83705-0011_2035-152373-0016:0,2428,11.890872955322266,11.89218521118164,0.001312255859375,False,False
2428-83705-0011_2035-152373-0016:1,2035,17.074565887451172,17.3288516998291,0.2542858123779297,False,False
251-137823-0001_3853-163249-0013:0,251,13.091425895690918,12.672164916992188,-0.41926097869873047,False,False
251-137823-0001_3853-163249-0013:1,3853,11.868061065673828,11.844051361083984,-0.02400970458984375,False,False
5895-34622-0020_6313-66125-0005:0,5895,10.918828010559082,10.237897872924805,-0.6809301376342773,False,False
5895-34622-0020_6313-66125-0005:1,6313,10.917328834533691,11.503928184509277,0.5865993499755859,False,False
2086-149214-0003_3170-137482-0034:0,2086,9.231350898742676,9.277714729309082,0.04636383056640625,False,False
2086-149214-0003_3170-137482-0034:1,3170,11.988779067993164,11.743754386901855,-0.2450246810913086,False,False
1462-170145-0015_3081-166546-0079:0,1462,12.379256248474121,12.397476196289062,0.018219947814941406,False,False
1462-170145-0015_3081-166546-0079:1,3081,10.910329818725586,9.714319229125977,-1.1960105895996094,False,False
1988-24833-0021_8297-275155-0008:0,1988,15.303372383117676,15.418131828308105,0.11475944519042969,False,False
1988-24833-0021_8297-275155-0008:1,8297,17.712678909301758,17.70343589782715,-0.009243011474609375,False,False
5694-64029-0001_2277-149896-0013:0,5694,16.613597869873047,16.603961944580078,-0.00963592529296875,False,False
5694-64029-0001_2277-149896-0013:1,2277,12.137345314025879,12.34264850616455,0.20530319213867188,False,False
1272-135031-0007_3576-138058-0015:0,1272,16.048995971679688,16.068552017211914,0.019556045532226562,False,False
1272-135031-0007_3576-138058-0015:1,3576,9.637567520141602,9.811134338378906,0.1735668182373047,False,False
1919-142785-0026_1993-147965-0008:0,1919,12.423616409301758,13.484567642211914,1.0609512329101562,False,False
1919-142785-0026_1993-147965-0008:1,1993,-0.7758209705352783,4.009799003601074,4.7856199741363525,False,False
2428-83705-0017_84-121550-0025:0,2428,18.301097869873047,18.279861450195312,-0.021236419677734375,False,False
2428-83705-0017_84-121550-0025:1,84,17.362071990966797,17.440982818603516,0.07891082763671875,False,False
5895-34622-0018_1673-143397-0009:0,5895,16.524995803833008,16.708690643310547,0.18369483947753906,False,False
5895-34622-0018_1673-143397-0009:1,1673,16.63817596435547,16.520618438720703,-0.11755752563476562,False,False
251-137823-0004_5536-43363-0004:0,251,12.291377067565918,12.249969482421875,-0.04140758514404297,False,False
251-137823-0004_5536-43363-0004:1,5536,10.61388111114502,10.655363082885742,0.041481971740722656,False,False
2412-153947-0005_3081-166546-0042:0,2412,9.375713348388672,9.324745178222656,-0.050968170166015625,False,False
2412-153947-0005_3081-166546-0042:1,3081,12.136222839355469,11.528999328613281,-0.6072235107421875,False,False
1272-128104-0003_2035-147961-0016:0,1272,12.07761287689209,12.154790878295898,0.0771780014038086,False,False
1272-128104-0003_2035-147961-0016:1,2035,14.902420043945312,14.90941333770752,0.006993293762207031,False,False
7976-110124-0013_5694-64038-0001:0,7976,17.285572052001953,17.491334915161133,0.2057628631591797,False,False
7976-110124-0013_5694-64038-0001:1,5694,17.093034744262695,17.35079002380371,0.2577552795410156,False,False
6313-66125-0024_2035-147960-0007:0,6313,11.178523063659668,9.965703964233398,-1.2128190994262695,False,False
6313-66125-0024_2035-147960-0007:1,2035,14.294427871704102,14.231595039367676,-0.06283283233642578,False,False
84-121550-0033_5338-24640-0003:0,84,10.242268562316895,10.041949272155762,-0.2003192901611328,False,False
84-121550-0033_5338-24640-0003:1,5338,15.366963386535645,14.71976089477539,-0.6472024917602539,False,False
6345-93302-0010_3170-137482-0042:0,6345,19.507591247558594,19.368202209472656,-0.1393890380859375,False,False
6345-93302-0010_3170-137482-0042:1,3170,13.20627212524414,13.235198974609375,0.028926849365234375,False,False
5694-64025-0004_1272-141231-0028:0,5694,13.008543968200684,12.882210731506348,-0.12633323669433594,False,False
5694-64025-0004_1272-141231-0028:1,1272,13.92670726776123,14.176909446716309,0.2502021789550781,False,False
2086-149220-0022_5895-34622-0013:0,2086,16.48715591430664,16.472070693969727,-0.015085220336914062,False,False
2086-149220-0022_5895-34622-0013:1,5895,15.503645896911621,15.5270357131958,0.023389816284179688,False,False
2803-161169-0016_6295-244435-0010:0,2803,2.5985546112060547,-4.880387306213379,-7.478941917419434,False,True
2803-161169-0016_6295-244435-0010:1,6295,6.0441131591796875,8.857364654541016,2.813251495361328,False,False
3752-4944-0047_5338-284437-0009:0,3752,18.176040649414062,18.063587188720703,-0.11245346069335938,False,False
3752-4944-0047_5338-284437-0009:1,5338,15.599002838134766,15.590171813964844,-0.008831024169921875,False,False
2803-154328-0012_1272-141231-0018:0,2803,14.0928316116333,13.940730094909668,-0.1521015167236328,False,False
2803-154328-0012_1272-141231-0018:1,1272,13.773429870605469,13.873101234436035,0.0996713638305664,False,False
6295-244435-0002_1272-128104-0000:0,6295,8.79389476776123,9.114506721496582,0.32061195373535156,False,False
6295-244435-0002_1272-128104-0000:1,1272,7.9923095703125,9.76010513305664,1.7677955627441406,False,False
422-122949-0016_84-121550-0002:0,422,15.328262329101562,15.539240837097168,0.21097850799560547,False,False
422-122949-0016_84-121550-0002:1,84,12.583019256591797,12.21223258972168,-0.3707866668701172,False,False
652-130726-0027_5338-24615-0009:0,652,11.851839065551758,11.94125747680664,0.08941841125488281,False,False
652-130726-0027_5338-24615-0009:1,5338,14.605488777160645,14.675424575805664,0.06993579864501953,False,False
2277-149874-0014_251-136532-0012:0,2277,12.308965682983398,12.74547004699707,0.4365043640136719,False,False
2277-149874-0014_251-136532-0012:1,251,13.865842819213867,14.032880783081055,0.1670379638671875,False,False
8842-302196-0007_174-84280-0008:0,8842,7.819467544555664,7.297301292419434,-0.5221662521362305,False,False
8842-302196-0007_174-84280-0008:1,174,11.922200202941895,13.18884563446045,1.2666454315185547,False,False
7976-110523-0017_251-137823-0000:0,7976,13.685545921325684,13.794072151184082,0.10852622985839844,False,False
7976-110523-0017_251-137823-0000:1,251,13.048129081726074,13.074126243591309,0.025997161865234375,False,False
1919-142785-0013_174-168635-0010:0,1919,14.176840782165527,14.842354774475098,0.6655139923095703,False,False
1919-142785-0013_174-168635-0010:1,174,10.763461112976074,8.784436225891113,-1.979024887084961,False,False
6313-76958-0026_7850-281318-0008:0,6313,12.323546409606934,12.481470108032227,0.15792369842529297,False,False
6313-76958-0026_7850-281318-0008:1,7850,12.335733413696289,7.857322692871094,-4.478410720825195,False,False
3853-163249-0033_2902-9006-0019:0,3853,14.13882064819336,14.132752418518066,-0.006068229675292969,False,False
3853-163249-0033_2902-9006-0019:1,2902,13.272485733032227,13.21682357788086,-0.05566215515136719,False,False
7976-105575-0006_3170-137482-0015:0,7976,15.536345481872559,15.573989868164062,0.037644386291503906,False,False
7976-105575-0006_3170-137482-0015:1,3170,12.456048965454102,12.39583683013916,-0.060212135314941406,False,False
7850-111771-0005_5694-64025-0019:0,7850,17.62451171875,17.78077507019043,0.1562633514404297,False,False
7850-111771-0005_5694-64025-0019:1,5694,17.29422378540039,17.364458084106445,0.07023429870605469,False,False
1993-147965-0000_6319-64726-0006:0,1993,16.22494125366211,15.3114013671875,-0.9135398864746094,False,False
1993-147965-0000_6319-64726-0006:1,6319,9.91064453125,11.951841354370117,2.041196823120117,False,False
6319-64726-0013_3081-166546-0080:0,6319,-7.284801006317139,3.490349054336548,10.775150060653687,True,False
6319-64726-0013_3081-166546-0080:1,3081,8.282718658447266,6.915162086486816,-1.3675565719604492,False,False
3000-15664-0007_8842-302203-0006:0,3000,11.268657684326172,11.14777946472168,-0.12087821960449219,False,False
3000-15664-0007_8842-302203-0006:1,8842,17.359582901000977,17.224966049194336,-0.13461685180664062,False,False
3853-163249-0004_8297-275155-0026:0,3853,15.491604804992676,15.109023094177246,-0.3825817108154297,False,False
3853-163249-0004_8297-275155-0026:1,8297,15.626622200012207,15.879345893859863,0.25272369384765625,False,False
1462-170138-0011_1919-142785-0009:0,1462,9.147415161132812,11.061492919921875,1.9140777587890625,False,False
1462-170138-0011_1919-142785-0009:1,1919,14.365062713623047,14.475914001464844,0.11085128784179688,False,False
6295-64301-0029_5338-284437-0028:0,6295,14.93475341796875,14.928418159484863,-0.006335258483886719,False,False
6295-64301-0029_5338-284437-0028:1,5338,15.738703727722168,15.561415672302246,-0.17728805541992188,False,False
2078-142845-0013_251-137823-0017:0,2078,10.426822662353516,10.761999130249023,0.3351764678955078,False,False
2078-142845-0013_251-137823-0017:1,251,14.427464485168457,15.017261505126953,0.5897970199584961,False,False
5536-43358-0002_174-168635-0000:0,5536,8.933554649353027,8.841567993164062,-0.09198665618896484,False,False
5536-43358-0002_174-168635-0000:1,174,13.754912376403809,13.732928276062012,-0.021984100341796875,False,False
1272-135031-0015_2277-149896-0006:0,1272,19.43008804321289,19.500381469726562,0.07029342651367188,False,False
1272-135031-0015_2277-149896-0006:1,2277,16.408239364624023,16.37640953063965,-0.031829833984375,False,False
7976-110523-0004_777-126732-0014:0,7976,14.721949577331543,14.622693061828613,-0.09925651550292969,False,False
7976-110523-0004_777-126732-0014:1,777,14.220276832580566,14.33598804473877,0.11571121215820312,False,False
3081-166546-0020_6241-61943-0010:0,3081,7.257596969604492,6.886414527893066,-0.3711824417114258,False,False
3081-166546-0020_6241-61943-0010:1,6241,6.196477890014648,6.019765853881836,-0.1767120361328125,False,False
5536-43363-0006_3081-166546-0085:0,5536,11.998102188110352,12.029659271240234,0.03155708312988281,False,False
5536-43363-0006_3081-166546-0085:1,3081,3.257648468017578,2.5172066688537598,-0.7404417991638184,False,False
2035-147960-0002_1272-141231-0011:0,2035,13.484912872314453,13.534826278686523,0.04991340637207031,False,False
2035-147960-0002_1272-141231-0011:1,1272,17.699424743652344,17.69479751586914,-0.004627227783203125,False,False
1988-148538-0004_6241-66616-0004:0,1988,12.32980728149414,13.085050582885742,0.7552433013916016,False,False
1988-148538-0004_6241-66616-0004:1,6241,12.997721672058105,12.848431587219238,-0.1492900848388672,False,False
5895-34629-0006_2803-154328-0007:0,5895,15.91025161743164,15.90019416809082,-0.010057449340820312,False,False
5895-34629-0006_2803-154328-0007:1,2803,17.4426326751709,17.315914154052734,-0.12671852111816406,False,False
6295-244435-0020_6241-61943-0026:0,6295,9.679668426513672,11.633737564086914,1.9540691375732422,False,False
6295-244435-0020_6241-61943-0026:1,6241,12.734807014465332,12.46340560913086,-0.27140140533447266,False,False
6241-66616-0009_3000-15664-0005:0,6241,8.395698547363281,9.522696495056152,1.126997947692871,False,False
6241-66616-0009_3000-15664-0005:1,3000,9.80843734741211,11.742681503295898,1.934244155883789,False,False
6241-61946-0023_3536-8226-0002:0,6241,15.530766487121582,15.64555835723877,0.1147918701171875,False,False
6241-61946-0023_3536-8226-0002:1,3536,12.882131576538086,12.103973388671875,-0.7781581878662109,False,False
8297-275155-0013_3853-163249-0022:0,8297,21.367454528808594,21.3712158203125,0.00376129150390625,False,False
8297-275155-0013_3853-163249-0022:1,3853,11.900446891784668,11.906224250793457,0.0057773590087890625,False,False
1673-143397-0004_6295-64301-0006:0,1673,16.898616790771484,17.20815658569336,0.309539794921875,False,False
1673-143397-0004_6295-64301-0006:1,6295,14.756977081298828,14.938825607299805,0.18184852600097656,False,False
7850-281318-0016_6319-64726-0020:0,7850,-3.411004066467285,2.0906178951263428,5.501621961593628,False,False
7850-281318-0016_6319-64726-0020:1,6319,15.921300888061523,16.316173553466797,0.39487266540527344,False,False
3081-166546-0062_2078-142845-0014:0,3081,12.273445129394531,11.757136344909668,-0.5163087844848633,False,False
3081-166546-0062_2078-142845-0014:1,2078,8.087545394897461,9.54742431640625,1.459878921508789,False,False
777-126732-0076_5536-43358-0007:0,777,11.883787155151367,11.670567512512207,-0.21321964263916016,False,False
777-126732-0076_5536-43358-0007:1,5536,8.400541305541992,8.400445938110352,-9.5367431640625e-05,False,False
251-137823-0008_6313-76958-0011:0,251,13.019359588623047,13.010566711425781,-0.008792877197265625,False,False
251-137823-0008_6313-76958-0011:1,6313,18.715925216674805,18.68172836303711,-0.03419685363769531,False,False
3000-15664-0000_2086-149220-0027:0,3000,10.10219669342041,10.081648826599121,-0.020547866821289062,False,False
3000-15664-0000_2086-149220-0027:1,2086,14.84225082397461,14.899210929870605,0.056960105895996094,False,False
2803-154328-0010_2277-149897-0002:0,2803,13.693629264831543,13.72107982635498,0.0274505615234375,False,False
2803-154328-0010_2277-149897-0002:1,2277,16.7423152923584,16.758758544921875,0.016443252563476562,False,False
1462-170142-0029_1673-143396-0002:0,1462,20.01333999633789,20.517993927001953,0.5046539306640625,False,False
1462-170142-0029_1673-143396-0002:1,1673,14.285429000854492,14.848407745361328,0.5629787445068359,False,False
251-136532-0010_652-130737-0010:0,251,11.281023025512695,11.077104568481445,-0.20391845703125,False,False
251-136532-0010_652-130737-0010:1,652,9.350321769714355,9.364602088928223,0.014280319213867188,False,False
6295-244435-0029_1919-142785-0053:0,6295,10.406272888183594,10.267478942871094,-0.1387939453125,False,False
6295-244435-0029_1919-142785-0053:1,1919,11.81290340423584,11.859957695007324,0.047054290771484375,False,False
7976-110523-0020_1462-170142-0039:0,7976,13.558401107788086,14.387655258178711,0.829254150390625,False,False
7976-110523-0020_1462-170142-0039:1,1462,14.796199798583984,13.82177448272705,-0.9744253158569336,False,False
7976-110523-0013_6319-275224-0005:0,7976,-15.95635986328125,-13.31237506866455,2.643984794616699,True,True
7976-110523-0013_6319-275224-0005:1,6319,-9.63939094543457,-0.15108299255371094,9.48830795288086,True,True
1993-147149-0007_2428-83699-0032:0,1993,12.143403053283691,12.131946563720703,-0.011456489562988281,False,False
1993-147149-0007_2428-83699-0032:1,2428,15.459317207336426,15.569993019104004,0.11067581176757812,False,False
1988-147956-0006_8297-275154-0020:0,1988,20.74378204345703,20.739688873291016,-0.004093170166015625,False,False
1988-147956-0006_8297-275154-0020:1,8297,17.888593673706055,17.838319778442383,-0.050273895263671875,False,False
2803-154328-0006_6313-66129-0027:0,2803,12.909225463867188,12.946038246154785,0.036812782287597656,False,False
2803-154328-0006_6313-66129-0027:1,6313,13.309760093688965,13.338908195495605,0.029148101806640625,False,False
6319-64726-0002_2277-149897-0035:0,6319,12.487438201904297,12.554428100585938,0.06698989868164062,False,False
6319-64726-0002_2277-149897-0035:1,2277,-27.190994262695312,-26.891613006591797,0.2993812561035156,True,True
6319-64726-0019_5895-34622-0012:0,6319,12.686066627502441,12.779251098632812,0.0931844711303711,False,False
6319-64726-0019_5895-34622-0012:1,5895,14.299779891967773,14.20608139038086,-0.09369850158691406,False,False
7850-286674-0016_3170-137482-0026:0,7850,13.366416931152344,13.239593505859375,-0.12682342529296875,False,False
7850-286674-0016_3170-137482-0026:1,3170,18.389808654785156,18.404802322387695,0.014993667602539062,False,False
251-136532-0002_1919-142785-0001:0,251,15.65559196472168,15.78390121459961,0.1283092498779297,False,False
251-136532-0002_1919-142785-0001:1,1919,12.542098045349121,12.759767532348633,0.21766948699951172,False,False
3536-23268-0013_652-129742-0001:0,3536,9.00314712524414,8.699491500854492,-0.30365562438964844,False,False
3536-23268-0013_652-129742-0001:1,652,12.738485336303711,12.77150821685791,0.03302288055419922,False,False
6313-76958-0022_1988-24833-0024:0,6313,14.608314514160156,14.540352821350098,-0.0679616928100586,False,False
6313-76958-0022_1988-24833-0024:1,1988,-22.783435821533203,-21.318281173706055,1.4651546478271484,True,True
3576-138058-0007_2803-154320-0003:0,3576,12.122671127319336,12.151473999023438,0.028802871704101562,False,False
3576-138058-0007_2803-154320-0003:1,2803,14.043992042541504,14.023524284362793,-0.020467758178710938,False,False
1673-143397-0015_2803-154320-0010:0,1673,14.652557373046875,14.663238525390625,0.01068115234375,False,False
1673-143397-0015_2803-154320-0010:1,2803,16.619823455810547,16.617116928100586,-0.0027065277099609375,False,False
1993-147149-0018_1673-143396-0001:0,1993,20.454662322998047,20.878978729248047,0.42431640625,False,False
1993-147149-0018_1673-143396-0001:1,1673,16.124713897705078,16.13935089111328,0.014636993408203125,False,False
1272-141231-0012_2086-149220-0010:0,1272,12.135791778564453,12.283100128173828,0.147308349609375,False,False
1272-141231-0012_2086-149220-0010:1,2086,15.375066757202148,15.192024230957031,-0.1830425262451172,False,False
2803-154320-0014_777-126732-0054:0,2803,-2.6605868339538574,-14.409843444824219,-11.749256610870361,True,True
2803-154320-0014_777-126732-0054:1,777,7.4635329246521,7.4165425300598145,-0.046990394592285156,False,False
84-121123-0004_2428-83699-0000:0,84,14.59115982055664,14.657073974609375,0.06591415405273438,False,False
84-121123-0004_2428-83699-0000:1,2428,16.999248504638672,16.75257682800293,-0.2466716766357422,False,False
2428-83705-0040_1993-147966-0005:0,2428,14.779784202575684,15.000000953674316,0.2202167510986328,False,False
2428-83705-0040_1993-147966-0005:1,1993,14.959066390991211,15.562999725341797,0.6039333343505859,False,False
6241-61946-0016_7850-281318-0019:0,6241,14.199740409851074,14.465179443359375,0.2654390335083008,False,False
6241-61946-0016_7850-281318-0019:1,7850,10.811725616455078,10.985082626342773,0.1733570098876953,False,False
1462-170138-0000_251-137823-0002:0,1462,13.130157470703125,12.276330947875977,-0.8538265228271484,False,False
1462-170138-0000_251-137823-0002:1,251,15.292911529541016,13.955368995666504,-1.3375425338745117,False,False
7976-110523-0001_1919-142785-0044:0,7976,12.331925392150879,12.975625038146973,0.6436996459960938,False,False
7976-110523-0001_1919-142785-0044:1,1919,4.976517677307129,5.840444087982178,0.8639264106750488,False,False
3752-4943-0009_3536-23268-0018:0,3752,16.23974609375,15.903400421142578,-0.3363456726074219,False,False
3752-4943-0009_3536-23268-0018:1,3536,14.798027038574219,14.849262237548828,0.051235198974609375,False,False
6295-64301-0009_5536-43363-0014:0,6295,11.233954429626465,10.759469032287598,-0.4744853973388672,False,False
6295-64301-0009_5536-43363-0014:1,5536,9.632928848266602,9.446657180786133,-0.18627166748046875,False,False
652-130726-0002_3752-4944-0066:0,652,11.879091262817383,11.79231071472168,-0.08678054809570312,False,False
652-130726-0002_3752-4944-0066:1,3752,13.042380332946777,12.948920249938965,-0.0934600830078125,False,False
2412-153947-0011_174-168635-0012:0,2412,14.10117244720459,14.259561538696289,0.15838909149169922,False,False
2412-153947-0011_174-168635-0012:1,174,12.228919982910156,12.379335403442383,0.15041542053222656,False,False
7976-110124-0012_1673-143397-0017:0,7976,-29.842872619628906,-30.68063735961914,-0.8377647399902344,True,True
7976-110124-0012_1673-143397-0017:1,1673,16.402587890625,16.478734970092773,0.07614707946777344,False,False
1919-142785-0014_3000-15664-0027:0,1919,16.6229190826416,17.183231353759766,0.5603122711181641,False,False
1919-142785-0014_3000-15664-0027:1,3000,12.727705001831055,13.185623168945312,0.4579181671142578,False,False
1919-142785-0060_6313-76958-0010:0,1919,15.889044761657715,16.01897430419922,0.1299295425415039,False,False
1919-142785-0060_6313-76958-0010:1,6313,12.825569152832031,12.627935409545898,-0.1976337432861328,False,False
174-168635-0022_6319-64726-0000:0,174,11.901754379272461,11.95927619934082,0.057521820068359375,False,False
174-168635-0022_6319-64726-0000:1,6319,13.411110877990723,13.474186897277832,0.06307601928710938,False,False
2035-147961-0037_1462-170142-0021:0,2035,-1.611598253250122,-0.24531924724578857,1.3662790060043335,False,False
2035-147961-0037_1462-170142-0021:1,1462,7.806232452392578,8.459033966064453,0.652801513671875,False,False
2277-149897-0017_6241-61946-0001:0,2277,12.707755088806152,12.751313209533691,0.04355812072753906,False,False
2277-149897-0017_6241-61946-0001:1,6241,18.776315689086914,18.743040084838867,-0.033275604248046875,False,False
2412-153947-0014_2086-149220-0031:0,2412,17.321327209472656,17.311805725097656,-0.009521484375,False,False
2412-153947-0014_2086-149220-0031:1,2086,13.536922454833984,13.457464218139648,-0.07945823669433594,False,False
1462-170142-0010_3536-23268-0007:0,1462,17.817607879638672,17.887474060058594,0.06986618041992188,False,False
1462-170142-0010_3536-23268-0007:1,3536,15.43068790435791,15.45580005645752,0.025112152099609375,False,False
2902-9006-0000_2086-149220-0044:0,2902,14.552481651306152,14.85446834564209,0.3019866943359375,False,False
2902-9006-0000_2086-149220-0044:1,2086,13.70814037322998,13.704699516296387,-0.00344085693359375,False,False
1993-147965-0005_3576-138058-0032:0,1993,18.922306060791016,19.842891693115234,0.9205856323242188,False,False
1993-147965-0005_3576-138058-0032:1,3576,15.230088233947754,15.149765968322754,-0.080322265625,False,False
3536-23268-0015_2086-149220-0049:0,3536,15.651749610900879,15.680899620056152,0.029150009155273438,False,False
3536-23268-0015_2086-149220-0049:1,2086,15.158002853393555,15.127808570861816,-0.03019428253173828,False,False
3000-15664-0044_652-130726-0016:0,3000,10.036761283874512,9.956557273864746,-0.08020401000976562,False,False
3000-15664-0044_652-130726-0016:1,652,14.390915870666504,14.202217102050781,-0.18869876861572266,False,False
174-168635-0016_8297-275154-0011:0,174,13.617025375366211,13.871133804321289,0.2541084289550781,False,False
174-168635-0016_8297-275154-0011:1,8297,9.783269882202148,9.870424270629883,0.08715438842773438,False,False
5694-64029-0014_6241-66616-0010:0,5694,13.050902366638184,13.537114143371582,0.48621177673339844,False,False
5694-64029-0014_6241-66616-0010:1,6241,12.131684303283691,11.84311580657959,-0.28856849670410156,False,False
1272-135031-0013_1988-147956-0016:0,1272,19.679569244384766,19.583328247070312,-0.09624099731445312,False,False
1272-135031-0013_1988-147956-0016:1,1988,14.192000389099121,14.231080055236816,0.03907966613769531,False,False
2428-83705-0035_8297-275154-0012:0,2428,17.257287979125977,17.195756912231445,-0.06153106689453125,False,False
2428-83705-0035_8297-275154-0012:1,8297,12.936948776245117,12.952991485595703,0.016042709350585938,False,False
3752-4944-0065_3536-8226-0029:0,3752,17.819612503051758,17.393335342407227,-0.42627716064453125,False,False
3752-4944-0065_3536-8226-0029:1,3536,14.091913223266602,13.225423812866211,-0.8664894104003906,False,False
8842-302196-0011_7976-105575-0016:0,8842,-32.95906448364258,-33.681541442871094,-0.7224769592285156,True,True
8842-302196-0011_7976-105575-0016:1,7976,12.904945373535156,12.786489486694336,-0.11845588684082031,False,False
2902-9008-0012_3170-137482-0017:0,2902,14.99777603149414,15.823530197143555,0.8257541656494141,False,False
2902-9008-0012_3170-137482-0017:1,3170,12.23150634765625,12.34956169128418,0.11805534362792969,False,False
3853-163249-0028_5895-34615-0003:0,3853,8.66821002960205,8.92002010345459,0.25181007385253906,False,False
3853-163249-0028_5895-34615-0003:1,5895,17.346027374267578,17.55780029296875,0.21177291870117188,False,False
251-136532-0016_3536-23268-0011:0,251,13.202323913574219,13.204526901245117,0.0022029876708984375,False,False
251-136532-0016_3536-23268-0011:1,3536,13.908262252807617,14.17719841003418,0.2689361572265625,False,False
2277-149896-0014_6313-76958-0017:0,2277,13.680802345275879,13.648622512817383,-0.032179832458496094,False,False
2277-149896-0014_6313-76958-0017:1,6313,13.208823204040527,12.009187698364258,-1.1996355056762695,False,False
3081-166546-0051_1919-142785-0031:0,3081,9.326963424682617,8.302116394042969,-1.0248470306396484,False,False
3081-166546-0051_1919-142785-0031:1,1919,8.0972900390625,6.483840465545654,-1.6134495735168457,False,False
5338-284437-0030_1993-147149-0003:0,5338,14.9044189453125,15.022833824157715,0.11841487884521484,False,False
5338-284437-0030_1993-147149-0003:1,1993,15.12043571472168,14.096981048583984,-1.0234546661376953,False,False
2277-149896-0001_5536-43358-0004:0,2277,13.19597053527832,13.11659049987793,-0.07938003540039062,False,False
2277-149896-0001_5536-43358-0004:1,5536,15.975041389465332,15.846940994262695,-0.12810039520263672,False,False
3576-138058-0019_1462-170142-0018:0,3576,-1.2072710990905762,-10.440069198608398,-9.232798099517822,False,False
3576-138058-0019_1462-170142-0018:1,1462,7.013198375701904,7.119665622711182,0.10646724700927734,False,False
6319-57405-0003_174-168635-0017:0,6319,6.768154621124268,7.058243274688721,0.2900886535644531,False,False
6319-57405-0003_174-168635-0017:1,174,12.642251968383789,12.82927131652832,0.18701934814453125,False,False
174-168635-0007_8297-275154-0001:0,174,13.92055892944336,14.07298469543457,0.15242576599121094,False,False
174-168635-0007_8297-275154-0001:1,8297,12.292675971984863,12.79955768585205,0.5068817138671875,False,False
3576-138058-0037_1462-170142-0013:0,3576,9.878053665161133,5.223842620849609,-4.654211044311523,False,False
3576-138058-0037_1462-170142-0013:1,1462,-7.87601375579834,1.1464815139770508,9.02249526977539,True,False
3000-15664-0025_3170-137482-0030:0,3000,10.72458553314209,11.660706520080566,0.9361209869384766,False,False
3000-15664-0025_3170-137482-0030:1,3170,10.22684383392334,10.075752258300781,-0.1510915756225586,False,False
2412-153954-0001_5895-34615-0019:0,2412,9.14752197265625,15.409945487976074,6.262423515319824,False,False
2412-153954-0001_5895-34615-0019:1,5895,12.020013809204102,12.132776260375977,0.112762451171875,False,False
3170-137482-0021_3081-166546-0061:0,3170,11.690065383911133,11.653783798217773,-0.036281585693359375,False,False
3170-137482-0021_3081-166546-0061:1,3081,3.5062012672424316,2.3221254348754883,-1.1840758323669434,False,False
652-130737-0011_1673-143396-0014:0,652,16.113420486450195,15.958137512207031,-0.15528297424316406,False,False
652-130737-0011_1673-143396-0014:1,1673,10.30982780456543,10.216238021850586,-0.09358978271484375,False,False
251-118436-0003_422-122949-0028:0,251,-11.14191722869873,5.9227399826049805,17.06465721130371,True,False
251-118436-0003_422-122949-0028:1,422,7.964135646820068,6.810815334320068,-1.1533203125,False,False
1988-148538-0003_3853-163249-0041:0,1988,-21.848880767822266,-20.826751708984375,1.0221290588378906,True,True
1988-148538-0003_3853-163249-0041:1,3853,8.544519424438477,8.215421676635742,-0.3290977478027344,False,False
84-121550-0012_8297-275156-0000:0,84,15.204782485961914,15.158368110656738,-0.04641437530517578,False,False
84-121550-0012_8297-275156-0000:1,8297,13.13199234008789,13.47711181640625,0.3451194763183594,False,False
1993-147966-0001_2428-83699-0025:0,1993,14.5018892288208,14.65846061706543,0.1565713882446289,False,False
1993-147966-0001_2428-83699-0025:1,2428,11.77701187133789,11.759389877319336,-0.017621994018554688,False,False
5536-43363-0017_7850-286674-0014:0,5536,12.647778511047363,12.491044998168945,-0.15673351287841797,False,False
5536-43363-0017_7850-286674-0014:1,7850,13.921996116638184,13.620763778686523,-0.30123233795166016,False,False
2428-83705-0006_174-168635-0015:0,2428,-0.6275652647018433,-2.493194580078125,-1.8656293153762817,False,False
2428-83705-0006_174-168635-0015:1,174,5.440248489379883,4.110690116882324,-1.3295583724975586,False,False
2078-142845-0047_1919-142785-0012:0,2078,13.650800704956055,15.116195678710938,1.4653949737548828,False,False
2078-142845-0047_1919-142785-0012:1,1919,11.962665557861328,12.939216613769531,0.9765510559082031,False,False
3536-8226-0022_1272-135031-0023:0,3536,15.078624725341797,15.072280883789062,-0.006343841552734375,False,False
3536-8226-0022_1272-135031-0023:1,1272,19.248611450195312,19.315473556518555,0.06686210632324219,False,False
1919-142785-0041_5694-64029-0012:0,1919,14.511469841003418,14.511519432067871,4.9591064453125e-05,False,False
1919-142785-0041_5694-64029-0012:1,5694,14.85720157623291,14.982619285583496,0.12541770935058594,False,False
2277-149896-0007_3853-163249-0048:0,2277,14.367877960205078,15.25646686553955,0.8885889053344727,False,False
2277-149896-0007_3853-163249-0048:1,3853,14.842023849487305,14.78115463256836,-0.06086921691894531,False,False
7976-110523-0008_2428-83699-0002:0,7976,15.942378044128418,15.76500129699707,-0.17737674713134766,False,False
7976-110523-0008_2428-83699-0002:1,2428,11.5507230758667,11.803695678710938,0.2529726028442383,False,False
3081-166546-0059_3576-138058-0029:0,3081,15.398880004882812,14.929206848144531,-0.46967315673828125,False,False
3081-166546-0059_3576-138058-0029:1,3576,-3.2614808082580566,5.643589019775391,8.905069828033447,False,False
2277-149874-0005_5694-64025-0023:0,2277,17.20121192932129,17.2557373046875,0.05452537536621094,False,False
2277-149874-0005_5694-64025-0023:1,5694,15.560406684875488,15.628703117370605,0.06829643249511719,False,False
6345-64257-0013_6241-61946-0008:0,6345,13.94149398803711,13.813434600830078,-0.12805938720703125,False,False
6345-64257-0013_6241-61946-0008:1,6241,11.239809036254883,11.258209228515625,0.018400192260742188,False,False
1462-170145-0006_777-126732-0066:0,1462,13.560164451599121,13.553157806396484,-0.007006645202636719,False,False
1462-170145-0006_777-126732-0066:1,777,11.665631294250488,11.638513565063477,-0.02711772918701172,False,False
3536-8226-0015_5536-43359-0009:0,3536,1.4668822288513184,2.38515567779541,0.9182734489440918,False,False
3536-8226-0015_5536-43359-0009:1,5536,17.133634567260742,16.687002182006836,-0.44663238525390625,False,False
3081-166546-0026_7850-281318-0001:0,3081,10.49652099609375,10.186630249023438,-0.3098907470703125,False,False
3081-166546-0026_7850-281318-0001:1,7850,3.082946538925171,9.516633033752441,6.4336864948272705,False,False
1462-170145-0004_3576-138058-0027:0,1462,8.244174003601074,9.325610160827637,1.0814361572265625,False,False
1462-170145-0004_3576-138058-0027:1,3576,13.157764434814453,11.322696685791016,-1.8350677490234375,False,False
1673-143397-0002_3752-4943-0000:0,1673,14.220016479492188,14.267009735107422,0.046993255615234375,False,False
1673-143397-0002_3752-4943-0000:1,3752,17.222496032714844,17.03783416748047,-0.184661865234375,False,False
8842-302196-0012_652-129742-0003:0,8842,10.412233352661133,10.632217407226562,0.2199840545654297,False,False
8842-302196-0012_652-129742-0003:1,652,14.2535400390625,14.316680908203125,0.063140869140625,False,False
2902-9006-0010_2803-154328-0021:0,2902,13.295631408691406,13.336618423461914,0.04098701477050781,False,False
2902-9006-0010_2803-154328-0021:1,2803,16.912996292114258,16.721538543701172,-0.19145774841308594,False,False
7850-281318-0017_6241-61943-0025:0,7850,14.407867431640625,14.412302017211914,0.0044345855712890625,False,False
7850-281318-0017_6241-61943-0025:1,6241,12.377628326416016,12.044777870178223,-0.33285045623779297,False,False
8297-275154-0021_5895-34622-0009:0,8297,15.15369987487793,15.068357467651367,-0.0853424072265625,False,False
8297-275154-0021_5895-34622-0009:1,5895,16.837387084960938,16.859546661376953,0.022159576416015625,False,False
6345-93306-0005_1272-128104-0002:0,6345,14.22262954711914,14.290769577026367,0.06814002990722656,False,False
6345-93306-0005_1272-128104-0002:1,1272,15.257901191711426,15.123917579650879,-0.13398361206054688,False,False
6345-93302-0019_1462-170142-0015:0,6345,16.28551483154297,15.737858772277832,-0.5476560592651367,False,False
6345-93302-0019_1462-170142-0015:1,1462,11.470407485961914,10.902413368225098,-0.5679941177368164,False,False
1993-147964-0000_7976-105575-0005:0,1993,14.78720760345459,12.581130981445312,-2.2060766220092773,False,False
1993-147964-0000_7976-105575-0005:1,7976,15.245107650756836,15.751530647277832,0.5064229965209961,False,False
1673-143397-0018_652-130726-0028:0,1673,14.522513389587402,14.542922019958496,0.02040863037109375,False,False
1673-143397-0018_652-130726-0028:1,652,16.248634338378906,16.342714309692383,0.09407997131347656,False,False
2428-83705-0020_2035-147961-0038:0,2428,12.707874298095703,12.687389373779297,-0.02048492431640625,False,False
2428-83705-0020_2035-147961-0038:1,2035,15.242410659790039,15.04466438293457,-0.19774627685546875,False,False
84-121123-0021_7976-105575-0003:0,84,15.193145751953125,15.26409912109375,0.070953369140625,False,False
84-121123-0021_7976-105575-0003:1,7976,15.345985412597656,15.531170845031738,0.18518543243408203,False,False
3000-15664-0021_5694-64029-0004:0,3000,7.007317543029785,6.472916603088379,-0.5344009399414062,False,False
3000-15664-0021_5694-64029-0004:1,5694,12.35159969329834,12.629647254943848,0.2780475616455078,False,False
6345-64257-0011_2086-149220-0018:0,6345,17.812698364257812,17.989608764648438,0.176910400390625,False,False
6345-64257-0011_2086-149220-0018:1,2086,12.820405006408691,12.854491233825684,0.03408622741699219,False,False
6295-64301-0021_3170-137482-0018:0,6295,11.301551818847656,11.402203559875488,0.10065174102783203,False,False
6295-64301-0021_3170-137482-0018:1,3170,13.240428924560547,13.161931037902832,-0.07849788665771484,False,False
1993-147149-0017_5338-284437-0031:0,1993,16.64444351196289,16.589244842529297,-0.05519866943359375,False,False
1993-147149-0017_5338-284437-0031:1,5338,17.985536575317383,18.102420806884766,0.11688423156738281,False,False
1988-147956-0010_3081-166546-0081:0,1988,9.430724143981934,5.6892595291137695,-3.741464614868164,False,False
1988-147956-0010_3081-166546-0081:1,3081,12.887699127197266,11.767192840576172,-1.1205062866210938,False,False
1988-147956-0002_2086-149220-0005:0,1988,15.074881553649902,15.293377876281738,0.21849632263183594,False,False
1988-147956-0002_2086-149220-0005:1,2086,15.398239135742188,15.260000228881836,-0.13823890686035156,False,False
5895-34629-0023_3576-138058-0016:0,5895,15.377309799194336,15.387487411499023,0.0101776123046875,False,False
5895-34629-0023_3576-138058-0016:1,3576,15.025717735290527,15.191559791564941,0.16584205627441406,False,False
2803-154328-0017_8297-275155-0016:0,2803,13.704229354858398,13.472512245178223,-0.23171710968017578,False,False
2803-154328-0017_8297-275155-0016:1,8297,9.791194915771484,7.731779098510742,-2.059415817260742,False,False
84-121550-0010_6295-64301-0002:0,84,13.750042915344238,14.060603141784668,0.3105602264404297,False,False
84-121550-0010_6295-64301-0002:1,6295,14.307915687561035,14.784415245056152,0.4764995574951172,False,False
652-130726-0007_6345-93302-0020:0,652,14.089877128601074,14.091469764709473,0.0015926361083984375,False,False
652-130726-0007_6345-93302-0020:1,6345,12.915664672851562,12.627374649047852,-0.28829002380371094,False,False
2086-149220-0004_1919-142785-0025:0,2086,15.099560737609863,14.837838172912598,-0.2617225646972656,False,False
2086-149220-0004_1919-142785-0025:1,1919,16.079936981201172,15.98917007446289,-0.09076690673828125,False,False
3081-166546-0065_422-122949-0007:0,3081,14.304349899291992,13.920129776000977,-0.3842201232910156,False,False
3081-166546-0065_422-122949-0007:1,422,7.56946325302124,8.515920639038086,0.9464573860168457,False,False
6319-275224-0001_6345-64257-0003:0,6319,-33.818328857421875,-32.638671875,1.179656982421875,True,True
6319-275224-0001_6345-64257-0003:1,6345,13.974468231201172,14.042253494262695,0.06778526306152344,False,False
7976-105575-0004_5536-43359-0000:0,7976,14.463347434997559,14.443416595458984,-0.01993083953857422,False,False
7976-105575-0004_5536-43359-0000:1,5536,14.312555313110352,14.20427131652832,-0.10828399658203125,False,False
3576-138058-0021_7976-110523-0021:0,3576,10.858731269836426,10.653215408325195,-0.20551586151123047,False,False
3576-138058-0021_7976-110523-0021:1,7976,9.718460083007812,8.39287281036377,-1.325587272644043,False,False
2412-153948-0003_2086-149220-0006:0,2412,15.843283653259277,15.839155197143555,-0.004128456115722656,False,False
2412-153948-0003_2086-149220-0006:1,2086,12.233744621276855,12.333294868469238,0.09955024719238281,False,False
2277-149897-0012_7976-110124-0018:0,2277,-2.617514133453369,3.2102460861206055,5.827760219573975,True,False
2277-149897-0012_7976-110124-0018:1,7976,11.74814510345459,11.795563697814941,0.04741859436035156,False,False
3576-138058-0023_6295-64301-0016:0,3576,15.491815567016602,15.279287338256836,-0.21252822875976562,False,False
3576-138058-0023_6295-64301-0016:1,6295,13.342679977416992,12.961610794067383,-0.3810691833496094,False,False
1988-147956-0019_8297-275154-0002:0,1988,13.976219177246094,14.030900955200195,0.05468177795410156,False,False
1988-147956-0019_8297-275154-0002:1,8297,14.621689796447754,14.829310417175293,0.20762062072753906,False,False
8297-275155-0011_174-168635-0020:0,8297,12.575127601623535,12.723090171813965,0.1479625701904297,False,False
8297-275155-0011_174-168635-0020:1,174,14.678199768066406,14.888326644897461,0.2101268768310547,False,False
3170-137482-0046_6241-61943-0011:0,3170,4.893831729888916,7.392866134643555,2.4990344047546387,False,False
3170-137482-0046_6241-61943-0011:1,6241,2.2398159503936768,1.6440889835357666,-0.5957269668579102,False,False
1993-147964-0006_251-118436-0005:0,1993,16.465322494506836,16.58643913269043,0.12111663818359375,False,False
1993-147964-0006_251-118436-0005:1,251,12.001142501831055,12.058086395263672,0.05694389343261719,False,False
2428-83705-0025_3536-23268-0024:0,2428,13.286283493041992,13.380775451660156,0.09449195861816406,False,False
2428-83705-0025_3536-23268-0024:1,3536,15.218339920043945,15.339630126953125,0.12129020690917969,False,False
5895-34629-0003_8297-275155-0032:0,5895,19.352249145507812,19.255950927734375,-0.0962982177734375,False,False
5895-34629-0003_8297-275155-0032:1,8297,13.091750144958496,13.076502799987793,-0.015247344970703125,False,False
3576-138058-0030_2078-142845-0038:0,3576,12.646525382995605,13.268943786621094,0.6224184036254883,False,False
3576-138058-0030_2078-142845-0038:1,2078,7.874216556549072,8.82351303100586,0.9492964744567871,False,False
1462-170138-0005_7850-281318-0014:0,1462,15.243788719177246,16.113697052001953,0.869908332824707,False,False
1462-170138-0005_7850-281318-0014:1,7850,9.72171688079834,9.27255916595459,-0.44915771484375,False,False
174-168635-0019_777-126732-0044:0,174,12.24035358428955,12.418045997619629,0.17769241333007812,False,False
174-168635-0019_777-126732-0044:1,777,11.383827209472656,11.373661041259766,-0.010166168212890625,False,False
3752-4943-0003_2428-83699-0040:0,3752,17.769405364990234,17.786731719970703,0.01732635498046875,False,False
3752-4943-0003_2428-83699-0040:1,2428,11.658607482910156,11.643291473388672,-0.015316009521484375,False,False
6313-66129-0013_2035-152373-0012:0,6313,6.497119426727295,5.511022567749023,-0.9860968589782715,False,False
6313-66129-0013_2035-152373-0012:1,2035,8.576522827148438,9.015739440917969,0.43921661376953125,False,False
1919-142785-0050_6313-66129-0015:0,1919,13.87302017211914,13.790714263916016,-0.082305908203125,False,False
1919-142785-0050_6313-66129-0015:1,6313,12.70138931274414,12.54767894744873,-0.15371036529541016,False,False
3752-4943-0021_84-121550-0018:0,3752,15.486831665039062,15.904773712158203,0.4179420471191406,False,False
3752-4943-0021_84-121550-0018:1,84,12.718326568603516,12.761303901672363,0.042977333068847656,False,False
1988-147956-0028_2428-83699-0028:0,1988,9.123534202575684,9.044937133789062,-0.0785970687866211,False,False
1988-147956-0028_2428-83699-0028:1,2428,14.355279922485352,14.458525657653809,0.10324573516845703,False,False
8842-302196-0000_3752-4943-0005:0,8842,12.157181739807129,12.277130126953125,0.1199483871459961,False,False
8842-302196-0000_3752-4943-0005:1,3752,13.576739311218262,13.441512107849121,-0.13522720336914062,False,False
3081-166546-0000_6295-244435-0016:0,3081,8.407905578613281,7.420654296875,-0.9872512817382812,False,False
3081-166546-0000_6295-244435-0016:1,6295,10.161947250366211,10.226757049560547,0.06480979919433594,False,False
1272-141231-0015_7976-105575-0007:0,1272,16.715877532958984,16.661922454833984,-0.053955078125,False,False
1272-141231-0015_7976-105575-0007:1,7976,16.10014533996582,16.181528091430664,0.08138275146484375,False,False
3536-23268-0027_3081-166546-0029:0,3536,9.484939575195312,8.683465957641602,-0.8014736175537109,False,False
3536-23268-0027_3081-166546-0029:1,3081,9.459256172180176,7.2471022605896,-2.212153911590576,False,False
2412-153954-0007_7850-286674-0002:0,2412,17.398155212402344,17.234539031982422,-0.16361618041992188,False,False
2412-153954-0007_7850-286674-0002:1,7850,2.24542498588562,-7.284702301025391,-9.53012728691101,False,True
5895-34629-0030_1673-143396-0017:0,5895,13.69236946105957,12.280061721801758,-1.4123077392578125,False,False
5895-34629-0030_1673-143396-0017:1,1673,6.203239917755127,6.867451190948486,0.6642112731933594,False,False
652-130726-0022_3081-166546-0044:0,652,7.789186954498291,7.672996997833252,-0.11618995666503906,False,False
652-130726-0022_3081-166546-0044:1,3081,9.27461051940918,8.476319313049316,-0.7982912063598633,False,False
3752-4943-0012_3536-23268-0023:0,3752,17.128602981567383,17.259435653686523,0.13083267211914062,False,False
3752-4943-0012_3536-23268-0023:1,3536,13.7425537109375,13.591053009033203,-0.15150070190429688,False,False
6313-66125-0011_2412-153947-0008:0,6313,11.460596084594727,11.308408737182617,-0.15218734741210938,False,False
6313-66125-0011_2412-153947-0008:1,2412,13.268026351928711,13.826704025268555,0.5586776733398438,False,False
2086-149220-0014_6295-64301-0011:0,2086,14.374951362609863,14.312542915344238,-0.062408447265625,False,False
2086-149220-0014_6295-64301-0011:1,6295,12.428598403930664,12.847738265991211,0.4191398620605469,False,False
5895-34622-0017_251-136532-0005:0,5895,12.888809204101562,12.815481185913086,-0.07332801818847656,False,False
5895-34622-0017_251-136532-0005:1,251,13.765608787536621,14.01074504852295,0.24513626098632812,False,False
2035-147960-0014_6319-64726-0010:0,2035,15.742523193359375,15.803752899169922,0.061229705810546875,False,False
2035-147960-0014_6319-64726-0010:1,6319,11.996991157531738,12.521120071411133,0.5241289138793945,False,False
3081-166546-0055_2078-142845-0029:0,3081,7.969549179077148,7.524545669555664,-0.4450035095214844,False,False
3081-166546-0055_2078-142845-0029:1,2078,9.192276000976562,9.592996597290039,0.40072059631347656,False,False
6345-64257-0006_2086-149220-0007:0,6345,16.226579666137695,16.405614852905273,0.17903518676757812,False,False
6345-64257-0006_2086-149220-0007:1,2086,17.36105728149414,17.329362869262695,-0.03169441223144531,False,False
2803-161169-0007_5694-64029-0031:0,2803,4.825634479522705,7.377313137054443,2.5516786575317383,False,False
2803-161169-0007_5694-64029-0031:1,5694,4.9179840087890625,5.155640602111816,0.2376565933227539,False,False
3853-163249-0003_7850-281318-0002:0,3853,5.293257236480713,0.6222314238548279,-4.671025812625885,False,False
3853-163249-0003_7850-281318-0002:1,7850,13.419877052307129,13.25914192199707,-0.1607351303100586,False,False
1988-147956-0021_5536-43359-0006:0,1988,15.455846786499023,15.107441902160645,-0.3484048843383789,False,False
1988-147956-0021_5536-43359-0006:1,5536,12.540975570678711,12.577902793884277,0.036927223205566406,False,False
6241-61943-0012_2078-142845-0033:0,6241,14.375375747680664,14.319433212280273,-0.055942535400390625,False,False
6241-61943-0012_2078-142845-0033:1,2078,10.910491943359375,10.785035133361816,-0.1254568099975586,False,False
7976-105575-0019_3536-23268-0009:0,7976,11.402240753173828,11.204164505004883,-0.1980762481689453,False,False
7976-105575-0019_3536-23268-0009:1,3536,12.056361198425293,12.0989408493042,0.04257965087890625,False,False
3536-8226-0010_6313-66125-0007:0,3536,8.226694107055664,11.405975341796875,3.179281234741211,False,False
3536-8226-0010_6313-66125-0007:1,6313,15.985909461975098,16.687854766845703,0.7019453048706055,False,False
2803-154328-0004_2412-153947-0007:0,2803,15.69325065612793,15.68464183807373,-0.008608818054199219,False,False
2803-154328-0004_2412-153947-0007:1,2412,14.303208351135254,14.111130714416504,-0.19207763671875,False,False
6241-61946-0017_3081-166546-0088:0,6241,10.020691871643066,11.179802894592285,1.1591110229492188,False,False
6241-61946-0017_3081-166546-0088:1,3081,9.402656555175781,9.721970558166504,0.31931400299072266,False,False
7976-110523-0011_2428-83705-0001:0,7976,16.24407958984375,16.140005111694336,-0.10407447814941406,False,False
7976-110523-0011_2428-83705-0001:1,2428,11.403138160705566,11.265318870544434,-0.1378192901611328,False,False
6241-66616-0014_3752-4943-0023:0,6241,12.79237174987793,11.290789604187012,-1.501582145690918,False,False
6241-66616-0014_3752-4943-0023:1,3752,9.743887901306152,10.565394401550293,0.8215065002441406,False,False
7976-105575-0027_2803-154320-0005:0,7976,15.795448303222656,15.885872840881348,0.0904245376586914,False,False
7976-105575-0027_2803-154320-0005:1,2803,14.760478973388672,14.512899398803711,-0.24757957458496094,False,False
7976-105575-0026_2035-147960-0003:0,7976,15.912315368652344,16.008975982666016,0.09666061401367188,False,False
7976-105575-0026_2035-147960-0003:1,2035,14.136852264404297,14.413666725158691,0.27681446075439453,False,False
8842-302201-0011_3170-137482-0022:0,8842,15.948132514953613,16.069480895996094,0.12134838104248047,False,False
8842-302201-0011_3170-137482-0022:1,3170,11.820658683776855,11.763225555419922,-0.057433128356933594,False,False
1993-147149-0005_5895-34629-0009:0,1993,11.084672927856445,12.631284713745117,1.5466117858886719,False,False
1993-147149-0005_5895-34629-0009:1,5895,12.247563362121582,12.903709411621094,0.6561460494995117,False,False
7850-281318-0023_6313-66125-0014:0,7850,12.296346664428711,11.045028686523438,-1.2513179779052734,False,False
7850-281318-0023_6313-66125-0014:1,6313,11.15788459777832,10.861946105957031,-0.29593849182128906,False,False
8842-302201-0006_5694-64038-0024:0,8842,11.359394073486328,11.373517990112305,0.014123916625976562,False,False
8842-302201-0006_5694-64038-0024:1,5694,16.172500610351562,15.872099876403809,-0.3004007339477539,False,False
8842-304647-0012_3752-4943-0024:0,8842,16.874378204345703,16.783935546875,-0.09044265747070312,False,False
8842-304647-0012_3752-4943-0024:1,3752,12.953754425048828,12.83839225769043,-0.11536216735839844,False,False
5694-64029-0007_2277-149896-0005:0,5694,11.662493705749512,11.621061325073242,-0.04143238067626953,False,False
5694-64029-0007_2277-149896-0005:1,2277,15.393223762512207,15.452284812927246,0.05906105041503906,False,False
5338-284437-0000_1919-142785-0052:0,5338,14.969945907592773,15.214088439941406,0.2441425323486328,False,False
5338-284437-0000_1919-142785-0052:1,1919,17.278343200683594,17.43984031677246,0.1614971160888672,False,False
1272-128104-0006_2428-83705-0022:0,1272,13.707305908203125,13.628186225891113,-0.07911968231201172,False,False
1272-128104-0006_2428-83705-0022:1,2428,14.697319030761719,14.865355491638184,0.16803646087646484,False,False
3752-4943-0010_2277-149897-0004:0,3752,15.472378730773926,15.467164039611816,-0.005214691162109375,False,False
3752-4943-0010_2277-149897-0004:1,2277,14.37559986114502,14.392659187316895,0.017059326171875,False,False
251-137823-0022_2078-142845-0016:0,251,-3.8049874305725098,10.109872817993164,13.914860248565674,False,False
251-137823-0022_2078-142845-0016:1,2078,16.739152908325195,16.72270965576172,-0.016443252563476562,False,False
2277-149874-0010_652-130726-0018:0,2277,12.043283462524414,12.021747589111328,-0.021535873413085938,False,False
2277-149874-0010_652-130726-0018:1,652,15.723852157592773,15.642423629760742,-0.08142852783203125,False,False
2428-83699-0019_3752-4943-0008:0,2428,13.997732162475586,13.806331634521484,-0.19140052795410156,False,False
2428-83699-0019_3752-4943-0008:1,3752,12.404863357543945,12.564990997314453,0.1601276397705078,False,False
6313-76958-0005_2428-83705-0007:0,6313,14.156000137329102,13.91127872467041,-0.2447214126586914,False,False
6313-76958-0005_2428-83705-0007:1,2428,13.706645011901855,13.693002700805664,-0.013642311096191406,False,False
777-126732-0015_6313-66125-0017:0,777,11.346235275268555,11.597768783569336,0.25153350830078125,False,False
777-126732-0015_6313-66125-0017:1,6313,16.58262062072754,16.775415420532227,0.1927947998046875,False,False
3170-137482-0045_2428-83705-0033:0,3170,13.507652282714844,13.62986946105957,0.12221717834472656,False,False
3170-137482-0045_2428-83705-0033:1,2428,16.293764114379883,16.35631561279297,0.06255149841308594,False,False
8297-275154-0007_2078-142845-0019:0,8297,13.862293243408203,14.063139915466309,0.20084667205810547,False,False
8297-275154-0007_2078-142845-0019:1,2078,11.241594314575195,12.375812530517578,1.1342182159423828,False,False
8297-275156-0011_2412-153947-0009:0,8297,12.740179061889648,12.834531784057617,0.09435272216796875,False,False
8297-275156-0011_2412-153947-0009:1,2412,14.61796760559082,14.706948280334473,0.08898067474365234,False,False
1919-142785-0040_5895-34615-0020:0,1919,10.920736312866211,8.373838424682617,-2.5468978881835938,False,False
1919-142785-0040_5895-34615-0020:1,5895,13.895454406738281,12.514200210571289,-1.3812541961669922,False,False
251-137823-0018_2902-9006-0002:0,251,15.512508392333984,15.621397018432617,0.10888862609863281,False,False
251-137823-0018_2902-9006-0002:1,2902,14.264378547668457,14.339219093322754,0.07484054565429688,False,False
3170-137482-0040_3536-8226-0011:0,3170,15.237590789794922,15.444799423217773,0.20720863342285156,False,False
3170-137482-0040_3536-8226-0011:1,3536,17.735416412353516,17.70812225341797,-0.027294158935546875,False,False
7976-105575-0023_1272-128104-0013:0,7976,19.642745971679688,19.76097869873047,0.11823272705078125,False,False
7976-105575-0023_1272-128104-0013:1,1272,15.752161026000977,15.770408630371094,0.018247604370117188,False,False
251-136532-0007_3752-4944-0068:0,251,8.895878791809082,6.232182025909424,-2.663696765899658,False,False
251-136532-0007_3752-4944-0068:1,3752,15.232528686523438,14.789849281311035,-0.44267940521240234,False,False
2902-9008-0010_6345-93302-0003:0,2902,12.690286636352539,13.008115768432617,0.3178291320800781,False,False
2902-9008-0010_6345-93302-0003:1,6345,15.118281364440918,15.265847206115723,0.1475658416748047,False,False
2277-149896-0020_3752-4944-0028:0,2277,15.461645126342773,15.500299453735352,0.038654327392578125,False,False
2277-149896-0020_3752-4944-0028:1,3752,16.308666229248047,16.318334579467773,0.009668350219726562,False,False
3081-166546-0052_3170-137482-0014:0,3081,7.272370338439941,6.627967834472656,-0.6444025039672852,False,False
3081-166546-0052_3170-137482-0014:1,3170,9.50229263305664,9.736862182617188,0.23456954956054688,False,False
5694-64038-0004_8842-302203-0004:0,5694,13.30209732055664,13.28236198425293,-0.019735336303710938,False,False
5694-64038-0004_8842-302203-0004:1,8842,13.063650131225586,13.65261459350586,0.5889644622802734,False,False
6345-93306-0007_3853-163249-0029:0,6345,12.345849990844727,16.46861457824707,4.122764587402344,False,False
6345-93306-0007_3853-163249-0029:1,3853,7.42852783203125,5.82669734954834,-1.6018304824829102,False,False
3081-166546-0082_3536-23268-0026:0,3081,8.774270057678223,8.63300609588623,-0.1412639617919922,False,False
3081-166546-0082_3536-23268-0026:1,3536,9.588534355163574,9.165295600891113,-0.42323875427246094,False,False
1462-170142-0037_8842-302203-0000:0,1462,14.373672485351562,14.749046325683594,0.37537384033203125,False,False
1462-170142-0037_8842-302203-0000:1,8842,15.376578330993652,15.593022346496582,0.2164440155029297,False,False
7976-105575-0014_1993-147964-0005:0,7976,15.154329299926758,15.278314590454102,0.12398529052734375,False,False
7976-105575-0014_1993-147964-0005:1,1993,12.714398384094238,12.295182228088379,-0.4192161560058594,False,False
3000-15664-0002_6319-275224-0000:0,3000,14.032405853271484,10.788379669189453,-3.2440261840820312,False,False
3000-15664-0002_6319-275224-0000:1,6319,8.2193021774292,9.510580062866211,1.2912778854370117,False,False
2086-149220-0021_5536-43363-0012:0,2086,9.780391693115234,9.70069694519043,-0.07969474792480469,False,False
2086-149220-0021_5536-43363-0012:1,5536,10.084177017211914,10.924967765808105,0.8407907485961914,False,False
1462-170138-0007_3752-4943-0025:0,1462,15.28036880493164,15.136697769165039,-0.14367103576660156,False,False
1462-170138-0007_3752-4943-0025:1,3752,17.727006912231445,17.5562801361084,-0.17072677612304688,False,False
3752-4943-0004_6241-61946-0014:0,3752,9.337003707885742,9.417060852050781,0.08005714416503906,False,False
3752-4943-0004_6241-61946-0014:1,6241,13.644197463989258,13.864297866821289,0.22010040283203125,False,False
3752-4944-0064_2078-142845-0012:0,3752,16.20071792602539,16.176862716674805,-0.023855209350585938,False,False
3752-4944-0064_2078-142845-0012:1,2078,12.965285301208496,12.85713005065918,-0.1081552505493164,False,False
8297-275154-0003_7976-105575-0010:0,8297,12.811697006225586,12.70289421081543,-0.10880279541015625,False,False
8297-275154-0003_7976-105575-0010:1,7976,17.927715301513672,18.065732955932617,0.1380176544189453,False,False
652-129742-0017_2412-153948-0014:0,652,9.461981773376465,9.498269081115723,0.03628730773925781,False,False
652-129742-0017_2412-153948-0014:1,2412,10.143133163452148,10.142065048217773,-0.001068115234375,False,False
3536-8226-0003_6241-61943-0008:0,3536,8.953752517700195,9.470579147338867,0.5168266296386719,False,False
3536-8226-0003_6241-61943-0008:1,6241,16.9278621673584,17.021970748901367,0.09410858154296875,False,False
1462-170138-0008_2277-149874-0016:0,1462,13.054533004760742,13.053131103515625,-0.0014019012451171875,False,False
1462-170138-0008_2277-149874-0016:1,2277,16.400680541992188,16.308256149291992,-0.09242439270019531,False,False
6345-93302-0000_777-126732-0041:0,6345,13.150471687316895,13.028141021728516,-0.1223306655883789,False,False
6345-93302-0000_777-126732-0041:1,777,12.672815322875977,12.870198249816895,0.19738292694091797,False,False
1988-24833-0018_1272-135031-0010:0,1988,13.88941478729248,13.896212577819824,0.00679779052734375,False,False
1988-24833-0018_1272-135031-0010:1,1272,16.41080093383789,16.483642578125,0.07284164428710938,False,False
8842-302196-0010_2902-9008-0003:0,8842,14.218733787536621,13.91884708404541,-0.29988670349121094,False,False
8842-302196-0010_2902-9008-0003:1,2902,12.286008834838867,12.175054550170898,-0.11095428466796875,False,False
2412-153947-0002_422-122949-0033:0,2412,13.442745208740234,13.188240051269531,-0.2545051574707031,False,False
2412-153947-0002_422-122949-0033:1,422,15.686860084533691,15.729696273803711,0.04283618927001953,False,False
2428-83699-0016_1988-147956-0005:0,2428,10.690176010131836,10.754875183105469,0.06469917297363281,False,False
2428-83699-0016_1988-147956-0005:1,1988,12.253801345825195,12.452594757080078,0.1987934112548828,False,False
777-126732-0036_6241-66616-0021:0,777,9.712691307067871,8.618338584899902,-1.0943527221679688,False,False
777-126732-0036_6241-66616-0021:1,6241,-4.1669816970825195,-6.749033451080322,-2.5820517539978027,True,True
8297-275155-0027_6319-57405-0008:0,8297,14.583161354064941,14.403399467468262,-0.1797618865966797,False,False
8297-275155-0027_6319-57405-0008:1,6319,16.03653335571289,16.092660903930664,0.05612754821777344,False,False
5694-64029-0020_1988-148538-0012:0,5694,8.369135856628418,7.70311164855957,-0.6660242080688477,False,False
5694-64029-0020_1988-148538-0012:1,1988,14.178174018859863,11.725250244140625,-2.4529237747192383,False,False
777-126732-0008_7976-110124-0006:0,777,13.289848327636719,13.340232849121094,0.050384521484375,False,False
777-126732-0008_7976-110124-0006:1,7976,15.470635414123535,15.610859870910645,0.14022445678710938,False,False
777-126732-0022_1462-170142-0002:0,777,18.346210479736328,18.307453155517578,-0.03875732421875,False,False
777-126732-0022_1462-170142-0002:1,1462,13.063169479370117,12.984081268310547,-0.07908821105957031,False,False
1988-24833-0004_2428-83705-0016:0,1988,-26.293651580810547,-25.346446990966797,0.94720458984375,True,True
1988-24833-0004_2428-83705-0016:1,2428,15.1187162399292,14.367378234863281,-0.751338005065918,False,False
3752-4944-0018_777-126732-0065:0,3752,11.580784797668457,11.47935676574707,-0.10142803192138672,False,False
3752-4944-0018_777-126732-0065:1,777,13.036680221557617,12.90859603881836,-0.1280841827392578,False,False
6319-64726-0008_777-126732-0021:0,6319,13.353212356567383,13.214564323425293,-0.13864803314208984,False,False
6319-64726-0008_777-126732-0021:1,777,13.003379821777344,13.009368896484375,0.00598907470703125,False,False
251-118436-0013_1272-141231-0024:0,251,-15.25681209564209,4.085809707641602,19.34262180328369,True,False
251-118436-0013_1272-141231-0024:1,1272,13.519801139831543,13.675450325012207,0.15564918518066406,False,False
7976-110124-0001_777-126732-0034:0,7976,14.98681640625,14.736770629882812,-0.2500457763671875,False,False
7976-110124-0001_777-126732-0034:1,777,13.709795951843262,13.619213104248047,-0.09058284759521484,False,False
251-118436-0004_652-130726-0024:0,251,10.731110572814941,11.639348030090332,0.9082374572753906,False,False
251-118436-0004_652-130726-0024:1,652,15.784793853759766,15.76511001586914,-0.019683837890625,False,False
2277-149896-0021_6313-66129-0008:0,2277,-29.520347595214844,-28.987960815429688,0.5323867797851562,True,True
2277-149896-0021_6313-66129-0008:1,6313,14.385171890258789,14.521076202392578,0.13590431213378906,False,False
652-129742-0009_5338-24615-0001:0,652,13.03424072265625,13.064190864562988,0.02995014190673828,False,False
652-129742-0009_5338-24615-0001:1,5338,13.868979454040527,13.905013084411621,0.03603363037109375,False,False
652-129742-0008_6241-61946-0004:0,652,7.592020034790039,9.119029998779297,1.5270099639892578,False,False
652-129742-0008_6241-61946-0004:1,6241,-2.449549674987793,-2.1668102741241455,0.28273940086364746,False,False
251-118436-0011_84-121550-0035:0,251,14.654451370239258,14.946500778198242,0.2920494079589844,False,False
251-118436-0011_84-121550-0035:1,84,10.783096313476562,10.659011840820312,-0.12408447265625,False,False
5536-43363-0008_5694-64029-0005:0,5536,12.66413688659668,12.55231761932373,-0.11181926727294922,False,False
5536-43363-0008_5694-64029-0005:1,5694,9.241674423217773,9.493295669555664,0.2516212463378906,False,False
6319-64726-0011_3536-8226-0026:0,6319,15.944169998168945,15.849014282226562,-0.09515571594238281,False,False
6319-64726-0011_3536-8226-0026:1,3536,6.75883150100708,7.541250228881836,0.7824187278747559,False,False
8297-275154-0013_174-50561-0005:0,8297,10.801965713500977,10.234701156616211,-0.5672645568847656,False,False
8297-275154-0013_174-50561-0005:1,174,9.709956169128418,10.543416023254395,0.8334598541259766,False,False
174-50561-0003_1993-147964-0008:0,174,10.383286476135254,10.758423805236816,0.3751373291015625,False,False
174-50561-0003_1993-147964-0008:1,1993,10.220722198486328,10.330809593200684,0.11008739471435547,False,False
7850-73752-0006_777-126732-0060:0,7850,12.598567962646484,12.708734512329102,0.11016654968261719,False,False
7850-73752-0006_777-126732-0060:1,777,16.618057250976562,16.673641204833984,0.055583953857421875,False,False
3536-23268-0028_2035-147961-0030:0,3536,6.1525492668151855,4.399002552032471,-1.7535467147827148,False,False
3536-23268-0028_2035-147961-0030:1,2035,0.6855652928352356,9.59592056274414,8.910355269908905,False,False
1673-143397-0005_3000-15664-0042:0,1673,13.496625900268555,13.528156280517578,0.03153038024902344,False,False
1673-143397-0005_3000-15664-0042:1,3000,19.66912841796875,19.60464096069336,-0.06448745727539062,False,False
2277-149897-0023_1673-143396-0012:0,2277,12.051034927368164,1.0355055332183838,-11.01552939414978,False,False
2277-149897-0023_1673-143396-0012:1,1673,16.238414764404297,16.15826416015625,-0.08015060424804688,False,False
2277-149897-0003_2428-83705-0005:0,2277,-30.73379135131836,-29.961750030517578,0.7720413208007812,True,True
2277-149897-0003_2428-83705-0005:1,2428,16.778764724731445,16.827190399169922,0.04842567443847656,False,False
1993-147149-0011_3752-4943-0007:0,1993,9.298524856567383,9.577564239501953,0.2790393829345703,False,False
1993-147149-0011_3752-4943-0007:1,3752,12.379314422607422,14.266731262207031,1.8874168395996094,False,False
8297-275154-0027_5895-34629-0016:0,8297,18.963167190551758,18.90837860107422,-0.05478858947753906,False,False
8297-275154-0027_5895-34629-0016:1,5895,16.13833236694336,16.115760803222656,-0.022571563720703125,False,False
2277-149896-0008_6319-275224-0009:0,2277,-29.887428283691406,-33.11407470703125,-3.2266464233398438,True,True
2277-149896-0008_6319-275224-0009:1,6319,-16.48233985900879,-13.284255981445312,3.1980838775634766,True,True
5694-64029-0006_652-129742-0020:0,5694,11.179152488708496,12.09399700164795,0.9148445129394531,False,False
5694-64029-0006_652-129742-0020:1,652,15.002182006835938,14.968318939208984,-0.033863067626953125,False,False
2277-149874-0020_7976-110124-0024:0,2277,-2.083819627761841,-20.339468002319336,-18.255648374557495,False,True
2277-149874-0020_7976-110124-0024:1,7976,15.906078338623047,16.031585693359375,0.12550735473632812,False,False
2078-142845-0032_2428-83705-0028:0,2078,14.173377990722656,13.477850914001465,-0.6955270767211914,False,False
2078-142845-0032_2428-83705-0028:1,2428,13.538568496704102,13.83231258392334,0.2937440872192383,False,False
2412-153954-0012_8842-302201-0005:0,2412,16.912946701049805,16.929595947265625,0.016649246215820312,False,False
2412-153954-0012_8842-302201-0005:1,8842,11.318649291992188,11.348363876342773,0.029714584350585938,False,False
2035-147961-0001_251-137823-0021:0,2035,15.152679443359375,15.367198944091797,0.21451950073242188,False,False
2035-147961-0001_251-137823-0021:1,251,13.585701942443848,13.770011901855469,0.1843099594116211,False,False
2035-147961-0032_1272-135031-0017:0,2035,17.155982971191406,17.191394805908203,0.035411834716796875,False,False
2035-147961-0032_1272-135031-0017:1,1272,17.81270408630371,17.841920852661133,0.029216766357421875,False,False
6313-76958-0021_5895-34622-0022:0,6313,9.164073944091797,8.602181434631348,-0.5618925094604492,False,False
6313-76958-0021_5895-34622-0022:1,5895,9.201927185058594,9.365596771240234,0.16366958618164062,False,False
7976-110124-0002_2277-149897-0015:0,7976,13.359855651855469,13.776777267456055,0.41692161560058594,False,False
7976-110124-0002_2277-149897-0015:1,2277,15.354045867919922,15.778406143188477,0.4243602752685547,False,False
1272-135031-0000_84-121550-0031:0,1272,19.142505645751953,19.091476440429688,-0.051029205322265625,False,False
1272-135031-0000_84-121550-0031:1,84,15.35982894897461,15.39813232421875,0.038303375244140625,False,False
1993-147964-0004_6345-93302-0016:0,1993,14.593902587890625,3.7395968437194824,-10.854305744171143,False,False
1993-147964-0004_6345-93302-0016:1,6345,16.455791473388672,16.088787078857422,-0.36700439453125,False,False
1272-141231-0020_2277-149874-0018:0,1272,17.309301376342773,17.31119155883789,0.0018901824951171875,False,False
1272-141231-0020_2277-149874-0018:1,2277,17.119020462036133,16.612998962402344,-0.5060214996337891,False,False
2078-142845-0042_8297-275154-0026:0,2078,13.771978378295898,13.08898639678955,-0.6829919815063477,False,False
2078-142845-0042_8297-275154-0026:1,8297,13.426654815673828,13.634557723999023,0.2079029083251953,False,False
652-129742-0013_6345-93306-0016:0,652,9.660593032836914,9.555473327636719,-0.10511970520019531,False,False
652-129742-0013_6345-93306-0016:1,6345,17.176786422729492,17.117679595947266,-0.05910682678222656,False,False
7976-105575-0013_3536-8226-0016:0,7976,9.784491539001465,13.36262035369873,3.5781288146972656,False,False
7976-105575-0013_3536-8226-0016:1,3536,13.771838188171387,15.386991500854492,1.6151533126831055,False,False
6345-64257-0002_6241-66616-0002:0,6345,11.477148056030273,11.487083435058594,0.009935379028320312,False,False
6345-64257-0002_6241-66616-0002:1,6241,15.968570709228516,16.068378448486328,0.0998077392578125,False,False
6241-61943-0009_652-130737-0007:0,6241,11.403100967407227,12.336023330688477,0.93292236328125,False,False
6241-61943-0009_652-130737-0007:1,652,6.4210076332092285,6.7416605949401855,0.32065296173095703,False,False
2277-149897-0019_6241-61946-0007:0,2277,12.36751937866211,12.45355224609375,0.08603286743164062,False,False
2277-149897-0019_6241-61946-0007:1,6241,11.812509536743164,11.784896850585938,-0.027612686157226562,False,False
5694-64038-0023_5895-34629-0028:0,5694,17.775028228759766,17.69829559326172,-0.07673263549804688,False,False
5694-64038-0023_5895-34629-0028:1,5895,13.26315975189209,13.361916542053223,0.09875679016113281,False,False
1993-147965-0002_5694-64038-0013:0,1993,15.708683013916016,16.0096378326416,0.30095481872558594,False,False
1993-147965-0002_5694-64038-0013:1,5694,18.10211181640625,18.384428024291992,0.2823162078857422,False,False
6345-93302-0007_6295-64301-0030:0,6345,14.726442337036133,14.845193862915039,0.11875152587890625,False,False
6345-93302-0007_6295-64301-0030:1,6295,16.57040023803711,16.83570671081543,0.2653064727783203,False,False
2803-161169-0006_251-137823-0007:0,2803,12.722572326660156,13.373106002807617,0.6505336761474609,False,False
2803-161169-0006_251-137823-0007:1,251,12.794172286987305,13.073923110961914,0.2797508239746094,False,False
8842-304647-0009_5536-43359-0014:0,8842,10.902996063232422,10.685821533203125,-0.21717453002929688,False,False
8842-304647-0009_5536-43359-0014:1,5536,17.652935028076172,17.427526473999023,-0.22540855407714844,False,False
2428-83705-0004_5338-284437-0018:0,2428,13.05488395690918,13.011911392211914,-0.042972564697265625,False,False
2428-83705-0004_5338-284437-0018:1,5338,15.547143936157227,15.532156944274902,-0.014986991882324219,False,False
5895-34615-0017_2035-147961-0025:0,5895,14.151863098144531,13.972549438476562,-0.17931365966796875,False,False
5895-34615-0017_2035-147961-0025:1,2035,-28.5947208404541,-11.751811027526855,16.842909812927246,True,True
7850-73752-0010_6313-66125-0001:0,7850,7.610470771789551,9.440718650817871,1.8302478790283203,False,False
7850-73752-0010_6313-66125-0001:1,6313,16.44720458984375,15.187898635864258,-1.2593059539794922,False,False
3536-23268-0016_1988-24833-0010:0,3536,9.962939262390137,10.65198040008545,0.6890411376953125,False,False
3536-23268-0016_1988-24833-0010:1,1988,3.2512621879577637,5.020084857940674,1.7688226699829102,False,False
1993-147966-0006_3853-163249-0050:0,1993,-20.424287796020508,-12.624773025512695,7.7995147705078125,True,True
1993-147966-0006_3853-163249-0050:1,3853,1.3093881607055664,-16.389789581298828,-17.699177742004395,False,True
777-126732-0016_2035-147960-0009:0,777,16.784713745117188,16.777828216552734,-0.006885528564453125,False,False
777-126732-0016_2035-147960-0009:1,2035,13.634446144104004,13.593785285949707,-0.040660858154296875,False,False
6345-93302-0023_5536-43358-0010:0,6345,15.422250747680664,15.441076278686523,0.018825531005859375,False,False
6345-93302-0023_5536-43358-0010:1,5536,12.812711715698242,12.804277420043945,-0.008434295654296875,False,False
1919-142785-0019_1462-170145-0003:0,1919,-0.21126317977905273,10.485748291015625,10.697011470794678,False,False
1919-142785-0019_1462-170145-0003:1,1462,12.130717277526855,12.634024620056152,0.5033073425292969,False,False
3752-4944-0002_8297-275155-0006:0,3752,3.3058972358703613,2.0834784507751465,-1.2224187850952148,False,False
3752-4944-0002_8297-275155-0006:1,8297,-9.089847564697266,-9.362468719482422,-0.27262115478515625,True,True
3536-8226-0024_1673-143397-0014:0,3536,11.19532585144043,12.884560585021973,1.689234733581543,False,False
3536-8226-0024_1673-143397-0014:1,1673,14.33081340789795,14.124996185302734,-0.20581722259521484,False,False
5895-34622-0007_777-126732-0002:0,5895,14.379525184631348,14.287217140197754,-0.09230804443359375,False,False
5895-34622-0007_777-126732-0002:1,777,13.621723175048828,13.722527503967285,0.10080432891845703,False,False
6313-66129-0009_3752-4943-0011:0,6313,16.46765899658203,16.388900756835938,-0.07875823974609375,False,False
6313-66129-0009_3752-4943-0011:1,3752,15.770556449890137,15.79531478881836,0.024758338928222656,False,False
2035-147960-0001_1272-141231-0017:0,2035,18.320642471313477,18.498146057128906,0.1775035858154297,False,False
2035-147960-0001_1272-141231-0017:1,1272,16.91996955871582,17.021215438842773,0.10124588012695312,False,False
2902-9006-0011_3081-166546-0043:0,2902,6.995072364807129,9.093565940856934,2.0984935760498047,False,False
2902-9006-0011_3081-166546-0043:1,3081,3.383958101272583,3.09680438041687,-0.2871537208557129,False,False
6241-66616-0017_5694-64029-0009:0,6241,8.047785758972168,2.400289535522461,-5.647496223449707,False,False
6241-66616-0017_5694-64029-0009:1,5694,14.115060806274414,13.641666412353516,-0.47339439392089844,False,False
1462-170138-0010_3000-15664-0017:0,1462,16.72751808166504,17.024856567382812,0.29733848571777344,False,False
1462-170138-0010_3000-15664-0017:1,3000,13.721763610839844,13.893547058105469,0.171783447265625,False,False
251-118436-0009_3081-166546-0069:0,251,13.969380378723145,13.761816024780273,-0.2075643539428711,False,False
251-118436-0009_3081-166546-0069:1,3081,9.03484058380127,8.703778266906738,-0.33106231689453125,False,False
2412-153948-0011_8297-275154-0015:0,2412,15.497845649719238,15.285521507263184,-0.2123241424560547,False,False
2412-153948-0011_8297-275154-0015:1,8297,20.218639373779297,20.06279754638672,-0.15584182739257812,False,False
251-118436-0020_6345-93306-0017:0,251,18.000635147094727,18.03853988647461,0.03790473937988281,False,False
251-118436-0020_6345-93306-0017:1,6345,13.013848304748535,13.013009071350098,-0.0008392333984375,False,False
1462-170138-0006_2803-154320-0002:0,1462,12.1839017868042,12.032048225402832,-0.1518535614013672,False,False
1462-170138-0006_2803-154320-0002:1,2803,18.48725128173828,18.38484764099121,-0.10240364074707031,False,False
1462-170138-0025_8297-275154-0008:0,1462,15.381397247314453,15.283878326416016,-0.0975189208984375,False,False
1462-170138-0025_8297-275154-0008:1,8297,16.224266052246094,16.177257537841797,-0.047008514404296875,False,False
3752-4943-0028_1993-147965-0007:0,3752,13.475289344787598,13.497126579284668,0.021837234497070312,False,False
3752-4943-0028_1993-147965-0007:1,1993,18.897249221801758,19.097576141357422,0.20032691955566406,False,False
5895-34622-0014_3536-23268-0025:0,5895,17.712005615234375,17.678190231323242,-0.03381538391113281,False,False
5895-34622-0014_3536-23268-0025:1,3536,2.1578121185302734,3.8929905891418457,1.7351784706115723,False,False
2277-149897-0026_7976-105575-0024:0,2277,-18.332277297973633,-16.59613037109375,1.7361469268798828,True,True
2277-149897-0026_7976-105575-0024:1,7976,10.399463653564453,9.455974578857422,-0.9434890747070312,False,False
3853-163249-0018_3576-138058-0008:0,3853,14.626749992370605,10.865829467773438,-3.760920524597168,False,False
3853-163249-0018_3576-138058-0008:1,3576,12.242249488830566,10.007601737976074,-2.234647750854492,False,False
1272-141231-0002_2035-147961-0040:0,1272,14.80200481414795,14.683488845825195,-0.1185159683227539,False,False
1272-141231-0002_2035-147961-0040:1,2035,15.035760879516602,14.64784049987793,-0.3879203796386719,False,False
777-126732-0029_5895-34622-0003:0,777,11.23412036895752,11.232799530029297,-0.0013208389282226562,False,False
777-126732-0029_5895-34622-0003:1,5895,11.204082489013672,11.174723625183105,-0.029358863830566406,False,False
5895-34629-0033_1462-170138-0022:0,5895,16.168760299682617,16.046913146972656,-0.12184715270996094,False,False
5895-34629-0033_1462-170138-0022:1,1462,16.027318954467773,16.016008377075195,-0.011310577392578125,False,False
1673-143396-0018_1462-170142-0033:0,1673,18.042423248291016,17.85878562927246,-0.1836376190185547,False,False
1673-143396-0018_1462-170142-0033:1,1462,14.064095497131348,13.686919212341309,-0.37717628479003906,False,False
5338-284437-0007_1462-170138-0018:0,5338,12.143013000488281,12.535841941833496,0.39282894134521484,False,False
5338-284437-0007_1462-170138-0018:1,1462,14.819169998168945,15.354137420654297,0.5349674224853516,False,False
6313-66129-0018_5694-64029-0023:0,6313,13.768811225891113,13.891840934753418,0.12302970886230469,False,False
6313-66129-0018_5694-64029-0023:1,5694,14.786822319030762,15.109155654907227,0.32233333587646484,False,False
2078-142845-0015_3752-4944-0011:0,2078,12.307504653930664,12.427574157714844,0.12006950378417969,False,False
2078-142845-0015_3752-4944-0011:1,3752,11.88194465637207,12.196382522583008,0.3144378662109375,False,False
1462-170142-0036_7850-281318-0011:0,1462,14.087127685546875,19.663814544677734,5.576686859130859,False,False
1462-170142-0036_7850-281318-0011:1,7850,-19.129493713378906,-31.32988739013672,-12.200393676757812,True,True
1988-148538-0011_7976-105575-0000:0,1988,15.126956939697266,14.751022338867188,-0.3759346008300781,False,False
1988-148538-0011_7976-105575-0000:1,7976,12.572636604309082,12.847071647644043,0.27443504333496094,False,False
84-121123-0026_1919-142785-0002:0,84,12.706377983093262,11.584728240966797,-1.1216497421264648,False,False
84-121123-0026_1919-142785-0002:1,1919,14.695331573486328,14.832656860351562,0.13732528686523438,False,False
6295-244435-0000_6313-66129-0001:0,6295,20.15741729736328,19.929048538208008,-0.22836875915527344,False,False
6295-244435-0000_6313-66129-0001:1,6313,20.540668487548828,20.727210998535156,0.18654251098632812,False,False
7976-110523-0015_2803-154320-0013:0,7976,13.898722648620605,13.918045997619629,0.019323348999023438,False,False
7976-110523-0015_2803-154320-0013:1,2803,15.676969528198242,15.58908462524414,-0.08788490295410156,False,False
3853-163249-0005_6295-244435-0039:0,3853,13.953627586364746,13.958107948303223,0.0044803619384765625,False,False
3853-163249-0005_6295-244435-0039:1,6295,12.200799942016602,12.008097648620605,-0.1927022933959961,False,False
6345-64257-0008_8297-275155-0020:0,6345,15.409018516540527,15.623600959777832,0.2145824432373047,False,False
6345-64257-0008_8297-275155-0020:1,8297,12.346626281738281,12.490026473999023,0.1434001922607422,False,False
3752-4944-0042_6313-66125-0003:0,3752,19.191280364990234,18.96162986755371,-0.22965049743652344,False,False
3752-4944-0042_6313-66125-0003:1,6313,16.099607467651367,15.928970336914062,-0.1706371307373047,False,False
5694-64029-0000_3000-15664-0012:0,5694,10.475894927978516,10.603071212768555,0.12717628479003906,False,False
5694-64029-0000_3000-15664-0012:1,3000,10.246955871582031,10.883137702941895,0.6361818313598633,False,False
1919-142785-0057_7976-105575-0029:0,1919,14.131821632385254,14.133736610412598,0.00191497802734375,False,False
1919-142785-0057_7976-105575-0029:1,7976,14.232748985290527,14.277103424072266,0.04435443878173828,False,False
777-126732-0019_3853-163249-0001:0,777,16.76620864868164,16.897377014160156,0.13116836547851562,False,False
777-126732-0019_3853-163249-0001:1,3853,11.872760772705078,11.574909210205078,-0.2978515625,False,False
6295-244435-0025_3081-166546-0022:0,6295,6.0407209396362305,5.436912536621094,-0.6038084030151367,False,False
6295-244435-0025_3081-166546-0022:1,3081,8.385600090026855,8.115690231323242,-0.2699098587036133,False,False
6345-93302-0002_3536-8226-0031:0,6345,13.651180267333984,14.608410835266113,0.9572305679321289,False,False
6345-93302-0002_3536-8226-0031:1,3536,15.471192359924316,15.332866668701172,-0.13832569122314453,False,False
5536-43358-0013_6319-57405-0011:0,5536,13.606622695922852,13.612953186035156,0.0063304901123046875,False,False
5536-43358-0013_6319-57405-0011:1,6319,14.814000129699707,14.964991569519043,0.15099143981933594,False,False
5694-64025-0016_6345-93302-0018:0,5694,13.126306533813477,13.049436569213867,-0.07686996459960938,False,False
5694-64025-0016_6345-93302-0018:1,6345,16.845401763916016,16.98443031311035,0.13902854919433594,False,False
652-129742-0014_3536-8226-0006:0,652,9.75126838684082,9.69767951965332,-0.0535888671875,False,False
652-129742-0014_3536-8226-0006:1,3536,9.3818998336792,9.311171531677246,-0.07072830200195312,False,False
6345-64257-0010_3752-4944-0039:0,6345,17.013267517089844,16.91031837463379,-0.10294914245605469,False,False
6345-64257-0010_3752-4944-0039:1,3752,17.99251937866211,17.930130004882812,-0.062389373779296875,False,False
2277-149896-0022_1272-135031-0002:0,2277,13.58897876739502,13.664740562438965,0.07576179504394531,False,False
2277-149896-0022_1272-135031-0002:1,1272,17.53025245666504,17.599952697753906,0.06970024108886719,False,False
7850-73752-0009_5338-284437-0006:0,7850,3.9910717010498047,-9.743724822998047,-13.734796524047852,False,False
7850-73752-0009_5338-284437-0006:1,5338,15.021256446838379,15.10818099975586,0.08692455291748047,False,False
1272-135031-0019_251-136532-0018:0,1272,13.107160568237305,13.098965644836426,-0.008194923400878906,False,False
1272-135031-0019_251-136532-0018:1,251,5.148569583892822,13.0455322265625,7.896962642669678,False,False
174-168635-0003_3000-15664-0036:0,174,12.15911865234375,11.99305248260498,-0.16606616973876953,False,False
174-168635-0003_3000-15664-0036:1,3000,13.904579162597656,13.91525650024414,0.010677337646484375,False,False
7850-73752-0004_6295-244435-0034:0,7850,17.216516494750977,17.117351531982422,-0.09916496276855469,False,False
7850-73752-0004_6295-244435-0034:1,6295,14.025362968444824,13.708260536193848,-0.31710243225097656,False,False
5694-64029-0011_1673-143397-0001:0,5694,18.164264678955078,18.159944534301758,-0.0043201446533203125,False,False
5694-64029-0011_1673-143397-0001:1,1673,12.869657516479492,12.889795303344727,0.020137786865234375,False,False
7976-110523-0014_3576-138058-0028:0,7976,15.202804565429688,15.448944091796875,0.2461395263671875,False,False
7976-110523-0014_3576-138058-0028:1,3576,12.239665031433105,12.16944694519043,-0.07021808624267578,False,False
84-121550-0024_6313-76958-0025:0,84,15.988269805908203,16.221813201904297,0.23354339599609375,False,False
84-121550-0024_6313-76958-0025:1,6313,15.719184875488281,15.56381607055664,-0.15536880493164062,False,False
3853-163249-0039_1272-141231-0032:0,3853,17.193405151367188,17.34989356994629,0.15648841857910156,False,False
3853-163249-0039_1272-141231-0032:1,1272,13.44883918762207,13.395074844360352,-0.05376434326171875,False,False
2428-83699-0042_6241-61946-0021:0,2428,10.73950481414795,10.889819145202637,0.1503143310546875,False,False
2428-83699-0042_6241-61946-0021:1,6241,11.123836517333984,11.355485916137695,0.23164939880371094,False,False
777-126732-0074_1272-135031-0005:0,777,13.335968017578125,13.3359375,-3.0517578125e-05,False,False
777-126732-0074_1272-135031-0005:1,1272,12.57297134399414,13.607841491699219,1.0348701477050781,False,False
422-122949-0008_5694-64025-0022:0,422,-8.335285186767578,9.379730224609375,17.715015411376953,True,False
422-122949-0008_5694-64025-0022:1,5694,8.497578620910645,8.23500919342041,-0.2625694274902344,False,False
3853-163249-0038_6295-64301-0020:0,3853,14.186079025268555,14.259798049926758,0.07371902465820312,False,False
3853-163249-0038_6295-64301-0020:1,6295,11.861473083496094,11.689845085144043,-0.17162799835205078,False,False
3752-4944-0059_1272-135031-0020:0,3752,-4.352414131164551,8.315654754638672,12.668068885803223,False,False
3752-4944-0059_1272-135031-0020:1,1272,12.874590873718262,12.756343841552734,-0.11824703216552734,False,False
422-122949-0006_2277-149896-0025:0,422,15.257255554199219,15.164819717407227,-0.09243583679199219,False,False
422-122949-0006_2277-149896-0025:1,2277,17.297115325927734,17.530406951904297,0.2332916259765625,False,False
1272-141231-0006_3081-166546-0087:0,1272,7.375347137451172,6.814886093139648,-0.5604610443115234,False,False
1272-141231-0006_3081-166546-0087:1,3081,9.116754531860352,8.271180152893066,-0.8455743789672852,False,False
652-130726-0033_2412-153948-0013:0,652,13.117552757263184,13.040629386901855,-0.07692337036132812,False,False
652-130726-0033_2412-153948-0013:1,2412,10.087299346923828,10.254836082458496,0.16753673553466797,False,False
6241-66616-0012_6345-93306-0019:0,6241,15.518590927124023,15.346769332885742,-0.17182159423828125,False,False
6241-66616-0012_6345-93306-0019:1,6345,16.748699188232422,17.1243896484375,0.3756904602050781,False,False
84-121550-0026_3536-23268-0012:0,84,-17.251588821411133,-4.783232688903809,12.468356132507324,True,True
84-121550-0026_3536-23268-0012:1,3536,10.791786193847656,12.058578491210938,1.2667922973632812,False,False
5694-64029-0021_652-130726-0019:0,5694,9.379036903381348,9.494339942932129,0.11530303955078125,False,False
5694-64029-0021_652-130726-0019:1,652,8.012596130371094,8.262418746948242,0.24982261657714844,False,False
2035-152373-0017_3081-166546-0004:0,2035,12.454462051391602,12.598590850830078,0.14412879943847656,False,False
2035-152373-0017_3081-166546-0004:1,3081,15.393396377563477,16.083938598632812,0.6905422210693359,False,False
1919-142785-0059_7850-281318-0007:0,1919,15.670936584472656,15.771663665771484,0.10072708129882812,False,False
1919-142785-0059_7850-281318-0007:1,7850,10.304652214050293,10.711028099060059,0.4063758850097656,False,False
3081-166546-0071_2086-149220-0023:0,3081,14.935297012329102,13.409900665283203,-1.5253963470458984,False,False
3081-166546-0071_2086-149220-0023:1,2086,11.694657325744629,11.457818984985352,-0.23683834075927734,False,False
6313-76958-0027_6345-93306-0021:0,6313,-19.73970603942871,-19.434232711791992,0.30547332763671875,True,True
6313-76958-0027_6345-93306-0021:1,6345,10.469724655151367,10.61506462097168,0.1453399658203125,False,False
3081-166546-0056_1673-143396-0015:0,3081,7.358393669128418,7.235075950622559,-0.12331771850585938,False,False
3081-166546-0056_1673-143396-0015:1,1673,14.863875389099121,14.772464752197266,-0.09141063690185547,False,False
777-126732-0057_84-121550-0019:0,777,11.190945625305176,11.167097091674805,-0.023848533630371094,False,False
777-126732-0057_84-121550-0019:1,84,14.65219783782959,14.727923393249512,0.07572555541992188,False,False
6241-61946-0020_6313-76958-0016:0,6241,12.270854949951172,12.360843658447266,0.08998870849609375,False,False
6241-61946-0020_6313-76958-0016:1,6313,11.272603034973145,11.275044441223145,0.00244140625,False,False
652-129742-0007_174-84280-0002:0,652,12.256326675415039,12.218600273132324,-0.037726402282714844,False,False
652-129742-0007_174-84280-0002:1,174,5.852102756500244,5.375293254852295,-0.4768095016479492,False,False
5536-43363-0013_2035-147961-0012:0,5536,13.172883987426758,13.223968505859375,0.05108451843261719,False,False
5536-43363-0013_2035-147961-0012:1,2035,16.26605987548828,16.44985580444336,0.18379592895507812,False,False
3081-166546-0048_2277-149896-0010:0,3081,11.249462127685547,11.075420379638672,-0.174041748046875,False,False
3081-166546-0048_2277-149896-0010:1,2277,13.392141342163086,13.86758041381836,0.47543907165527344,False,False
2428-83705-0032_1988-147956-0020:0,2428,16.067720413208008,15.922891616821289,-0.14482879638671875,False,False
2428-83705-0032_1988-147956-0020:1,1988,13.216941833496094,12.816461563110352,-0.4004802703857422,False,False
7850-286674-0015_5338-24615-0011:0,7850,11.642217636108398,11.746091842651367,0.10387420654296875,False,False
7850-286674-0015_5338-24615-0011:1,5338,13.708601951599121,11.823250770568848,-1.8853511810302734,False,False
1462-170142-0006_2035-147960-0004:0,1462,13.176074981689453,13.207900047302246,0.03182506561279297,False,False
1462-170142-0006_2035-147960-0004:1,2035,14.67518424987793,14.723562240600586,0.04837799072265625,False,False
2035-147961-0020_1673-143396-0003:0,2035,6.628790378570557,6.647246837615967,0.018456459045410156,False,False
2035-147961-0020_1673-143396-0003:1,1673,14.56338119506836,14.829386711120605,0.2660055160522461,False,False
2412-153954-0011_1988-147956-0017:0,2412,-19.553661346435547,-25.435115814208984,-5.8814544677734375,True,True
2412-153954-0011_1988-147956-0017:1,1988,12.562053680419922,12.52275276184082,-0.03930091857910156,False,False
777-126732-0067_2412-153947-0006:0,777,12.17212963104248,12.165694236755371,-0.006435394287109375,False,False
777-126732-0067_2412-153947-0006:1,2412,15.137882232666016,15.229022026062012,0.0911397933959961,False,False
2428-83705-0029_1272-141231-0000:0,2428,16.822460174560547,17.139785766601562,0.3173255920410156,False,False
2428-83705-0029_1272-141231-0000:1,1272,18.034936904907227,18.12101173400879,0.0860748291015625,False,False
3752-4944-0069_1462-170142-0020:0,3752,14.41742992401123,14.854659080505371,0.4372291564941406,False,False
3752-4944-0069_1462-170142-0020:1,1462,16.979366302490234,17.075664520263672,0.0962982177734375,False,False
5895-34615-0001_5536-43359-0001:0,5895,14.664533615112305,14.779438972473145,0.11490535736083984,False,False
5895-34615-0001_5536-43359-0001:1,5536,13.25222110748291,13.326075553894043,0.07385444641113281,False,False
2277-149896-0015_5694-64029-0030:0,2277,15.037306785583496,14.865297317504883,-0.17200946807861328,False,False
2277-149896-0015_5694-64029-0030:1,5694,14.597551345825195,14.541864395141602,-0.05568695068359375,False,False
2035-152373-0008_2803-161169-0003:0,2035,15.233490943908691,15.047259330749512,-0.1862316131591797,False,False
2035-152373-0008_2803-161169-0003:1,2803,16.167409896850586,16.209026336669922,0.04161643981933594,False,False
84-121123-0008_6319-57405-0000:0,84,2.0567474365234375,2.620835304260254,0.5640878677368164,False,False
84-121123-0008_6319-57405-0000:1,6319,11.300702095031738,11.575690269470215,0.27498817443847656,False,False
2086-149220-0033_1919-142785-0043:0,2086,11.129549980163574,11.202908515930176,0.07335853576660156,False,False
2086-149220-0033_1919-142785-0043:1,1919,13.85682487487793,13.966323852539062,0.10949897766113281,False,False
8842-304647-0010_7850-111771-0004:0,8842,18.980911254882812,18.931015014648438,-0.049896240234375,False,False
8842-304647-0010_7850-111771-0004:1,7850,-40.583560943603516,-40.01881408691406,0.5647468566894531,True,True
1919-142785-0042_2412-153954-0017:0,1919,12.006437301635742,12.08021068572998,0.07377338409423828,False,False
1919-142785-0042_2412-153954-0017:1,2412,13.780468940734863,13.34909439086914,-0.43137454986572266,False,False
7850-111771-0008_3081-166546-0028:0,7850,8.191661834716797,8.329246520996094,0.13758468627929688,False,False
7850-111771-0008_3081-166546-0028:1,3081,11.812175750732422,12.291820526123047,0.479644775390625,False,False
1988-148538-0014_2277-149874-0015:0,1988,-10.846569061279297,11.11409854888916,21.960667610168457,True,False
1988-148538-0014_2277-149874-0015:1,2277,-23.268184661865234,-22.770950317382812,0.4972343444824219,True,True
1988-147956-0026_174-168635-0001:0,1988,12.245658874511719,12.462076187133789,0.2164173126220703,False,False
1988-147956-0026_174-168635-0001:1,174,13.18918514251709,12.879071235656738,-0.31011390686035156,False,False
8297-275154-0010_3536-23268-0010:0,8297,16.714200973510742,16.746366500854492,0.03216552734375,False,False
8297-275154-0010_3536-23268-0010:1,3536,13.605332374572754,13.497960090637207,-0.10737228393554688,False,False
7850-281318-0012_2428-83705-0030:0,7850,1.9614124298095703,-5.468658447265625,-7.430070877075195,False,False
7850-281318-0012_2428-83705-0030:1,2428,14.330138206481934,14.257657051086426,-0.07248115539550781,False,False
2086-149220-0009_3576-138058-0040:0,2086,15.265290260314941,15.262944221496582,-0.002346038818359375,False,False
2086-149220-0009_3576-138058-0040:1,3576,12.376788139343262,12.416029930114746,0.039241790771484375,False,False
5536-43358-0005_3536-23268-0021:0,5536,15.702062606811523,15.688709259033203,-0.013353347778320312,False,False
5536-43358-0005_3536-23268-0021:1,3536,14.031015396118164,14.316549301147461,0.2855339050292969,False,False
652-129742-0012_3752-4944-0048:0,652,12.248491287231445,11.902992248535156,-0.34549903869628906,False,False
652-129742-0012_3752-4944-0048:1,3752,15.048738479614258,15.364423751831055,0.3156852722167969,False,False
2277-149874-0002_3853-163249-0027:0,2277,9.657055854797363,-12.27702808380127,-21.934083938598633,False,True
2277-149874-0002_3853-163249-0027:1,3853,15.74355697631836,15.751602172851562,0.008045196533203125,False,False
2035-147961-0005_2803-154328-0011:0,2035,15.309037208557129,15.263550758361816,-0.0454864501953125,False,False
2035-147961-0005_2803-154328-0011:1,2803,14.628711700439453,14.608814239501953,-0.0198974609375,False,False
6319-64726-0012_2428-83705-0000:0,6319,17.242469787597656,17.07921028137207,-0.16325950622558594,False,False
6319-64726-0012_2428-83705-0000:1,2428,14.240939140319824,14.245162010192871,0.004222869873046875,False,False
2035-147961-0018_8842-302201-0013:0,2035,14.121827125549316,13.937089920043945,-0.1847372055053711,False,False
2035-147961-0018_8842-302201-0013:1,8842,12.1868257522583,12.114602088928223,-0.07222366333007812,False,False
777-126732-0059_7976-105575-0015:0,777,14.093698501586914,14.020216941833496,-0.07348155975341797,False,False
777-126732-0059_7976-105575-0015:1,7976,14.202898025512695,14.209990501403809,0.007092475891113281,False,False
2412-153947-0004_3752-4943-0013:0,2412,15.786433219909668,15.853422164916992,0.06698894500732422,False,False
2412-153947-0004_3752-4943-0013:1,3752,16.029823303222656,16.042919158935547,0.013095855712890625,False,False
5536-43363-0015_3752-4944-0043:0,5536,7.513693809509277,7.309787750244141,-0.20390605926513672,False,False
5536-43363-0015_3752-4944-0043:1,3752,-4.8208184242248535,7.199692249298096,12.02051067352295,True,False
1988-24833-0000_7850-286674-0003:0,1988,12.509363174438477,12.2327880859375,-0.27657508850097656,False,False
1988-24833-0000_7850-286674-0003:1,7850,-5.283514976501465,-1.2928454875946045,3.9906694889068604,True,False
1988-24833-0007_3752-4944-0062:0,1988,15.863582611083984,15.964818000793457,0.10123538970947266,False,False
1988-24833-0007_3752-4944-0062:1,3752,15.65166187286377,15.798397064208984,0.14673519134521484,False,False
1462-170142-0042_2078-142845-0040:0,1462,12.645740509033203,12.231864929199219,-0.4138755798339844,False,False
1462-170142-0042_2078-142845-0040:1,2078,13.969497680664062,14.843189239501953,0.8736915588378906,False,False
84-121123-0024_2902-9008-0009:0,84,-24.632108688354492,-21.014530181884766,3.6175785064697266,True,True
84-121123-0024_2902-9008-0009:1,2902,14.749361038208008,14.616519927978516,-0.1328411102294922,False,False
5694-64029-0019_1462-170138-0016:0,5694,13.8070068359375,13.907989501953125,0.100982666015625,False,False
5694-64029-0019_1462-170138-0016:1,1462,13.974454879760742,14.108777046203613,0.1343221664428711,False,False
2078-142845-0020_2277-149896-0031:0,2078,10.598820686340332,10.633086204528809,0.03426551818847656,False,False
2078-142845-0020_2277-149896-0031:1,2277,16.991252899169922,17.340198516845703,0.34894561767578125,False,False
652-129742-0000_5895-34615-0007:0,652,13.7181396484375,13.861351013183594,0.14321136474609375,False,False
652-129742-0000_5895-34615-0007:1,5895,15.74411392211914,15.783605575561523,0.03949165344238281,False,False
5895-34615-0013_6313-76958-0018:0,5895,-12.383747100830078,1.248924970626831,13.63267207145691,True,False
5895-34615-0013_6313-76958-0018:1,6313,10.333817481994629,10.662667274475098,0.32884979248046875,False,False
6313-66129-0026_5338-284437-0011:0,6313,3.6604528427124023,2.110077381134033,-1.5503754615783691,False,False
6313-66129-0026_5338-284437-0011:1,5338,0.10901129245758057,0.08662533760070801,-0.02238595485687256,False,False
2428-83705-0018_6313-66129-0021:0,2428,14.537909507751465,14.393775939941406,-0.1441335678100586,False,False
2428-83705-0018_6313-66129-0021:1,6313,11.02402114868164,11.17074203491211,0.14672088623046875,False,False
1462-170142-0038_2277-149897-0011:0,1462,11.634696960449219,11.759838104248047,0.12514114379882812,False,False
1462-170142-0038_2277-149897-0011:1,2277,-22.656335830688477,-22.043535232543945,0.6128005981445312,True,True
1988-147956-0024_84-121550-0006:0,1988,16.533823013305664,16.555377960205078,0.021554946899414062,False,False
1988-147956-0024_84-121550-0006:1,84,16.467050552368164,16.404977798461914,-0.06207275390625,False,False
2277-149897-0029_6319-57405-0001:0,2277,-40.08976364135742,-38.85582733154297,1.2339363098144531,True,True
2277-149897-0029_6319-57405-0001:1,6319,17.838470458984375,17.75986099243164,-0.07860946655273438,False,False
8297-275156-0004_2412-153948-0015:0,8297,14.972563743591309,15.0681734085083,0.09560966491699219,False,False
8297-275156-0004_2412-153948-0015:1,2412,16.558425903320312,16.62408447265625,0.0656585693359375,False,False
7976-110523-0010_3081-166546-0011:0,7976,14.389491081237793,15.671207427978516,1.2817163467407227,False,False
7976-110523-0010_3081-166546-0011:1,3081,8.922978401184082,9.040202140808105,0.11722373962402344,False,False
2803-161169-0010_3081-166546-0023:0,2803,9.994239807128906,10.492937088012695,0.49869728088378906,False,False
2803-161169-0010_3081-166546-0023:1,3081,11.995818138122559,11.611006736755371,-0.3848114013671875,False,False
2078-142845-0034_2277-149897-0013:0,2078,14.645099639892578,14.576035499572754,-0.06906414031982422,False,False
2078-142845-0034_2277-149897-0013:1,2277,-28.84393310546875,-28.402549743652344,0.44138336181640625,True,True
1462-170145-0008_84-121123-0001:0,1462,-16.212865829467773,-4.666376113891602,11.546489715576172,True,True
1462-170145-0008_84-121123-0001:1,84,13.269216537475586,13.232109069824219,-0.03710746765136719,False,False
251-137823-0020_3536-8226-0005:0,251,14.102453231811523,13.69563102722168,-0.40682220458984375,False,False
251-137823-0020_3536-8226-0005:1,3536,14.740699768066406,14.676558494567871,-0.06414127349853516,False,False
5536-43358-0017_1462-170145-0007:0,5536,14.76822280883789,14.755353927612305,-0.012868881225585938,False,False
5536-43358-0017_1462-170145-0007:1,1462,17.63009262084961,17.712656021118164,0.08256340026855469,False,False
5895-34615-0010_1993-147149-0015:0,5895,17.1552734375,16.289348602294922,-0.8659248352050781,False,False
5895-34615-0010_1993-147149-0015:1,1993,10.888959884643555,10.504581451416016,-0.38437843322753906,False,False
251-137823-0005_1993-147149-0002:0,251,13.763397216796875,13.990336418151855,0.22693920135498047,False,False
251-137823-0005_1993-147149-0002:1,1993,15.88338851928711,15.975680351257324,0.09229183197021484,False,False
3853-163249-0031_2412-153954-0016:0,3853,14.664413452148438,14.902215957641602,0.23780250549316406,False,False
3853-163249-0031_2412-153954-0016:1,2412,14.128819465637207,13.859977722167969,-0.2688417434692383,False,False
1919-142785-0023_1993-147964-0002:0,1919,8.606491088867188,0.5556542873382568,-8.05083680152893,False,False
1919-142785-0023_1993-147964-0002:1,1993,11.605417251586914,11.513595581054688,-0.09182167053222656,False,False
2086-149220-0032_7976-110124-0014:0,2086,12.793655395507812,13.095565795898438,0.301910400390625,False,False
2086-149220-0032_7976-110124-0014:1,7976,12.061905860900879,11.962986946105957,-0.09891891479492188,False,False
777-126732-0053_7976-110523-0006:0,777,17.509300231933594,17.740556716918945,0.23125648498535156,False,False
777-126732-0053_7976-110523-0006:1,7976,11.269841194152832,11.24262523651123,-0.027215957641601562,False,False
5536-43359-0002_8842-304647-0013:0,5536,15.00160026550293,14.936071395874023,-0.06552886962890625,False,False
5536-43359-0002_8842-304647-0013:1,8842,16.306310653686523,16.471139907836914,0.16482925415039062,False,False
84-121550-0020_1462-170138-0027:0,84,8.771475791931152,9.143360137939453,0.3718843460083008,False,False
84-121550-0020_1462-170138-0027:1,1462,8.085678100585938,7.778709411621094,-0.30696868896484375,False,False
2277-149897-0018_6313-66129-0024:0,2277,-26.74112319946289,-26.140907287597656,0.6002159118652344,True,True
2277-149897-0018_6313-66129-0024:1,6313,13.314334869384766,13.250126838684082,-0.0642080307006836,False,False
1919-142785-0033_6295-244435-0013:0,1919,14.178638458251953,14.118388175964355,-0.060250282287597656,False,False
1919-142785-0033_6295-244435-0013:1,6295,4.105084419250488,4.948799133300781,0.843714714050293,False,False
174-84280-0011_1993-147149-0013:0,174,13.32891845703125,13.317436218261719,-0.01148223876953125,False,False
174-84280-0011_1993-147149-0013:1,1993,14.920133590698242,14.8573579788208,-0.0627756118774414,False,False
174-168635-0021_5694-64025-0015:0,174,14.598894119262695,15.156503677368164,0.5576095581054688,False,False
174-168635-0021_5694-64025-0015:1,5694,10.556184768676758,9.324644088745117,-1.2315406799316406,False,False
8297-275155-0017_2428-83699-0003:0,8297,12.615278244018555,12.70580768585205,0.0905294418334961,False,False
8297-275155-0017_2428-83699-0003:1,2428,9.770450592041016,9.714871406555176,-0.055579185485839844,False,False
6295-244435-0003_5338-24640-0001:0,6295,15.867655754089355,15.233912467956543,-0.6337432861328125,False,False
6295-244435-0003_5338-24640-0001:1,5338,18.10602569580078,18.393436431884766,0.2874107360839844,False,False
1673-143397-0013_174-168635-0009:0,1673,14.960848808288574,15.045500755310059,0.08465194702148438,False,False
1673-143397-0013_174-168635-0009:1,174,16.734695434570312,16.63702964782715,-0.09766578674316406,False,False
84-121550-0008_652-130726-0008:0,84,16.488605499267578,16.572486877441406,0.08388137817382812,False,False
84-121550-0008_652-130726-0008:1,652,11.74979019165039,11.837730407714844,0.08794021606445312,False,False
1272-141231-0001_5694-64029-0024:0,1272,15.374082565307617,15.221015930175781,-0.15306663513183594,False,False
1272-141231-0001_5694-64029-0024:1,5694,12.14122200012207,11.448750495910645,-0.6924715042114258,False,False
3576-138058-0011_1988-147956-0029:0,3576,10.564695358276367,9.361842155456543,-1.2028532028198242,False,False
3576-138058-0011_1988-147956-0029:1,1988,6.194419860839844,6.490175247192383,0.29575538635253906,False,False
3752-4944-0027_5536-43359-0012:0,3752,12.887696266174316,12.774734497070312,-0.1129617691040039,False,False
3752-4944-0027_5536-43359-0012:1,5536,15.733168601989746,15.662095069885254,-0.07107353210449219,False,False
1988-147956-0023_8297-275156-0002:0,1988,16.22989273071289,16.073200225830078,-0.1566925048828125,False,False
1988-147956-0023_8297-275156-0002:1,8297,13.161600112915039,13.255548477172852,0.0939483642578125,False,False
5536-43358-0003_5895-34629-0001:0,5536,12.1988525390625,12.195779800415039,-0.0030727386474609375,False,False
5536-43358-0003_5895-34629-0001:1,5895,15.695932388305664,15.759010314941406,0.06307792663574219,False,False
6313-76958-0019_1993-147149-0024:0,6313,16.09583854675293,16.18794822692871,0.09210968017578125,False,False
6313-76958-0019_1993-147149-0024:1,1993,16.17150115966797,16.122589111328125,-0.04891204833984375,False,False
251-136532-0000_3853-163249-0055:0,251,16.408672332763672,1.5772395133972168,-14.831432819366455,False,False
251-136532-0000_3853-163249-0055:1,3853,12.395404815673828,12.376922607421875,-0.018482208251953125,False,False
3752-4944-0033_3170-137482-0043:0,3752,14.99841594696045,14.87994384765625,-0.11847209930419922,False,False
3752-4944-0033_3170-137482-0043:1,3170,14.531161308288574,14.615408897399902,0.08424758911132812,False,False
8842-302196-0009_3576-138058-0018:0,8842,13.063265800476074,12.047141075134277,-1.0161247253417969,False,False
8842-302196-0009_3576-138058-0018:1,3576,7.183095455169678,8.180978775024414,0.9978833198547363,False,False
1462-170142-0001_5694-64029-0016:0,1462,13.778641700744629,13.964536666870117,0.18589496612548828,False,False
1462-170142-0001_5694-64029-0016:1,5694,13.974669456481934,13.850284576416016,-0.12438488006591797,False,False
1462-170138-0019_5694-64029-0022:0,1462,14.312753677368164,16.63843536376953,2.325681686401367,False,False
1462-170138-0019_5694-64029-0022:1,5694,12.986692428588867,13.62429428100586,0.6376018524169922,False,False
2035-147960-0000_6313-66129-0017:0,2035,10.707259178161621,9.382707595825195,-1.3245515823364258,False,False
2035-147960-0000_6313-66129-0017:1,6313,9.929594039916992,9.967121124267578,0.03752708435058594,False,False
5694-64038-0025_8297-275154-0019:0,5694,11.191489219665527,11.43838119506836,0.24689197540283203,False,False
5694-64038-0025_8297-275154-0019:1,8297,11.566713333129883,11.58283519744873,0.016121864318847656,False,False
3000-15664-0011_8842-302203-0009:0,3000,13.034415245056152,13.07882022857666,0.04440498352050781,False,False
3000-15664-0011_8842-302203-0009:1,8842,16.183988571166992,16.19412612915039,0.010137557983398438,False,False
2803-154328-0008_2428-83705-0024:0,2803,16.251604080200195,16.15073013305664,-0.10087394714355469,False,False
2803-154328-0008_2428-83705-0024:1,2428,14.628746032714844,14.415246963500977,-0.2134990692138672,False,False
8842-302201-0002_2086-149220-0019:0,8842,15.171843528747559,15.33299732208252,0.16115379333496094,False,False
8842-302201-0002_2086-149220-0019:1,2086,16.256681442260742,16.270217895507812,0.013536453247070312,False,False
3000-15664-0014_1462-170142-0016:0,3000,11.549041748046875,11.492338180541992,-0.05670356750488281,False,False
3000-15664-0014_1462-170142-0016:1,1462,15.245075225830078,15.328889846801758,0.08381462097167969,False,False
7850-111771-0007_6319-64726-0003:0,7850,11.914377212524414,11.854984283447266,-0.05939292907714844,False,False
7850-111771-0007_6319-64726-0003:1,6319,14.664583206176758,14.901283264160156,0.23670005798339844,False,False
5895-34615-0000_1988-24833-0017:0,5895,17.827415466308594,17.820510864257812,-0.00690460205078125,False,False
5895-34615-0000_1988-24833-0017:1,1988,13.052659034729004,15.001535415649414,1.9488763809204102,False,False
2902-9008-0007_1462-170138-0023:0,2902,2.2545132637023926,2.4828739166259766,0.22836065292358398,False,False
2902-9008-0007_1462-170138-0023:1,1462,12.025472640991211,8.682700157165527,-3.3427724838256836,False,False
2803-161169-0002_6345-93306-0010:0,2803,16.057464599609375,16.014875411987305,-0.04258918762207031,False,False
2803-161169-0002_6345-93306-0010:1,6345,14.396886825561523,14.334217071533203,-0.06266975402832031,False,False
1272-141231-0010_3081-166546-0047:0,1272,9.99400520324707,9.023428916931152,-0.970576286315918,False,False
1272-141231-0010_3081-166546-0047:1,3081,5.114499092102051,4.038157939910889,-1.076341152191162,False,False
6241-61943-0006_174-50561-0007:0,6241,11.395567893981934,11.796895027160645,0.40132713317871094,False,False
6241-61943-0006_174-50561-0007:1,174,0.9385232925415039,-3.125485420227051,-4.064008712768555,False,False
652-129742-0002_5895-34622-0008:0,652,14.678401947021484,14.864764213562012,0.18636226654052734,False,False
652-129742-0002_5895-34622-0008:1,5895,11.051326751708984,10.466011047363281,-0.5853157043457031,False,False
3752-4943-0020_6313-66129-0023:0,3752,16.7760066986084,16.58472442626953,-0.1912822723388672,False,False
3752-4943-0020_6313-66129-0023:1,6313,18.094768524169922,18.55316734313965,0.45839881896972656,False,False
5694-64025-0003_6345-93306-0025:0,5694,17.28104591369629,17.1094970703125,-0.17154884338378906,False,False
5694-64025-0003_6345-93306-0025:1,6345,14.842352867126465,15.218659400939941,0.37630653381347656,False,False
1673-143397-0007_8842-302196-0008:0,1673,19.35530662536621,19.41341781616211,0.05811119079589844,False,False
1673-143397-0007_8842-302196-0008:1,8842,14.858884811401367,14.821357727050781,-0.03752708435058594,False,False
2078-142845-0030_6319-275224-0012:0,2078,11.130864143371582,9.534119606018066,-1.5967445373535156,False,False
2078-142845-0030_6319-275224-0012:1,6319,17.952966690063477,17.979869842529297,0.026903152465820312,False,False
3752-4944-0000_7850-281318-0006:0,3752,13.965259552001953,14.176252365112305,0.21099281311035156,False,False
3752-4944-0000_7850-281318-0006:1,7850,17.488384246826172,17.61174774169922,0.12336349487304688,False,False
174-168635-0008_2086-149220-0048:0,174,15.597406387329102,15.588109970092773,-0.009296417236328125,False,False
174-168635-0008_2086-149220-0048:1,2086,11.792790412902832,11.876500129699707,0.083709716796875,False,False
2428-83705-0041_777-126732-0006:0,2428,10.639068603515625,10.382377624511719,-0.25669097900390625,False,False
2428-83705-0041_777-126732-0006:1,777,14.511957168579102,14.90279769897461,0.3908405303955078,False,False
2035-147961-0029_6313-66129-0034:0,2035,9.472147941589355,9.930622100830078,0.45847415924072266,False,False
2035-147961-0029_6313-66129-0034:1,6313,12.350879669189453,12.182456970214844,-0.16842269897460938,False,False
5536-43363-0001_2412-153948-0005:0,5536,15.11355209350586,15.141683578491211,0.028131484985351562,False,False
5536-43363-0001_2412-153948-0005:1,2412,15.143149375915527,15.159062385559082,0.015913009643554688,False,False
2803-154320-0007_5536-43358-0015:0,2803,15.780258178710938,15.855989456176758,0.07573127746582031,False,False
2803-154320-0007_5536-43358-0015:1,5536,3.2742693424224854,2.052062749862671,-1.2222065925598145,False,False
1988-24833-0015_8297-275155-0009:0,1988,15.042539596557617,15.01788330078125,-0.024656295776367188,False,False
1988-24833-0015_8297-275155-0009:1,8297,13.641782760620117,13.518613815307617,-0.1231689453125,False,False
7850-73752-0007_6295-64301-0001:0,7850,14.967021942138672,14.722199440002441,-0.24482250213623047,False,False
7850-73752-0007_6295-64301-0001:1,6295,15.640515327453613,16.115745544433594,0.47523021697998047,False,False
7976-110124-0011_3752-4944-0051:0,7976,17.05650520324707,16.95492935180664,-0.10157585144042969,False,False
7976-110124-0011_3752-4944-0051:1,3752,15.513529777526855,15.521191596984863,0.0076618194580078125,False,False
8842-304647-0011_2412-153948-0007:0,8842,10.633598327636719,8.558675765991211,-2.074922561645508,False,False
8842-304647-0011_2412-153948-0007:1,2412,12.837766647338867,12.203533172607422,-0.6342334747314453,False,False
251-137823-0019_5338-24615-0003:0,251,14.738656044006348,14.83867073059082,0.10001468658447266,False,False
251-137823-0019_5338-24615-0003:1,5338,15.483488082885742,15.328475952148438,-0.1550121307373047,False,False
7850-281318-0010_2078-142845-0011:0,7850,-16.75722885131836,-1.4279539585113525,15.329274892807007,True,False
7850-281318-0010_2078-142845-0011:1,2078,14.25823974609375,14.498594284057617,0.2403545379638672,False,False
84-121550-0015_251-137823-0011:0,84,16.783809661865234,16.867456436157227,0.08364677429199219,False,False
84-121550-0015_251-137823-0011:1,251,15.734529495239258,15.748102188110352,0.01357269287109375,False,False
3081-166546-0009_84-121550-0007:0,3081,14.339746475219727,14.146724700927734,-0.1930217742919922,False,False
3081-166546-0009_84-121550-0007:1,84,13.47631549835205,12.967299461364746,-0.5090160369873047,False,False
2035-152373-0015_251-118436-0006:0,2035,15.050718307495117,14.83795166015625,-0.2127666473388672,False,False
2035-152373-0015_251-118436-0006:1,251,14.114594459533691,14.225293159484863,0.11069869995117188,False,False
3536-23268-0029_2078-142845-0045:0,3536,17.66660499572754,17.429752349853516,-0.23685264587402344,False,False
3536-23268-0029_2078-142845-0045:1,2078,14.275777816772461,14.348468780517578,0.07269096374511719,False,False
7976-110124-0004_1673-143397-0008:0,7976,-7.356505393981934,-20.392147064208984,-13.03564167022705,False,True
7976-110124-0004_1673-143397-0008:1,1673,13.118514060974121,11.285884857177734,-1.8326292037963867,False,False
6345-93302-0026_251-136532-0019:0,6345,15.71261978149414,15.734732627868652,0.02211284637451172,False,False
6345-93302-0026_251-136532-0019:1,251,14.730481147766113,14.921395301818848,0.19091415405273438,False,False
777-126732-0048_6295-244435-0008:0,777,13.21474552154541,13.33332347869873,0.11857795715332031,False,False
777-126732-0048_6295-244435-0008:1,6295,-13.557883262634277,-11.37392520904541,2.183958053588867,True,True
1919-142785-0015_5895-34629-0019:0,1919,14.86510944366455,15.055365562438965,0.19025611877441406,False,False
1919-142785-0015_5895-34629-0019:1,5895,14.248559951782227,14.342941284179688,0.09438133239746094,False,False
174-50561-0006_2035-152373-0010:0,174,11.803581237792969,10.215950965881348,-1.587630271911621,False,False
174-50561-0006_2035-152373-0010:1,2035,13.607597351074219,13.551360130310059,-0.056237220764160156,False,False
1272-141231-0014_1462-170142-0008:0,1272,16.609792709350586,16.702547073364258,0.09275436401367188,False,False
1272-141231-0014_1462-170142-0008:1,1462,18.710800170898438,18.702247619628906,-0.00855255126953125,False,False
84-121123-0023_2428-83705-0042:0,84,15.980489730834961,15.853181838989258,-0.12730789184570312,False,False
84-121123-0023_2428-83705-0042:1,2428,10.789031982421875,10.832971572875977,0.04393959045410156,False,False
6319-57405-0002_2803-161169-0015:0,6319,17.064443588256836,16.99524688720703,-0.06919670104980469,False,False
6319-57405-0002_2803-161169-0015:1,2803,13.999138832092285,13.031107902526855,-0.9680309295654297,False,False
5895-34622-0006_2035-152373-0006:0,5895,18.964683532714844,18.854202270507812,-0.11048126220703125,False,False
5895-34622-0006_2035-152373-0006:1,2035,14.471330642700195,14.20286750793457,-0.268463134765625,False,False
5895-34615-0012_1919-142785-0004:0,5895,13.569209098815918,13.626461029052734,0.057251930236816406,False,False
5895-34615-0012_1919-142785-0004:1,1919,8.950372695922852,8.819563865661621,-0.13080883026123047,False,False
7976-110523-0007_2412-153948-0001:0,7976,13.626150131225586,13.55576229095459,-0.0703878402709961,False,False
7976-110523-0007_2412-153948-0001:1,2412,12.623525619506836,12.24537181854248,-0.37815380096435547,False,False
777-126732-0055_1988-24833-0023:0,777,16.242595672607422,16.130006790161133,-0.11258888244628906,False,False
777-126732-0055_1988-24833-0023:1,1988,15.118343353271484,15.13273811340332,0.014394760131835938,False,False
5536-43359-0005_1462-170138-0012:0,5536,11.710798263549805,11.679490089416504,-0.03130817413330078,False,False
5536-43359-0005_1462-170138-0012:1,1462,15.999124526977539,16.053138732910156,0.05401420593261719,False,False
6241-61946-0009_251-136532-0001:0,6241,9.177103042602539,8.101869583129883,-1.0752334594726562,False,False
6241-61946-0009_251-136532-0001:1,251,13.821104049682617,14.352958679199219,0.5318546295166016,False,False
2277-149897-0031_6241-61946-0000:0,2277,13.009907722473145,13.038331031799316,0.028423309326171875,False,False
2277-149897-0031_6241-61946-0000:1,6241,13.410592079162598,13.374818801879883,-0.035773277282714844,False,False
1993-147965-0006_5536-43358-0000:0,1993,16.738689422607422,16.578983306884766,-0.15970611572265625,False,False
1993-147965-0006_5536-43358-0000:1,5536,17.630517959594727,17.66444969177246,0.033931732177734375,False,False
3752-4944-0053_3576-138058-0026:0,3752,15.164875030517578,15.254598617553711,0.08972358703613281,False,False
3752-4944-0053_3576-138058-0026:1,3576,16.824190139770508,16.711458206176758,-0.11273193359375,False,False
2277-149897-0021_251-118436-0014:0,2277,13.677970886230469,13.336225509643555,-0.34174537658691406,False,False
2277-149897-0021_251-118436-0014:1,251,14.232194900512695,14.214744567871094,-0.017450332641601562,False,False
652-129742-0005_174-50561-0013:0,652,10.146175384521484,11.855463981628418,1.7092885971069336,False,False
652-129742-0005_174-50561-0013:1,174,-1.314159631729126,2.406165599822998,3.720325231552124,False,False
5895-34629-0031_7976-110124-0009:0,5895,20.26291275024414,19.98107147216797,-0.2818412780761719,False,False
5895-34629-0031_7976-110124-0009:1,7976,15.591106414794922,15.469345092773438,-0.12176132202148438,False,False
2086-149220-0046_1988-24833-0011:0,2086,16.30451774597168,16.3668270111084,0.06230926513671875,False,False
2086-149220-0046_1988-24833-0011:1,1988,18.868228912353516,18.946090698242188,0.07786178588867188,False,False
2428-83705-0008_8842-304647-0008:0,2428,15.222959518432617,12.446636199951172,-2.7763233184814453,False,False
2428-83705-0008_8842-304647-0008:1,8842,6.52664852142334,10.68470287322998,4.158054351806641,False,False
1988-24833-0003_3536-8226-0018:0,1988,12.341164588928223,13.887956619262695,1.5467920303344727,False,False
1988-24833-0003_3536-8226-0018:1,3536,10.3858060836792,11.656966209411621,1.2711601257324219,False,False
5694-64038-0018_2035-147961-0014:0,5694,12.581673622131348,12.657998085021973,0.076324462890625,False,False
5694-64038-0018_2035-147961-0014:1,2035,18.982688903808594,19.019269943237305,0.03658103942871094,False,False
2078-142845-0046_2803-154320-0011:0,2078,13.621180534362793,13.486495018005371,-0.13468551635742188,False,False
2078-142845-0046_2803-154320-0011:1,2803,12.135686874389648,12.16441535949707,0.028728485107421875,False,False
1462-170138-0002_6313-66129-0029:0,1462,9.446272850036621,9.088377952575684,-0.3578948974609375,False,False
1462-170138-0002_6313-66129-0029:1,6313,13.744805335998535,14.079505920410156,0.3347005844116211,False,False
1993-147966-0004_6313-76958-0002:0,1993,15.072473526000977,14.989070892333984,-0.08340263366699219,False,False
1993-147966-0004_6313-76958-0002:1,6313,5.301456451416016,-6.890368461608887,-12.191824913024902,False,True
5694-64038-0014_2035-147961-0023:0,5694,14.6298828125,14.63319206237793,0.0033092498779296875,False,False
5694-64038-0014_2035-147961-0023:1,2035,16.751895904541016,16.816463470458984,0.06456756591796875,False,False
8297-275156-0003_6241-66616-0000:0,8297,8.488656997680664,9.894170761108398,1.4055137634277344,False,False
8297-275156-0003_6241-66616-0000:1,6241,7.115175247192383,7.566897869110107,0.4517226219177246,False,False
6241-66616-0013_2035-152373-0018:0,6241,12.630657196044922,12.938139915466309,0.3074827194213867,False,False
6241-66616-0013_2035-152373-0018:1,2035,13.232091903686523,13.355817794799805,0.12372589111328125,False,False
3853-163249-0000_174-84280-0006:0,3853,-1.0840110778808594,6.88276481628418,7.966775894165039,False,False
3853-163249-0000_174-84280-0006:1,174,14.132160186767578,14.165653228759766,0.0334930419921875,False,False
6345-93302-0012_6313-76958-0015:0,6345,11.803627967834473,11.873579025268555,0.06995105743408203,False,False
6345-93302-0012_6313-76958-0015:1,6313,4.72095251083374,-18.976299285888672,-23.697251796722412,False,True
1462-170142-0028_2902-9008-0000:0,1462,16.034008026123047,16.178739547729492,0.1447315216064453,False,False
1462-170142-0028_2902-9008-0000:1,2902,19.496984481811523,19.500410079956055,0.00342559814453125,False,False
3000-15664-0015_251-137823-0010:0,3000,8.92818832397461,9.321762084960938,0.3935737609863281,False,False
3000-15664-0015_251-137823-0010:1,251,-2.1596975326538086,-7.6892781257629395,-5.529580593109131,False,True
777-126732-0033_251-137823-0014:0,777,10.128374099731445,10.039896011352539,-0.08847808837890625,False,False
777-126732-0033_251-137823-0014:1,251,15.121746063232422,14.917019844055176,-0.2047262191772461,False,False
8297-275155-0028_422-122949-0024:0,8297,17.036853790283203,17.14396858215332,0.10711479187011719,False,False
8297-275155-0028_422-122949-0024:1,422,-30.000484466552734,-24.088481903076172,5.9120025634765625,True,True
5338-284437-0032_8297-275154-0024:0,5338,14.332711219787598,14.296875953674316,-0.03583526611328125,False,False
5338-284437-0032_8297-275154-0024:1,8297,17.48421859741211,17.360544204711914,-0.12367439270019531,False,False
7850-111771-0006_5895-34629-0018:0,7850,8.943116188049316,8.527937889099121,-0.4151782989501953,False,False
7850-111771-0006_5895-34629-0018:1,5895,15.682511329650879,15.562897682189941,-0.1196136474609375,False,False
7850-286674-0011_5895-34629-0012:0,7850,18.114011764526367,-26.597707748413086,-44.71171951293945,False,True
7850-286674-0011_5895-34629-0012:1,5895,20.17386245727539,20.088729858398438,-0.08513259887695312,False,False
652-130726-0026_2078-142845-0027:0,652,12.638821601867676,12.669638633728027,0.030817031860351562,False,False
652-130726-0026_2078-142845-0027:1,2078,11.448269844055176,11.444157600402832,-0.00411224365234375,False,False
84-121123-0011_3081-166546-0024:0,84,11.345091819763184,11.038409233093262,-0.3066825866699219,False,False
84-121123-0011_3081-166546-0024:1,3081,9.582737922668457,9.309138298034668,-0.27359962463378906,False,False
1919-142785-0022_84-121550-0014:0,1919,16.842304229736328,17.396717071533203,0.554412841796875,False,False
1919-142785-0022_84-121550-0014:1,84,6.628721237182617,7.176593780517578,0.5478725433349609,False,False
3536-23268-0022_2412-153954-0018:0,3536,10.29517936706543,10.984408378601074,0.6892290115356445,False,False
3536-23268-0022_2412-153954-0018:1,2412,7.423639297485352,1.7856898307800293,-5.637949466705322,False,False
3170-137482-0032_652-129742-0006:0,3170,9.498685836791992,9.327352523803711,-0.17133331298828125,False,False
3170-137482-0032_652-129742-0006:1,652,12.465866088867188,12.755094528198242,0.2892284393310547,False,False
7850-73752-0019_2078-142845-0018:0,7850,12.138254165649414,12.908116340637207,0.769862174987793,False,False
7850-73752-0019_2078-142845-0018:1,2078,13.374523162841797,13.703917503356934,0.3293943405151367,False,False
84-121550-0004_8842-302201-0009:0,84,13.620676040649414,13.808405876159668,0.1877298355102539,False,False
84-121550-0004_8842-302201-0009:1,8842,14.381084442138672,14.605889320373535,0.22480487823486328,False,False
2902-9008-0004_6319-275224-0010:0,2902,14.11976146697998,14.221643447875977,0.1018819808959961,False,False
2902-9008-0004_6319-275224-0010:1,6319,10.76609992980957,10.825238227844238,0.05913829803466797,False,False
6313-66129-0010_251-118436-0000:0,6313,13.603962898254395,13.600146293640137,-0.0038166046142578125,False,False
6313-66129-0010_251-118436-0000:1,251,16.851287841796875,16.898712158203125,0.04742431640625,False,False
1988-147956-0007_251-136532-0009:0,1988,13.709596633911133,13.089517593383789,-0.6200790405273438,False,False
1988-147956-0007_251-136532-0009:1,251,5.894528388977051,-0.6535552740097046,-6.548083662986755,False,False
8842-302203-0007_3536-8226-0020:0,8842,13.625748634338379,13.135043144226074,-0.4907054901123047,False,False
8842-302203-0007_3536-8226-0020:1,3536,17.311229705810547,17.218219757080078,-0.09300994873046875,False,False
8297-275155-0019_7976-110124-0000:0,8297,15.77884292602539,15.777066230773926,-0.0017766952514648438,False,False
8297-275155-0019_7976-110124-0000:1,7976,15.292825698852539,15.485539436340332,0.19271373748779297,False,False
5694-64025-0017_251-118436-0016:0,5694,15.007280349731445,15.017675399780273,0.010395050048828125,False,False
5694-64025-0017_251-118436-0016:1,251,-21.158811569213867,-11.449132919311523,9.709678649902344,True,True
7850-286674-0005_3000-15664-0032:0,7850,15.316567420959473,15.322997093200684,0.0064296722412109375,False,False
7850-286674-0005_3000-15664-0032:1,3000,16.777420043945312,16.846050262451172,0.06863021850585938,False,False
1919-142785-0035_8842-304647-0004:0,1919,16.113155364990234,16.03213119506836,-0.081024169921875,False,False
1919-142785-0035_8842-304647-0004:1,8842,14.910301208496094,14.85262680053711,-0.057674407958984375,False,False
2086-149220-0036_3853-163249-0037:0,2086,15.681081771850586,15.73394775390625,0.05286598205566406,False,False
2086-149220-0036_3853-163249-0037:1,3853,12.239859580993652,12.277420997619629,0.03756141662597656,False,False
652-130726-0003_8297-275155-0007:0,652,14.133779525756836,13.821353912353516,-0.3124256134033203,False,False
652-130726-0003_8297-275155-0007:1,8297,10.137739181518555,10.043699264526367,-0.0940399169921875,False,False
777-126732-0056_1673-143397-0006:0,777,13.069039344787598,13.044217109680176,-0.024822235107421875,False,False
777-126732-0056_1673-143397-0006:1,1673,9.975101470947266,10.013635635375977,0.03853416442871094,False,False
652-130726-0034_2277-149896-0034:0,652,15.789834022521973,15.841106414794922,0.05127239227294922,False,False
652-130726-0034_2277-149896-0034:1,2277,13.034534454345703,12.958856582641602,-0.07567787170410156,False,False
3170-137482-0004_6319-57405-0005:0,3170,14.148674964904785,14.436991691589355,0.2883167266845703,False,False
3170-137482-0004_6319-57405-0005:1,6319,14.564004898071289,15.308177947998047,0.7441730499267578,False,False
6241-61946-0022_3081-166546-0067:0,6241,10.459300994873047,11.075784683227539,0.6164836883544922,False,False
6241-61946-0022_3081-166546-0067:1,3081,6.890750408172607,6.658738136291504,-0.23201227188110352,False,False
174-50561-0011_652-130737-0002:0,174,8.91185188293457,9.806995391845703,0.8951435089111328,False,False
174-50561-0011_652-130737-0002:1,652,12.48434066772461,12.60297966003418,0.11863899230957031,False,False
2428-83699-0037_3000-15664-0009:0,2428,13.351240158081055,13.248575210571289,-0.10266494750976562,False,False
2428-83699-0037_3000-15664-0009:1,3000,14.19531536102295,14.239418983459473,0.04410362243652344,False,False
8297-275155-0022_1919-142785-0051:0,8297,14.173009872436523,14.254701614379883,0.08169174194335938,False,False
8297-275155-0022_1919-142785-0051:1,1919,11.499536514282227,11.23808479309082,-0.26145172119140625,False,False
652-130726-0012_8842-302201-0012:0,652,13.073259353637695,12.811806678771973,-0.26145267486572266,False,False
652-130726-0012_8842-302201-0012:1,8842,11.78100872039795,11.66055965423584,-0.12044906616210938,False,False
2428-83699-0012_2277-149897-0007:0,2428,14.347156524658203,14.270416259765625,-0.07674026489257812,False,False
2428-83699-0012_2277-149897-0007:1,2277,14.193489074707031,14.247050285339355,0.05356121063232422,False,False
3752-4943-0029_2803-154328-0000:0,3752,11.471288681030273,11.672979354858398,0.201690673828125,False,False
3752-4943-0029_2803-154328-0000:1,2803,14.003283500671387,13.577640533447266,-0.4256429672241211,False,False
7976-105575-0002_5895-34629-0029:0,7976,9.676070213317871,9.499539375305176,-0.1765308380126953,False,False
7976-105575-0002_5895-34629-0029:1,5895,17.12124252319336,17.15622901916504,0.03498649597167969,False,False
652-130737-0000_3853-163249-0043:0,652,16.064958572387695,16.070817947387695,0.005859375,False,False
652-130737-0000_3853-163249-0043:1,3853,14.651971817016602,14.731014251708984,0.07904243469238281,False,False
6345-93302-0029_7850-73752-0000:0,6345,18.466726303100586,18.43461036682129,-0.032115936279296875,False,False
6345-93302-0029_7850-73752-0000:1,7850,15.59894847869873,15.865965843200684,0.2670173645019531,False,False
84-121123-0020_251-118436-0015:0,84,14.203422546386719,14.347509384155273,0.1440868377685547,False,False
84-121123-0020_251-118436-0015:1,251,19.30111312866211,19.27468490600586,-0.02642822265625,False,False
1919-142785-0017_3536-8226-0028:0,1919,15.742644309997559,15.798429489135742,0.055785179138183594,False,False
1919-142785-0017_3536-8226-0028:1,3536,2.7576866149902344,2.3377327919006348,-0.4199538230895996,False,False
6241-66616-0006_777-126732-0070:0,6241,4.809252738952637,5.337303638458252,0.5280508995056152,False,False
6241-66616-0006_777-126732-0070:1,777,6.141836643218994,5.7814459800720215,-0.36039066314697266,False,False
3170-137482-0037_5536-43359-0004:0,3170,14.215282440185547,13.897869110107422,-0.317413330078125,False,False
3170-137482-0037_5536-43359-0004:1,5536,6.920470714569092,7.672360897064209,0.7518901824951172,False,False
6313-66129-0025_84-121550-0029:0,6313,16.630084991455078,16.677770614624023,0.04768562316894531,False,False
6313-66129-0025_84-121550-0029:1,84,15.827069282531738,15.821314811706543,-0.0057544708251953125,False,False
422-122949-0002_2428-83705-0014:0,422,9.701332092285156,9.729461669921875,0.02812957763671875,False,False
422-122949-0002_2428-83705-0014:1,2428,12.282170295715332,12.328839302062988,0.04666900634765625,False,False
6241-66616-0022_6295-244435-0017:0,6241,4.988759517669678,5.219970226287842,0.23121070861816406,False,False
6241-66616-0022_6295-244435-0017:1,6295,2.3232059478759766,4.841708183288574,2.5185022354125977,False,False
2086-149220-0038_3752-4944-0036:0,2086,17.936336517333984,17.900733947753906,-0.035602569580078125,False,False
2086-149220-0038_3752-4944-0036:1,3752,16.21533966064453,16.037487030029297,-0.17785263061523438,False,False
1272-128104-0010_6313-66125-0019:0,1272,13.346822738647461,13.382579803466797,0.03575706481933594,False,False
1272-128104-0010_6313-66125-0019:1,6313,16.23722267150879,16.229772567749023,-0.007450103759765625,False,False
5694-64029-0029_5536-43359-0003:0,5694,13.400006294250488,13.373479843139648,-0.026526451110839844,False,False
5694-64029-0029_5536-43359-0003:1,5536,10.032966613769531,10.037445068359375,0.00447845458984375,False,False
652-130726-0031_3752-4944-0056:0,652,11.567641258239746,11.67172908782959,0.10408782958984375,False,False
652-130726-0031_3752-4944-0056:1,3752,11.999300003051758,11.876535415649414,-0.12276458740234375,False,False
2035-147961-0024_777-126732-0040:0,2035,9.441307067871094,9.319405555725098,-0.1219015121459961,False,False
2035-147961-0024_777-126732-0040:1,777,10.780145645141602,10.746246337890625,-0.03389930725097656,False,False
6241-66616-0016_777-126732-0030:0,6241,-9.180269241333008,-2.7595834732055664,6.420685768127441,True,True
6241-66616-0016_777-126732-0030:1,777,8.285305976867676,6.811351776123047,-1.473954200744629,False,False
3752-4944-0016_5694-64029-0026:0,3752,8.747395515441895,15.2935791015625,6.5461835861206055,False,False
3752-4944-0016_5694-64029-0026:1,5694,12.388179779052734,11.288640975952148,-1.099538803100586,False,False
7850-281318-0004_2086-149220-0016:0,7850,15.881823539733887,15.69272518157959,-0.18909835815429688,False,False
7850-281318-0004_2086-149220-0016:1,2086,11.154695510864258,11.009693145751953,-0.1450023651123047,False,False
5338-24615-0010_7850-281318-0003:0,5338,4.6341094970703125,2.157136917114258,-2.4769725799560547,False,False
5338-24615-0010_7850-281318-0003:1,7850,14.074917793273926,14.072139739990234,-0.0027780532836914062,False,False
6295-64301-0027_3752-4944-0060:0,6295,11.846221923828125,12.26888656616211,0.4226646423339844,False,False
6295-64301-0027_3752-4944-0060:1,3752,13.643805503845215,14.174774169921875,0.5309686660766602,False,False
84-121550-0017_2035-147961-0035:0,84,9.494604110717773,13.492643356323242,3.9980392456054688,False,False
84-121550-0017_2035-147961-0035:1,2035,16.392244338989258,16.88167953491211,0.48943519592285156,False,False
8297-275155-0023_652-130737-0012:0,8297,7.4914984703063965,7.863622188568115,0.37212371826171875,False,False
8297-275155-0023_652-130737-0012:1,652,3.3452131748199463,2.775439500808716,-0.5697736740112305,False,False
174-168635-0005_84-121550-0009:0,174,13.681588172912598,13.793940544128418,0.11235237121582031,False,False
174-168635-0005_84-121550-0009:1,84,15.294114112854004,15.300846099853516,0.006731986999511719,False,False
2902-9006-0008_2412-153954-0015:0,2902,10.745637893676758,10.961353302001953,0.2157154083251953,False,False
2902-9006-0008_2412-153954-0015:1,2412,16.343456268310547,16.37466812133789,0.03121185302734375,False,False
6313-76958-0028_2277-149874-0001:0,6313,-12.667571067810059,-3.012455940246582,9.655115127563477,True,True
6313-76958-0028_2277-149874-0001:1,2277,-24.063186645507812,-31.493167877197266,-7.429981231689453,True,True
1462-170138-0013_2412-153954-0000:0,1462,11.565677642822266,11.605899810791016,0.04022216796875,False,False
1462-170138-0013_2412-153954-0000:1,2412,16.262807846069336,16.380043029785156,0.11723518371582031,False,False
2428-83705-0023_7850-281318-0013:0,2428,14.85936450958252,14.711852073669434,-0.14751243591308594,False,False
2428-83705-0023_7850-281318-0013:1,7850,15.482366561889648,16.198984146118164,0.7166175842285156,False,False
2277-149874-0007_2035-152373-0000:0,2277,12.82394790649414,7.30245304107666,-5.5214948654174805,False,False
2277-149874-0007_2035-152373-0000:1,2035,15.337028503417969,15.436817169189453,0.09978866577148438,False,False
5536-43358-0018_777-126732-0064:0,5536,11.86371898651123,11.785749435424805,-0.07796955108642578,False,False
5536-43358-0018_777-126732-0064:1,777,14.269484519958496,14.361370086669922,0.09188556671142578,False,False
1673-143397-0000_2086-149220-0029:0,1673,16.445772171020508,16.08609962463379,-0.35967254638671875,False,False
1673-143397-0000_2086-149220-0029:1,2086,14.783103942871094,14.337003707885742,-0.44610023498535156,False,False
5338-284437-0008_8297-275155-0003:0,5338,12.783590316772461,12.88450813293457,0.10091781616210938,False,False
5338-284437-0008_8297-275155-0003:1,8297,17.35069465637207,17.499204635620117,0.14850997924804688,False,False
3536-23268-0004_2412-153954-0024:0,3536,13.685918807983398,13.511215209960938,-0.17470359802246094,False,False
3536-23268-0004_2412-153954-0024:1,2412,9.065872192382812,-2.735469341278076,-11.801341533660889,False,False
1919-142785-0036_2428-83699-0013:0,1919,14.941621780395508,14.791061401367188,-0.1505603790283203,False,False
1919-142785-0036_2428-83699-0013:1,2428,16.215099334716797,16.197843551635742,-0.017255783081054688,False,False
3000-15664-0028_6295-64301-0022:0,3000,9.021389961242676,9.126921653747559,0.10553169250488281,False,False
3000-15664-0028_6295-64301-0022:1,6295,12.577357292175293,12.70657730102539,0.12922000885009766,False,False
6295-244435-0022_3536-23268-0006:0,6295,13.257006645202637,13.353357315063477,0.09635066986083984,False,False
6295-244435-0022_3536-23268-0006:1,3536,12.95164680480957,12.969874382019043,0.018227577209472656,False,False
8842-302201-0003_5694-64029-0027:0,8842,13.465269088745117,13.152487754821777,-0.31278133392333984,False,False
8842-302201-0003_5694-64029-0027:1,5694,13.835235595703125,13.594271659851074,-0.24096393585205078,False,False
7850-281318-0009_2277-149896-0009:0,7850,12.996390342712402,11.149395942687988,-1.846994400024414,False,False
7850-281318-0009_2277-149896-0009:1,2277,15.184688568115234,15.03695297241211,-0.147735595703125,False,False
2412-153948-0000_8297-275156-0001:0,2412,14.952750205993652,14.997099876403809,0.04434967041015625,False,False
2412-153948-0000_8297-275156-0001:1,8297,15.263592720031738,15.182368278503418,-0.08122444152832031,False,False
5338-284437-0017_251-118436-0008:0,5338,15.377304077148438,15.445308685302734,0.06800460815429688,False,False
5338-284437-0017_251-118436-0008:1,251,16.996902465820312,17.17124366760254,0.17434120178222656,False,False
2035-147960-0016_6241-61946-0011:0,2035,13.656136512756348,13.732797622680664,0.0766611099243164,False,False
2035-147960-0016_6241-61946-0011:1,6241,12.12888240814209,11.985679626464844,-0.1432027816772461,False,False
2086-149220-0035_5694-64025-0002:0,2086,16.336034774780273,16.817358016967773,0.4813232421875,False,False
2086-149220-0035_5694-64025-0002:1,5694,10.031665802001953,10.717778205871582,0.6861124038696289,False,False
2086-149220-0017_6295-64301-0025:0,2086,15.470487594604492,15.538941383361816,0.06845378875732422,False,False
2086-149220-0017_6295-64301-0025:1,6295,9.912023544311523,9.69204330444336,-0.21998023986816406,False,False
2803-154320-0004_1272-141231-0025:0,2803,13.586128234863281,11.479448318481445,-2.106679916381836,False,False
2803-154320-0004_1272-141231-0025:1,1272,15.10469913482666,12.914527893066406,-2.190171241760254,False,False
6313-66129-0031_6241-61943-0013:0,6313,14.411829948425293,14.442255973815918,0.030426025390625,False,False
6313-66129-0031_6241-61943-0013:1,6241,11.804539680480957,11.682514190673828,-0.1220254898071289,False,False
6295-244435-0019_5338-24640-0009:0,6295,12.006685256958008,12.06136703491211,0.05468177795410156,False,False
6295-244435-0019_5338-24640-0009:1,5338,17.077198028564453,17.050716400146484,-0.02648162841796875,False,False
777-126732-0032_2035-147961-0022:0,777,11.528640747070312,11.320171356201172,-0.20846939086914062,False,False
777-126732-0032_2035-147961-0022:1,2035,17.044879913330078,17.027835845947266,-0.0170440673828125,False,False
5338-284437-0020_777-126732-0058:0,5338,13.572360038757324,13.65982723236084,0.08746719360351562,False,False
5338-284437-0020_777-126732-0058:1,777,16.212915420532227,16.284147262573242,0.07123184204101562,False,False
2428-83705-0012_1462-170142-0031:0,2428,13.570576667785645,13.404183387756348,-0.16639328002929688,False,False
2428-83705-0012_1462-170142-0031:1,1462,17.07675552368164,17.769527435302734,0.6927719116210938,False,False
6241-61946-0013_2902-9008-0011:0,6241,11.673778533935547,11.562429428100586,-0.11134910583496094,False,False
6241-61946-0013_2902-9008-0011:1,2902,14.675424575805664,14.675640106201172,0.0002155303955078125,False,False
1993-147149-0004_251-137823-0003:0,1993,11.773906707763672,11.463013648986816,-0.31089305877685547,False,False
1993-147149-0004_251-137823-0003:1,251,12.464728355407715,12.482080459594727,0.01735210418701172,False,False
1272-141231-0031_2412-153954-0021:0,1272,20.02737808227539,20.124839782714844,0.09746170043945312,False,False
1272-141231-0031_2412-153954-0021:1,2412,14.577795028686523,14.861572265625,0.28377723693847656,False,False
2035-147960-0012_6345-93302-0027:0,2035,8.34498405456543,6.775382041931152,-1.5696020126342773,False,False
2035-147960-0012_6345-93302-0027:1,6345,9.275654792785645,9.597773551940918,0.32211875915527344,False,False
2277-149897-0006_3081-166546-0031:0,2277,16.976802825927734,17.281909942626953,0.30510711669921875,False,False
2277-149897-0006_3081-166546-0031:1,3081,9.017934799194336,8.462221145629883,-0.5557136535644531,False,False
5694-64029-0003_3576-138058-0012:0,5694,13.00505256652832,12.976707458496094,-0.028345108032226562,False,False
5694-64029-0003_3576-138058-0012:1,3576,15.507741928100586,15.782957077026367,0.27521514892578125,False,False
5536-43363-0007_7976-105575-0009:0,5536,10.947328567504883,10.331268310546875,-0.6160602569580078,False,False
5536-43363-0007_7976-105575-0009:1,7976,13.656350135803223,13.467899322509766,-0.18845081329345703,False,False
652-130737-0013_1462-170145-0016:0,652,17.180147171020508,17.41642951965332,0.2362823486328125,False,False
652-130737-0013_1462-170145-0016:1,1462,12.826671600341797,12.9549560546875,0.12828445434570312,False,False
3170-137482-0009_1673-143397-0010:0,3170,16.615623474121094,16.59064292907715,-0.024980545043945312,False,False
3170-137482-0009_1673-143397-0010:1,1673,16.901832580566406,16.85445213317871,-0.04738044738769531,False,False
3752-4944-0052_1272-128104-0001:0,3752,13.672046661376953,13.578231811523438,-0.09381484985351562,False,False
3752-4944-0052_1272-128104-0001:1,1272,13.493392944335938,12.958340644836426,-0.5350522994995117,False,False
1993-147149-0019_5536-43358-0001:0,1993,16.044355392456055,16.06647491455078,0.022119522094726562,False,False
1993-147149-0019_5536-43358-0001:1,5536,15.405999183654785,15.461854934692383,0.055855751037597656,False,False
5338-284437-0021_3081-166546-0039:0,5338,-9.093085289001465,-10.047415733337402,-0.9543304443359375,True,True
5338-284437-0021_3081-166546-0039:1,3081,7.950882911682129,7.332456111907959,-0.6184267997741699,False,False
1988-147956-0027_6241-66616-0003:0,1988,10.810787200927734,10.889375686645508,0.07858848571777344,False,False
1988-147956-0027_6241-66616-0003:1,6241,16.849193572998047,16.85122299194336,0.0020294189453125,False,False
2803-154320-0012_5536-43363-0002:0,2803,9.161845207214355,8.001431465148926,-1.1604137420654297,False,False
2803-154320-0012_5536-43363-0002:1,5536,8.868118286132812,9.933683395385742,1.0655651092529297,False,False
3170-137482-0016_5895-34622-0001:0,3170,14.521334648132324,14.583708763122559,0.062374114990234375,False,False
3170-137482-0016_5895-34622-0001:1,5895,12.88570785522461,12.983734130859375,0.09802627563476562,False,False
2277-149897-0027_2078-142845-0036:0,2277,19.541946411132812,19.592243194580078,0.050296783447265625,False,False
2277-149897-0027_2078-142845-0036:1,2078,13.482928276062012,13.469637870788574,-0.0132904052734375,False,False
2428-83705-0019_6313-66129-0014:0,2428,17.01299285888672,17.1012020111084,0.08820915222167969,False,False
2428-83705-0019_6313-66129-0014:1,6313,11.6803560256958,11.745749473571777,0.06539344787597656,False,False
84-121550-0027_8297-275156-0010:0,84,19.126110076904297,18.93398666381836,-0.1921234130859375,False,False
84-121550-0027_8297-275156-0010:1,8297,17.941715240478516,17.738561630249023,-0.2031536102294922,False,False
1919-142785-0028_6313-76958-0007:0,1919,14.187305450439453,13.566575050354004,-0.6207304000854492,False,False
1919-142785-0028_6313-76958-0007:1,6313,14.54464054107666,14.288612365722656,-0.2560281753540039,False,False
1993-147149-0028_6319-64726-0016:0,1993,12.473043441772461,11.765172958374023,-0.7078704833984375,False,False
1993-147149-0028_6319-64726-0016:1,6319,7.144352912902832,7.899580001831055,0.7552270889282227,False,False
3576-138058-0038_6319-275224-0002:0,3576,10.454061508178711,13.229066848754883,2.775005340576172,False,False
3576-138058-0038_6319-275224-0002:1,6319,11.639408111572266,10.913533210754395,-0.7258749008178711,False,False
3853-163249-0052_8842-302196-0002:0,3853,12.038073539733887,12.095110893249512,0.057037353515625,False,False
3853-163249-0052_8842-302196-0002:1,8842,-21.552959442138672,-21.788524627685547,-0.235565185546875,True,True
84-121550-0011_6295-244435-0036:0,84,15.75848388671875,15.743158340454102,-0.015325546264648438,False,False
84-121550-0011_6295-244435-0036:1,6295,12.568138122558594,13.501440048217773,0.9333019256591797,False,False
6295-64301-0031_6345-93306-0023:0,6295,15.939952850341797,15.825546264648438,-0.11440658569335938,False,False
6295-64301-0031_6345-93306-0023:1,6345,15.26254940032959,15.29826831817627,0.03571891784667969,False,False
652-130726-0032_422-122949-0026:0,652,7.889186859130859,8.330849647521973,0.4416627883911133,False,False
652-130726-0032_422-122949-0026:1,422,2.7438440322875977,1.6735877990722656,-1.070256233215332,False,False
3081-166546-0006_777-126732-0031:0,3081,6.364344596862793,6.068072319030762,-0.29627227783203125,False,False
3081-166546-0006_777-126732-0031:1,777,10.040042877197266,10.599692344665527,0.5596494674682617,False,False
84-121123-0015_174-168635-0004:0,84,14.106208801269531,14.06533432006836,-0.040874481201171875,False,False
84-121123-0015_174-168635-0004:1,174,9.073060989379883,9.766796112060547,0.6937351226806641,False,False
2277-149896-0027_3752-4944-0031:0,2277,15.577994346618652,15.703879356384277,0.125885009765625,False,False
2277-149896-0027_3752-4944-0031:1,3752,13.029570579528809,13.088104248046875,0.058533668518066406,False,False
777-126732-0047_2803-161169-0004:0,777,10.297562599182129,10.453373908996582,0.15581130981445312,False,False
777-126732-0047_2803-161169-0004:1,2803,13.960002899169922,14.198720932006836,0.23871803283691406,False,False
3081-166546-0012_1462-170142-0000:0,3081,0.17324161529541016,-0.3365621566772461,-0.5098037719726562,False,False
3081-166546-0012_1462-170142-0000:1,1462,11.893031120300293,12.92718505859375,1.034153938293457,False,False
8297-275156-0006_422-122949-0021:0,8297,11.64510440826416,11.179675102233887,-0.46542930603027344,False,False
8297-275156-0006_422-122949-0021:1,422,2.555860996246338,-5.8947906494140625,-8.4506516456604,False,True
8297-275156-0013_6241-66616-0025:0,8297,5.72775936126709,5.995118141174316,0.26735877990722656,False,False
8297-275156-0013_6241-66616-0025:1,6241,13.237916946411133,14.424861907958984,1.1869449615478516,False,False
84-121123-0027_2412-153947-0016:0,84,18.691795349121094,18.610898971557617,-0.08089637756347656,False,False
84-121123-0027_2412-153947-0016:1,2412,15.936835289001465,15.719618797302246,-0.21721649169921875,False,False
2035-147961-0007_6313-76958-0023:0,2035,12.120706558227539,7.952325820922852,-4.1683807373046875,False,False
2035-147961-0007_6313-76958-0023:1,6313,6.933410167694092,9.901344299316406,2.9679341316223145,False,False
8297-275155-0029_3853-163249-0021:0,8297,13.41231918334961,13.403707504272461,-0.008611679077148438,False,False
8297-275155-0029_3853-163249-0021:1,3853,14.413627624511719,14.338459014892578,-0.07516860961914062,False,False
174-168635-0013_3081-166546-0034:0,174,11.553719520568848,11.606339454650879,0.05261993408203125,False,False
174-168635-0013_3081-166546-0034:1,3081,12.695541381835938,13.006068229675293,0.31052684783935547,False,False
2277-149897-0005_3170-137482-0019:0,2277,18.36745834350586,18.350812911987305,-0.016645431518554688,False,False
2277-149897-0005_3170-137482-0019:1,3170,13.497257232666016,13.416784286499023,-0.08047294616699219,False,False
2412-153954-0022_6313-66129-0016:0,2412,12.673784255981445,12.660255432128906,-0.013528823852539062,False,False
2412-153954-0022_6313-66129-0016:1,6313,16.349319458007812,16.288251876831055,-0.06106758117675781,False,False
777-126732-0010_1988-147956-0011:0,777,14.345251083374023,14.508358001708984,0.16310691833496094,False,False
777-126732-0010_1988-147956-0011:1,1988,12.631904602050781,12.97638988494873,0.3444852828979492,False,False
3170-137482-0005_2078-142845-0035:0,3170,16.521331787109375,16.626766204833984,0.10543441772460938,False,False
3170-137482-0005_2078-142845-0035:1,2078,12.876385688781738,11.726101875305176,-1.1502838134765625,False,False
8297-275155-0024_2412-153954-0006:0,8297,18.172910690307617,18.350601196289062,0.1776905059814453,False,False
8297-275155-0024_2412-153954-0006:1,2412,16.369075775146484,16.44529914855957,0.07622337341308594,False,False
3081-166546-0019_3536-23268-0020:0,3081,12.292886734008789,11.49598217010498,-0.7969045639038086,False,False
3081-166546-0019_3536-23268-0020:1,3536,11.541116714477539,11.404438972473145,-0.13667774200439453,False,False
84-121123-0010_2902-9006-0016:0,84,13.795943260192871,13.522692680358887,-0.2732505798339844,False,False
84-121123-0010_2902-9006-0016:1,2902,16.707807540893555,16.964570999145508,0.2567634582519531,False,False
1993-147964-0001_6295-64301-0018:0,1993,17.182600021362305,17.235273361206055,0.05267333984375,False,False
1993-147964-0001_6295-64301-0018:1,6295,16.188318252563477,16.278059005737305,0.08974075317382812,False,False
5338-24615-0012_2035-147960-0011:0,5338,14.565650939941406,14.714032173156738,0.14838123321533203,False,False
5338-24615-0012_2035-147960-0011:1,2035,14.461784362792969,10.974780082702637,-3.487004280090332,False,False
3752-4944-0054_5895-34622-0015:0,3752,16.193504333496094,16.171228408813477,-0.022275924682617188,False,False
3752-4944-0054_5895-34622-0015:1,5895,13.927684783935547,14.010114669799805,0.08242988586425781,False,False
7976-105575-0008_2277-149896-0032:0,7976,-4.112894058227539,0.40435588359832764,4.517249941825867,False,False
7976-105575-0008_2277-149896-0032:1,2277,9.587717056274414,7.41844367980957,-2.1692733764648438,False,False
2035-147961-0004_8297-275155-0014:0,2035,16.858287811279297,16.891132354736328,0.03284454345703125,False,False
2035-147961-0004_8297-275155-0014:1,8297,14.234762191772461,14.242136001586914,0.007373809814453125,False,False
1988-147956-0012_6295-244435-0023:0,1988,13.037420272827148,13.081596374511719,0.04417610168457031,False,False
1988-147956-0012_6295-244435-0023:1,6295,10.207354545593262,10.385202407836914,0.17784786224365234,False,False
3536-8226-0012_2277-149897-0020:0,3536,10.75204849243164,9.809783935546875,-0.9422645568847656,False,False
3536-8226-0012_2277-149897-0020:1,2277,-16.730133056640625,-15.745796203613281,0.9843368530273438,True,True
6241-61943-0014_8297-275154-0025:0,6241,15.333826065063477,15.282235145568848,-0.051590919494628906,False,False
6241-61943-0014_8297-275154-0025:1,8297,11.098861694335938,11.009817123413086,-0.08904457092285156,False,False
7850-286674-0000_2086-149220-0008:0,7850,13.092435836791992,13.157659530639648,0.06522369384765625,False,False
7850-286674-0000_2086-149220-0008:1,2086,17.046070098876953,17.047138214111328,0.001068115234375,False,False
5338-284437-0015_777-126732-0035:0,5338,12.216904640197754,12.362748146057129,0.145843505859375,False,False
5338-284437-0015_777-126732-0035:1,777,14.3014554977417,14.44922161102295,0.14776611328125,False,False
6345-93306-0004_1673-143396-0005:0,6345,-10.979904174804688,-14.065321922302246,-3.0854177474975586,True,True
6345-93306-0004_1673-143396-0005:1,1673,7.713700294494629,15.219635009765625,7.505934715270996,False,False
6295-244435-0035_251-118436-0007:0,6295,-11.613540649414062,-32.183685302734375,-20.570144653320312,True,True
6295-244435-0035_251-118436-0007:1,251,-22.05316925048828,-13.448843002319336,8.604326248168945,True,True
7976-105575-0018_84-121550-0023:0,7976,15.147003173828125,15.13711929321289,-0.009883880615234375,False,False
7976-105575-0018_84-121550-0023:1,84,16.07505226135254,16.322866439819336,0.24781417846679688,False,False
2277-149897-0014_2086-149220-0024:0,2277,13.761541366577148,13.770807266235352,0.009265899658203125,False,False
2277-149897-0014_2086-149220-0024:1,2086,18.183618545532227,18.073719024658203,-0.10989952087402344,False,False
2277-149874-0012_5338-24640-0000:0,2277,15.338022232055664,15.08061408996582,-0.25740814208984375,False,False
2277-149874-0012_5338-24640-0000:1,5338,16.640838623046875,14.308903694152832,-2.331934928894043,False,False
6241-61943-0005_2277-149897-0028:0,6241,13.191457748413086,13.4345064163208,0.24304866790771484,False,False
6241-61943-0005_2277-149897-0028:1,2277,12.982134819030762,13.036559104919434,0.054424285888671875,False,False
5694-64038-0021_2803-154328-0001:0,5694,15.644885063171387,15.41846752166748,-0.22641754150390625,False,False
5694-64038-0021_2803-154328-0001:1,2803,15.59682846069336,15.841692924499512,0.24486446380615234,False,False
1673-143397-0012_6319-57405-0012:0,1673,18.020381927490234,18.125883102416992,0.10550117492675781,False,False
1673-143397-0012_6319-57405-0012:1,6319,12.505021095275879,12.7078218460083,0.20280075073242188,False,False
251-137823-0013_5338-284437-0029:0,251,12.814014434814453,12.74209976196289,-0.0719146728515625,False,False
251-137823-0013_5338-284437-0029:1,5338,16.282426834106445,16.20206069946289,-0.08036613464355469,False,False
3081-166546-0084_2412-153954-0004:0,3081,8.680288314819336,7.997437477111816,-0.6828508377075195,False,False
3081-166546-0084_2412-153954-0004:1,2412,4.059955596923828,4.74373197555542,0.6837763786315918,False,False
8297-275154-0000_5895-34629-0021:0,8297,16.37607192993164,16.404436111450195,0.028364181518554688,False,False
8297-275154-0000_5895-34629-0021:1,5895,16.972309112548828,17.04067611694336,0.06836700439453125,False,False
7850-111771-0009_1272-141231-0022:0,7850,14.355429649353027,14.328266143798828,-0.02716350555419922,False,False
7850-111771-0009_1272-141231-0022:1,1272,12.959342956542969,13.080957412719727,0.12161445617675781,False,False
3752-4944-0034_6319-57405-0004:0,3752,18.432044982910156,18.086719512939453,-0.3453254699707031,False,False
3752-4944-0034_6319-57405-0004:1,6319,10.764866828918457,10.83703899383545,0.07217216491699219,False,False
7850-73752-0016_6295-244435-0033:0,7850,13.812141418457031,14.173816680908203,0.3616752624511719,False,False
7850-73752-0016_6295-244435-0033:1,6295,13.483275413513184,12.569162368774414,-0.9141130447387695,False,False
3853-163249-0023_3536-8226-0023:0,3853,-17.54108428955078,-14.02234172821045,3.518742561340332,True,True
3853-163249-0023_3536-8226-0023:1,3536,16.70652198791504,16.769241333007812,0.06271934509277344,False,False
6241-66616-0005_1988-24833-0005:0,6241,13.245604515075684,13.233261108398438,-0.012343406677246094,False,False
6241-66616-0005_1988-24833-0005:1,1988,13.155820846557617,13.164830207824707,0.009009361267089844,False,False
1462-170142-0040_1988-24833-0020:0,1462,15.950885772705078,16.025922775268555,0.07503700256347656,False,False
1462-170142-0040_1988-24833-0020:1,1988,13.85696029663086,8.038312911987305,-5.818647384643555,False,False
